user_id,book_id,stay_time,scroll_depth,timestamp,purchased,rented,label,title,author,genre,price
91,B2397,109,81,2025-08-13 08:46:32,1,1,1,책 제목 467,히가시노 게이고,로맨스,19472
79,B8173,16,30,2025-08-04 05:49:01,0,0,0,책 제목 852,조정래,SF,16578
71,B8520,144,88,2025-08-24 01:33:45,1,0,1,책 제목 353,공지영,역사,13638
49,B8908,84,38,2025-08-29 01:39:54,0,0,0,책 제목 649,베르나르 베르베르,추리,13454
14,B8910,11,22,2025-08-19 10:13:43,0,0,0,책 제목 723,무라카미 하루키,철학,17678
78,B3976,277,92,2025-08-22 11:48:46,1,0,1,책 제목 711,히가시노 게이고,SF,14061
66,B8116,294,82,2025-08-28 15:38:47,1,1,1,책 제목 963,정세랑,철학,18022
53,B7923,182,86,2025-08-18 08:09:49,1,1,1,책 제목 911,히가시노 게이고,SF,16600
89,B3664,200,78,2025-08-10 03:47:47,1,1,1,책 제목 814,조정래,추리,13775
80,B7459,143,78,2025-08-14 05:57:00,1,0,1,책 제목 60,조정래,에세이,15347
50,B6982,25,0,2025-08-12 08:05:32,0,0,0,책 제목 724,조정래,역사,11620
61,B2734,97,8,2025-08-26 17:10:49,0,0,0,책 제목 900,히가시노 게이고,자기계발,15659
25,B4981,215,82,2025-08-16 09:50:20,1,0,1,책 제목 90,무라카미 하루키,철학,22167
10,B3927,217,79,2025-08-24 08:05:28,1,0,1,책 제목 582,베르나르 베르베르,소설,19497
51,B5374,88,10,2025-08-30 14:30:17,0,0,0,책 제목 782,무라카미 하루키,에세이,14297
31,B5482,19,30,2025-08-17 23:05:44,0,0,0,책 제목 812,히가시노 게이고,소설,19834
85,B8045,199,73,2025-08-29 03:14:25,1,0,1,책 제목 239,한강,SF,18560
47,B6805,121,73,2025-08-20 04:11:11,1,0,1,책 제목 328,히가시노 게이고,자기계발,22771
81,B9412,299,83,2025-08-18 09:13:45,1,0,1,책 제목 621,무라카미 하루키,자기계발,19153
78,B2239,110,92,2025-08-28 13:30:12,1,1,1,책 제목 974,한강,로맨스,13476
29,B6541,224,82,2025-08-04 05:21:35,1,1,1,책 제목 624,조정래,추리,14131
33,B2683,198,89,2025-08-04 23:19:10,1,1,1,책 제목 233,조정래,로맨스,18320
15,B1770,33,46,2025-08-28 09:47:09,0,0,0,책 제목 248,베르나르 베르베르,철학,11138
41,B2167,110,97,2025-08-08 22:24:53,1,1,1,책 제목 698,무라카미 하루키,철학,24312
70,B6797,24,13,2025-08-28 08:30:30,0,0,0,책 제목 191,한강,SF,19508
94,B8565,184,95,2025-08-02 13:33:50,1,0,1,책 제목 189,조정래,로맨스,23528
80,B7074,20,40,2025-08-11 19:51:50,0,0,0,책 제목 361,히가시노 게이고,역사,14314
83,B9476,18,15,2025-08-23 03:31:54,0,0,0,책 제목 513,조정래,자기계발,17283
12,B4650,85,1,2025-08-07 22:45:38,0,0,0,책 제목 620,정세랑,SF,16354
43,B3974,172,98,2025-08-24 02:12:21,1,1,1,책 제목 65,김훈,철학,17786
17,B9114,24,47,2025-08-17 05:57:44,0,0,0,책 제목 664,정세랑,추리,17141
66,B1438,286,73,2025-08-25 21:38:02,1,0,1,책 제목 265,김훈,역사,12555
58,B5491,24,21,2025-08-15 00:55:10,0,0,0,책 제목 620,베르나르 베르베르,추리,10947
63,B8248,8,41,2025-08-21 07:31:29,0,0,0,책 제목 406,공지영,철학,11387
31,B5381,52,24,2025-08-22 01:50:42,0,0,0,책 제목 812,정세랑,역사,19506
75,B1921,219,73,2025-08-06 23:32:51,1,1,1,책 제목 402,조정래,SF,21657
60,B6767,186,72,2025-08-09 17:28:25,1,1,1,책 제목 39,베르나르 베르베르,역사,16040
76,B3360,276,87,2025-08-15 02:20:15,1,0,1,책 제목 299,김훈,에세이,11716
30,B6995,97,41,2025-08-15 12:50:02,0,0,0,책 제목 210,조정래,SF,13793
36,B5136,6,14,2025-08-05 14:15:04,0,0,0,책 제목 717,정세랑,철학,13748
31,B2782,57,14,2025-08-20 09:57:45,0,0,0,책 제목 638,히가시노 게이고,철학,24895
88,B3771,129,94,2025-08-22 03:22:05,1,1,1,책 제목 833,공지영,에세이,17470
49,B3380,35,27,2025-08-28 04:19:39,0,0,0,책 제목 774,김훈,로맨스,10797
30,B2143,287,80,2025-08-14 17:00:46,1,1,1,책 제목 925,한강,로맨스,16036
42,B5531,51,20,2025-08-11 07:46:48,0,0,0,책 제목 677,베르나르 베르베르,자기계발,14673
44,B5551,18,49,2025-08-10 16:38:49,0,0,0,책 제목 807,정세랑,로맨스,23895
75,B8495,243,95,2025-08-21 13:33:59,1,1,1,책 제목 782,한강,역사,13228
1,B5841,226,78,2025-08-04 12:44:22,1,0,1,책 제목 429,공지영,자기계발,13072
29,B8411,191,71,2025-08-12 12:42:41,1,1,1,책 제목 232,무라카미 하루키,역사,15919
36,B3207,31,34,2025-08-07 08:25:23,0,0,0,책 제목 248,조정래,에세이,15292
21,B8597,239,74,2025-08-17 15:00:57,1,1,1,책 제목 488,정세랑,소설,23200
13,B5047,52,20,2025-08-29 07:41:30,0,0,0,책 제목 463,조정래,소설,23043
61,B5165,239,95,2025-08-15 12:46:04,1,1,1,책 제목 277,베르나르 베르베르,로맨스,17783
53,B1033,114,73,2025-08-10 20:59:19,1,0,1,책 제목 399,히가시노 게이고,SF,20860
51,B7568,142,99,2025-08-23 06:33:21,1,1,1,책 제목 107,히가시노 게이고,로맨스,22060
53,B7147,129,83,2025-08-28 13:28:26,1,1,1,책 제목 818,베르나르 베르베르,소설,18787
43,B2263,19,15,2025-08-10 21:41:35,0,0,0,책 제목 944,김훈,추리,23732
69,B8238,237,89,2025-08-30 01:11:47,1,1,1,책 제목 260,김훈,로맨스,13970
90,B9023,10,49,2025-08-19 21:02:49,0,0,0,책 제목 442,히가시노 게이고,소설,24121
3,B2774,92,7,2025-08-04 03:13:24,0,0,0,책 제목 515,무라카미 하루키,철학,13983
97,B9513,77,9,2025-08-28 07:25:51,0,0,0,책 제목 766,히가시노 게이고,로맨스,17248
75,B3027,273,92,2025-08-25 03:49:02,1,0,1,책 제목 927,베르나르 베르베르,소설,10726
88,B5357,69,5,2025-08-22 19:05:45,0,0,0,책 제목 66,한강,SF,10091
54,B5182,38,32,2025-08-15 03:59:39,0,0,0,책 제목 890,한강,역사,15801
17,B2927,22,8,2025-08-05 21:57:12,0,0,0,책 제목 458,공지영,역사,19244
70,B9513,262,81,2025-08-22 18:08:52,1,1,1,책 제목 887,한강,SF,23998
1,B1662,41,49,2025-08-02 19:29:07,0,0,0,책 제목 365,공지영,역사,10641
31,B9971,135,80,2025-08-10 12:42:26,1,1,1,책 제목 8,베르나르 베르베르,철학,22046
53,B1858,191,75,2025-08-29 09:15:50,1,0,1,책 제목 710,히가시노 게이고,소설,21496
67,B9860,266,87,2025-08-17 23:08:09,1,0,1,책 제목 826,히가시노 게이고,SF,12612
42,B4889,213,97,2025-08-27 08:03:39,1,1,1,책 제목 281,히가시노 게이고,자기계발,17697
89,B8322,84,23,2025-08-02 10:06:12,0,0,0,책 제목 111,김훈,철학,24179
37,B2911,25,30,2025-08-20 10:54:31,0,0,0,책 제목 248,김훈,에세이,23336
58,B8106,188,86,2025-08-18 22:12:42,1,0,1,책 제목 544,김훈,추리,19274
9,B1303,260,93,2025-08-25 01:26:48,1,1,1,책 제목 781,베르나르 베르베르,SF,23965
11,B7558,62,33,2025-08-12 14:59:26,0,0,0,책 제목 479,김훈,로맨스,15897
64,B6492,6,1,2025-08-17 04:49:42,0,0,0,책 제목 703,무라카미 하루키,로맨스,16000
50,B6404,294,97,2025-08-27 09:04:02,1,0,1,책 제목 369,정세랑,자기계발,23548
50,B5713,111,88,2025-08-08 03:07:16,1,1,1,책 제목 897,조정래,역사,21307
71,B3575,157,99,2025-08-14 17:33:50,1,0,1,책 제목 731,한강,역사,20152
41,B1272,24,49,2025-08-02 16:15:38,0,0,0,책 제목 841,무라카미 하루키,추리,16200
77,B6096,251,87,2025-08-17 02:32:18,1,1,1,책 제목 92,히가시노 게이고,에세이,14703
38,B2567,142,73,2025-08-24 08:22:17,1,1,1,책 제목 221,공지영,추리,23580
50,B6710,226,84,2025-08-17 20:28:01,1,0,1,책 제목 503,히가시노 게이고,자기계발,10671
82,B8013,77,45,2025-08-21 12:43:19,0,0,0,책 제목 328,히가시노 게이고,소설,16413
87,B6411,257,93,2025-08-21 14:02:19,1,0,1,책 제목 586,히가시노 게이고,SF,14713
61,B1126,66,43,2025-08-17 20:44:42,0,0,0,책 제목 85,한강,소설,15767
45,B4208,281,88,2025-08-14 13:07:53,1,1,1,책 제목 710,베르나르 베르베르,소설,22178
50,B5809,27,6,2025-08-27 20:59:05,0,0,0,책 제목 981,정세랑,추리,13935
74,B7410,41,16,2025-08-23 09:39:33,0,0,0,책 제목 868,공지영,철학,20813
96,B4459,271,85,2025-08-21 15:26:51,1,0,1,책 제목 750,정세랑,역사,23757
18,B4936,36,1,2025-08-16 00:34:31,0,0,0,책 제목 568,무라카미 하루키,추리,11238
47,B1359,51,27,2025-08-26 06:31:24,0,0,0,책 제목 494,공지영,추리,22685
57,B2423,237,87,2025-08-13 16:17:06,1,0,1,책 제목 273,정세랑,SF,15068
55,B4459,294,89,2025-08-06 07:26:59,1,1,1,책 제목 628,히가시노 게이고,자기계발,22028
61,B5774,128,96,2025-08-28 06:49:32,1,0,1,책 제목 53,무라카미 하루키,로맨스,21617
32,B4665,181,71,2025-08-06 03:36:12,1,0,1,책 제목 435,조정래,로맨스,18181
90,B9748,64,20,2025-08-23 20:18:35,0,0,0,책 제목 36,히가시노 게이고,역사,21247
65,B7627,131,73,2025-08-05 07:17:32,1,0,1,책 제목 540,무라카미 하루키,역사,22229
47,B5283,111,71,2025-08-05 01:34:39,1,0,1,책 제목 694,한강,자기계발,22790
74,B5669,257,76,2025-08-08 03:15:29,1,1,1,책 제목 734,조정래,에세이,12403
58,B6193,16,36,2025-08-24 17:22:16,0,0,0,책 제목 703,무라카미 하루키,추리,23334
56,B9133,86,49,2025-08-30 06:24:56,0,0,0,책 제목 107,정세랑,SF,14016
8,B6666,174,87,2025-08-21 13:23:23,1,0,1,책 제목 627,베르나르 베르베르,자기계발,17241
68,B4607,24,37,2025-08-27 15:39:03,0,0,0,책 제목 277,공지영,SF,10636
12,B1508,240,87,2025-08-12 17:02:07,1,1,1,책 제목 84,히가시노 게이고,철학,18684
58,B7737,250,99,2025-08-06 15:59:30,1,0,1,책 제목 608,정세랑,자기계발,12731
71,B8336,160,84,2025-08-26 18:08:20,1,0,1,책 제목 990,무라카미 하루키,추리,14175
97,B8669,48,36,2025-08-30 22:12:41,0,0,0,책 제목 594,정세랑,자기계발,22510
20,B3856,74,4,2025-08-17 23:09:01,0,0,0,책 제목 978,한강,철학,11900
32,B6220,75,7,2025-08-11 03:20:04,0,0,0,책 제목 691,한강,에세이,18680
79,B7028,279,75,2025-08-25 07:25:26,1,1,1,책 제목 399,무라카미 하루키,철학,13081
60,B5746,64,21,2025-08-22 03:02:52,0,0,0,책 제목 625,조정래,추리,14549
59,B2232,258,88,2025-08-22 05:48:15,1,0,1,책 제목 272,베르나르 베르베르,에세이,15953
58,B4827,140,79,2025-08-10 05:21:23,1,1,1,책 제목 710,무라카미 하루키,로맨스,23804
98,B1175,73,9,2025-08-18 06:17:56,0,0,0,책 제목 515,히가시노 게이고,로맨스,23463
4,B2449,251,86,2025-08-23 04:56:36,1,0,1,책 제목 61,정세랑,역사,10147
76,B4434,164,94,2025-08-11 15:35:14,1,0,1,책 제목 393,조정래,에세이,22067
71,B4348,257,83,2025-08-13 23:47:17,1,1,1,책 제목 135,무라카미 하루키,SF,13138
68,B8674,77,42,2025-08-03 01:06:14,0,0,0,책 제목 118,조정래,철학,13956
54,B7232,278,92,2025-08-16 20:05:28,1,0,1,책 제목 35,김훈,소설,19145
46,B3849,90,18,2025-08-19 03:12:52,0,0,0,책 제목 1000,김훈,SF,12907
88,B3493,189,97,2025-08-22 01:48:28,1,0,1,책 제목 596,조정래,에세이,15313
99,B9635,78,30,2025-08-10 23:30:19,0,0,0,책 제목 872,무라카미 하루키,철학,16957
33,B5866,28,16,2025-08-10 03:57:57,0,0,0,책 제목 39,조정래,SF,12628
57,B2405,29,1,2025-08-28 01:38:12,0,0,0,책 제목 840,조정래,SF,22035
28,B3729,284,90,2025-08-04 21:44:22,1,0,1,책 제목 57,정세랑,에세이,15882
22,B5202,38,21,2025-08-21 16:51:42,0,0,0,책 제목 842,공지영,철학,23182
48,B4007,271,70,2025-08-27 20:34:44,1,1,1,책 제목 327,히가시노 게이고,로맨스,19223
15,B5115,285,72,2025-08-30 08:37:35,1,0,1,책 제목 464,조정래,에세이,14804
42,B9694,71,4,2025-08-18 20:16:13,0,0,0,책 제목 230,히가시노 게이고,자기계발,13094
4,B9039,50,30,2025-08-28 11:44:53,0,0,0,책 제목 540,무라카미 하루키,에세이,14231
4,B4249,55,10,2025-08-17 12:55:26,0,0,0,책 제목 54,조정래,에세이,21134
43,B2621,35,32,2025-08-06 04:20:28,0,0,0,책 제목 111,공지영,에세이,21409
29,B6292,218,90,2025-08-11 22:15:31,1,0,1,책 제목 132,히가시노 게이고,소설,13398
1,B2319,67,10,2025-08-26 15:28:30,0,0,0,책 제목 291,히가시노 게이고,소설,22720
95,B4223,58,34,2025-08-15 03:34:53,0,0,0,책 제목 188,공지영,소설,20315
92,B5194,82,26,2025-08-25 10:33:11,0,0,0,책 제목 506,정세랑,추리,13523
12,B4556,136,84,2025-08-20 20:31:39,1,0,1,책 제목 702,조정래,소설,24051
13,B1381,272,91,2025-08-01 20:01:35,1,0,1,책 제목 4,무라카미 하루키,소설,17620
92,B8105,15,29,2025-08-07 14:33:39,0,0,0,책 제목 340,정세랑,추리,10964
100,B1649,214,81,2025-08-07 22:05:04,1,0,1,책 제목 2,한강,자기계발,15518
23,B8758,118,92,2025-08-05 11:11:33,1,1,1,책 제목 938,한강,로맨스,19077
19,B1737,148,97,2025-08-12 10:05:53,1,1,1,책 제목 397,김훈,철학,15051
77,B5382,109,85,2025-08-23 01:15:50,1,1,1,책 제목 737,베르나르 베르베르,추리,18592
84,B3423,284,74,2025-08-29 19:01:22,1,0,1,책 제목 403,조정래,역사,15626
93,B3336,50,7,2025-08-28 07:27:44,0,0,0,책 제목 21,공지영,추리,18424
30,B3481,270,72,2025-08-08 10:30:13,1,0,1,책 제목 759,히가시노 게이고,철학,12953
48,B5506,61,30,2025-08-18 04:40:19,0,0,0,책 제목 993,정세랑,자기계발,13516
11,B9155,89,8,2025-08-13 19:03:11,0,0,0,책 제목 135,공지영,소설,13749
70,B9354,112,70,2025-08-25 18:04:17,1,1,1,책 제목 208,정세랑,에세이,23757
76,B7479,83,15,2025-08-30 18:23:22,0,0,0,책 제목 414,조정래,철학,23927
47,B9023,174,73,2025-08-21 17:43:42,1,0,1,책 제목 795,한강,철학,18837
28,B3909,30,38,2025-08-17 01:02:03,0,0,0,책 제목 364,베르나르 베르베르,역사,19314
12,B6578,90,16,2025-08-19 22:04:45,0,0,0,책 제목 40,한강,로맨스,11741
86,B7309,88,25,2025-08-17 09:59:11,0,0,0,책 제목 573,김훈,역사,12770
48,B6227,181,84,2025-08-30 21:01:38,1,1,1,책 제목 301,무라카미 하루키,철학,20380
42,B1160,41,49,2025-08-15 22:59:08,0,0,0,책 제목 768,베르나르 베르베르,소설,12416
11,B6926,65,39,2025-08-05 23:27:17,0,0,0,책 제목 481,한강,자기계발,24231
28,B3458,19,35,2025-08-27 08:15:58,0,0,0,책 제목 462,공지영,역사,17492
76,B9567,64,42,2025-08-09 04:14:03,0,0,0,책 제목 663,무라카미 하루키,로맨스,17308
43,B5547,81,35,2025-08-13 05:15:52,0,0,0,책 제목 640,히가시노 게이고,철학,19390
82,B7965,84,9,2025-08-07 00:28:32,0,0,0,책 제목 163,히가시노 게이고,추리,23503
36,B8286,34,25,2025-08-18 02:29:35,0,0,0,책 제목 292,정세랑,SF,21980
73,B9755,263,87,2025-08-21 12:36:55,1,1,1,책 제목 493,조정래,SF,17555
57,B7726,75,4,2025-08-09 06:54:47,0,0,0,책 제목 588,공지영,소설,24278
46,B6151,123,87,2025-08-19 19:19:37,1,1,1,책 제목 826,무라카미 하루키,로맨스,14456
7,B9182,66,28,2025-08-01 01:00:26,0,0,0,책 제목 706,한강,소설,14016
74,B6060,183,93,2025-08-27 20:42:09,1,1,1,책 제목 812,한강,소설,17941
21,B9160,116,80,2025-08-13 17:10:57,1,1,1,책 제목 833,정세랑,역사,15366
9,B3103,266,92,2025-08-29 02:34:22,1,1,1,책 제목 12,히가시노 게이고,로맨스,10146
3,B8960,171,97,2025-08-29 15:29:28,1,0,1,책 제목 144,조정래,역사,15776
17,B8681,94,19,2025-08-24 15:28:16,0,0,0,책 제목 979,공지영,역사,20307
26,B3467,144,95,2025-08-09 05:07:42,1,0,1,책 제목 443,베르나르 베르베르,역사,24870
72,B9622,27,17,2025-08-16 04:41:36,0,0,0,책 제목 249,한강,역사,12338
27,B5314,270,99,2025-08-13 06:12:45,1,1,1,책 제목 910,한강,철학,18069
61,B3613,76,47,2025-08-16 07:45:21,0,0,0,책 제목 953,정세랑,소설,12739
96,B9870,136,77,2025-08-01 00:02:06,1,1,1,책 제목 620,공지영,에세이,13177
63,B3953,61,42,2025-08-13 18:14:51,0,0,0,책 제목 769,히가시노 게이고,철학,21239
17,B8386,11,44,2025-08-13 11:31:30,0,0,0,책 제목 270,공지영,소설,11618
4,B9507,28,0,2025-08-20 17:28:11,0,0,0,책 제목 490,히가시노 게이고,철학,14939
61,B6019,203,93,2025-08-21 15:30:02,1,1,1,책 제목 813,히가시노 게이고,소설,14891
40,B2034,71,21,2025-08-19 18:11:46,0,0,0,책 제목 400,베르나르 베르베르,SF,23771
18,B2945,259,79,2025-08-17 04:49:17,1,1,1,책 제목 967,한강,철학,14729
22,B9972,72,19,2025-08-10 05:19:07,0,0,0,책 제목 64,공지영,자기계발,20135
99,B2884,19,16,2025-08-19 01:08:04,0,0,0,책 제목 868,히가시노 게이고,자기계발,24225
73,B2908,34,11,2025-08-08 22:46:03,0,0,0,책 제목 300,조정래,로맨스,10818
84,B2157,31,37,2025-08-04 03:58:17,0,0,0,책 제목 438,히가시노 게이고,추리,24009
100,B8269,207,70,2025-08-12 18:03:36,1,0,1,책 제목 148,조정래,자기계발,10285
22,B2059,200,91,2025-08-18 14:55:34,1,1,1,책 제목 16,정세랑,소설,12587
73,B3000,10,0,2025-08-02 16:07:34,0,0,0,책 제목 730,한강,에세이,14025
90,B6710,41,12,2025-08-01 13:51:32,0,0,0,책 제목 994,무라카미 하루키,자기계발,11369
57,B1291,76,42,2025-08-11 11:21:30,0,0,0,책 제목 235,공지영,역사,22589
71,B4038,208,96,2025-08-19 11:24:06,1,0,1,책 제목 684,베르나르 베르베르,소설,10615
52,B5784,252,73,2025-08-15 09:39:20,1,0,1,책 제목 744,히가시노 게이고,소설,10249
31,B2334,250,95,2025-08-24 03:16:54,1,1,1,책 제목 486,히가시노 게이고,추리,10508
61,B2504,26,23,2025-08-23 05:38:17,0,0,0,책 제목 709,공지영,추리,16721
10,B2979,35,22,2025-08-20 09:34:39,0,0,0,책 제목 223,정세랑,역사,10403
49,B2653,203,88,2025-08-19 20:09:41,1,0,1,책 제목 692,무라카미 하루키,추리,20818
11,B7926,257,98,2025-08-14 02:19:25,1,0,1,책 제목 575,무라카미 하루키,자기계발,13444
74,B4140,65,16,2025-08-03 18:45:46,0,0,0,책 제목 890,김훈,철학,22613
79,B6725,31,17,2025-08-15 02:18:15,0,0,0,책 제목 590,정세랑,자기계발,12249
78,B3468,102,78,2025-08-01 15:43:55,1,0,1,책 제목 751,공지영,에세이,12123
38,B5109,57,38,2025-08-04 16:27:37,0,0,0,책 제목 109,공지영,자기계발,19666
62,B8948,58,39,2025-08-30 20:45:09,0,0,0,책 제목 713,조정래,소설,15969
48,B5055,195,99,2025-08-10 08:35:24,1,1,1,책 제목 632,무라카미 하루키,SF,10490
8,B2306,289,77,2025-08-01 06:27:27,1,0,1,책 제목 46,조정래,역사,17916
49,B4153,51,22,2025-08-18 06:38:57,0,0,0,책 제목 338,베르나르 베르베르,철학,16457
98,B9993,8,28,2025-08-21 19:02:18,0,0,0,책 제목 948,무라카미 하루키,로맨스,18792
36,B6520,143,77,2025-08-08 10:13:41,1,1,1,책 제목 35,베르나르 베르베르,철학,18210
79,B5067,210,88,2025-08-08 19:51:36,1,0,1,책 제목 999,히가시노 게이고,역사,12207
51,B3541,21,27,2025-08-04 05:25:47,0,0,0,책 제목 384,히가시노 게이고,로맨스,10405
6,B2373,84,21,2025-08-08 03:30:23,0,0,0,책 제목 900,한강,추리,10818
44,B1558,56,44,2025-08-29 18:18:04,0,0,0,책 제목 503,베르나르 베르베르,로맨스,23331
50,B9982,122,94,2025-08-22 21:43:48,1,1,1,책 제목 533,공지영,SF,10060
41,B3312,137,82,2025-08-14 22:15:58,1,1,1,책 제목 927,공지영,SF,23102
71,B6617,71,9,2025-08-09 19:54:17,0,0,0,책 제목 195,한강,자기계발,16327
18,B7421,24,40,2025-08-06 14:38:36,0,0,0,책 제목 537,공지영,로맨스,16507
23,B7081,252,81,2025-08-28 13:22:12,1,0,1,책 제목 343,한강,철학,14399
87,B7122,35,45,2025-08-16 13:42:40,0,0,0,책 제목 765,베르나르 베르베르,로맨스,21346
16,B9133,120,72,2025-08-23 20:46:48,1,1,1,책 제목 506,한강,로맨스,21892
94,B6266,7,37,2025-08-23 11:03:12,0,0,0,책 제목 741,정세랑,로맨스,11067
48,B7716,84,45,2025-08-09 10:47:50,0,0,0,책 제목 391,한강,에세이,13443
2,B1789,119,81,2025-08-24 05:35:38,1,0,1,책 제목 278,정세랑,소설,10956
46,B9123,224,86,2025-08-21 15:38:12,1,1,1,책 제목 38,공지영,SF,20891
55,B6512,67,8,2025-08-13 21:39:24,0,0,0,책 제목 50,공지영,역사,15799
86,B6160,31,48,2025-08-07 11:44:03,0,0,0,책 제목 689,김훈,에세이,11111
87,B4518,126,82,2025-08-07 22:36:32,1,0,1,책 제목 596,한강,에세이,12462
22,B8707,31,25,2025-08-26 00:36:22,0,0,0,책 제목 497,조정래,역사,23737
8,B8889,207,80,2025-08-29 16:51:28,1,0,1,책 제목 272,베르나르 베르베르,SF,21715
26,B3649,205,87,2025-08-24 20:14:06,1,1,1,책 제목 734,김훈,SF,11447
66,B3932,51,5,2025-08-30 18:33:15,0,0,0,책 제목 389,무라카미 하루키,자기계발,20823
100,B6354,297,74,2025-08-01 01:47:44,1,0,1,책 제목 788,김훈,역사,10178
59,B6426,88,47,2025-08-12 10:29:27,0,0,0,책 제목 721,한강,소설,16947
98,B2048,286,79,2025-08-01 18:22:30,1,0,1,책 제목 951,히가시노 게이고,자기계발,15392
19,B4414,153,95,2025-08-17 08:54:26,1,0,1,책 제목 837,조정래,로맨스,11895
86,B5612,156,77,2025-08-06 22:51:05,1,1,1,책 제목 941,무라카미 하루키,역사,15693
79,B1898,236,77,2025-08-19 13:37:23,1,1,1,책 제목 272,공지영,자기계발,21994
5,B3089,289,87,2025-08-07 06:27:36,1,0,1,책 제목 487,공지영,로맨스,17790
9,B8593,222,90,2025-08-26 22:02:12,1,1,1,책 제목 952,한강,자기계발,12800
14,B1533,259,75,2025-08-23 02:15:11,1,0,1,책 제목 488,베르나르 베르베르,추리,15285
21,B7183,75,9,2025-08-15 22:42:58,0,0,0,책 제목 538,무라카미 하루키,소설,14408
89,B5954,12,2,2025-08-19 07:38:36,0,0,0,책 제목 719,정세랑,철학,15387
52,B7339,70,49,2025-08-09 22:21:08,0,0,0,책 제목 481,베르나르 베르베르,에세이,15088
18,B8144,75,6,2025-08-19 16:11:51,0,0,0,책 제목 740,조정래,에세이,15455
49,B7525,250,93,2025-08-30 04:01:47,1,1,1,책 제목 404,한강,로맨스,18652
91,B2979,65,7,2025-08-14 02:20:14,0,0,0,책 제목 636,정세랑,역사,18744
1,B3995,211,94,2025-08-01 18:23:54,1,0,1,책 제목 976,베르나르 베르베르,추리,17186
48,B3398,72,35,2025-08-03 07:31:39,0,0,0,책 제목 199,정세랑,자기계발,12488
22,B4878,223,79,2025-08-03 13:54:26,1,0,1,책 제목 925,공지영,로맨스,14752
78,B1605,180,91,2025-08-16 16:44:16,1,0,1,책 제목 691,김훈,에세이,13968
64,B4854,179,91,2025-08-20 07:40:11,1,0,1,책 제목 729,한강,철학,12720
66,B7268,279,86,2025-08-19 20:24:22,1,1,1,책 제목 862,조정래,자기계발,14298
45,B9249,27,9,2025-08-05 19:29:54,0,0,0,책 제목 310,김훈,에세이,17570
25,B6188,5,11,2025-08-12 21:58:36,0,0,0,책 제목 274,히가시노 게이고,SF,19057
36,B8798,23,41,2025-08-03 16:55:25,0,0,0,책 제목 63,공지영,역사,24456
52,B2886,51,4,2025-08-09 18:36:41,0,0,0,책 제목 901,한강,철학,23091
12,B9861,223,98,2025-08-21 17:15:46,1,1,1,책 제목 513,베르나르 베르베르,로맨스,13982
45,B1864,76,37,2025-08-22 09:28:43,0,0,0,책 제목 62,히가시노 게이고,SF,15291
54,B3397,76,31,2025-08-22 05:54:07,0,0,0,책 제목 35,히가시노 게이고,에세이,24441
61,B3814,194,83,2025-08-27 03:42:56,1,0,1,책 제목 702,정세랑,자기계발,19325
71,B1796,111,95,2025-08-01 14:22:25,1,0,1,책 제목 765,정세랑,역사,20160
31,B5764,294,77,2025-08-26 23:50:46,1,1,1,책 제목 91,김훈,에세이,19165
100,B1424,62,10,2025-08-18 13:49:20,0,0,0,책 제목 654,공지영,추리,20260
94,B3383,124,90,2025-08-30 16:31:19,1,1,1,책 제목 253,한강,역사,19080
72,B3185,33,16,2025-08-01 02:43:15,0,0,0,책 제목 310,무라카미 하루키,역사,13052
60,B2243,17,11,2025-08-22 10:42:27,0,0,0,책 제목 652,정세랑,추리,21825
8,B9961,77,29,2025-08-29 11:58:41,0,0,0,책 제목 611,한강,로맨스,18408
55,B3953,56,10,2025-08-25 03:06:02,0,0,0,책 제목 649,조정래,자기계발,22429
36,B9189,6,41,2025-08-23 16:31:39,0,0,0,책 제목 534,한강,소설,10071
28,B2643,183,91,2025-08-24 15:35:38,1,0,1,책 제목 631,무라카미 하루키,추리,15658
37,B5209,8,12,2025-08-03 22:56:56,0,0,0,책 제목 850,정세랑,에세이,18289
55,B5196,178,84,2025-08-24 19:36:37,1,0,1,책 제목 209,공지영,자기계발,16414
82,B9627,51,25,2025-08-03 03:36:24,0,0,0,책 제목 387,베르나르 베르베르,로맨스,17460
13,B6903,14,42,2025-08-25 22:45:34,0,0,0,책 제목 218,무라카미 하루키,소설,15330
98,B9102,243,73,2025-08-04 16:01:55,1,0,1,책 제목 404,공지영,SF,18356
80,B7315,272,71,2025-08-12 09:38:52,1,1,1,책 제목 264,베르나르 베르베르,철학,21836
79,B6444,52,22,2025-08-25 04:56:29,0,0,0,책 제목 631,한강,에세이,20252
99,B1783,286,95,2025-08-09 09:32:51,1,1,1,책 제목 121,한강,추리,19082
29,B9287,16,7,2025-08-20 12:05:24,0,0,0,책 제목 313,김훈,철학,20345
77,B8005,22,8,2025-08-15 12:25:04,0,0,0,책 제목 117,히가시노 게이고,소설,11951
69,B8450,119,96,2025-08-14 10:15:17,1,0,1,책 제목 688,조정래,소설,12195
22,B4745,254,78,2025-08-23 14:48:29,1,1,1,책 제목 670,조정래,자기계발,13748
78,B1974,81,8,2025-08-20 22:51:47,0,0,0,책 제목 610,김훈,자기계발,23387
96,B8489,222,80,2025-08-21 22:07:22,1,1,1,책 제목 667,베르나르 베르베르,에세이,15663
40,B7408,212,71,2025-08-08 22:49:36,1,0,1,책 제목 978,조정래,에세이,15423
10,B8320,138,88,2025-08-27 10:05:02,1,0,1,책 제목 568,조정래,소설,22254
8,B3867,40,5,2025-08-24 18:29:40,0,0,0,책 제목 264,조정래,자기계발,10716
81,B7146,146,92,2025-08-01 21:21:38,1,0,1,책 제목 996,히가시노 게이고,추리,23331
14,B4961,164,80,2025-08-25 11:00:13,1,1,1,책 제목 599,정세랑,로맨스,19074
13,B6573,48,45,2025-08-10 21:40:56,0,0,0,책 제목 752,베르나르 베르베르,자기계발,17689
80,B2157,205,94,2025-08-18 01:39:24,1,1,1,책 제목 71,김훈,SF,10581
23,B8759,112,83,2025-08-14 00:13:14,1,1,1,책 제목 567,김훈,철학,11136
57,B2019,29,22,2025-08-02 10:13:02,0,0,0,책 제목 997,히가시노 게이고,자기계발,14330
61,B2521,107,76,2025-08-16 17:14:57,1,1,1,책 제목 636,김훈,자기계발,17170
33,B3462,58,13,2025-08-16 07:45:09,0,0,0,책 제목 488,한강,소설,21213
95,B2590,276,73,2025-08-05 17:53:15,1,0,1,책 제목 320,조정래,철학,24780
78,B5696,10,12,2025-08-12 22:47:49,0,0,0,책 제목 233,무라카미 하루키,역사,13089
91,B6578,226,85,2025-08-14 15:39:40,1,0,1,책 제목 384,한강,역사,23667
78,B4486,150,79,2025-08-27 04:36:30,1,1,1,책 제목 358,무라카미 하루키,로맨스,17994
10,B9246,122,87,2025-08-25 08:37:17,1,1,1,책 제목 45,한강,소설,23680
35,B4497,184,83,2025-08-18 18:07:06,1,0,1,책 제목 669,공지영,철학,14530
2,B2243,134,75,2025-08-17 01:16:20,1,0,1,책 제목 818,김훈,SF,22020
98,B5826,114,82,2025-08-17 11:57:52,1,1,1,책 제목 699,정세랑,철학,18006
99,B5396,124,83,2025-08-23 03:09:22,1,1,1,책 제목 517,조정래,로맨스,18307
16,B4814,38,40,2025-08-18 12:33:13,0,0,0,책 제목 840,정세랑,SF,22921
60,B7848,131,71,2025-08-06 20:32:30,1,0,1,책 제목 523,히가시노 게이고,철학,17239
28,B3685,20,22,2025-08-05 06:28:13,0,0,0,책 제목 386,공지영,철학,15307
13,B9904,241,87,2025-08-10 21:57:06,1,1,1,책 제목 985,무라카미 하루키,추리,21381
82,B2712,104,70,2025-08-02 18:29:59,1,1,1,책 제목 803,무라카미 하루키,소설,14555
62,B9998,40,11,2025-08-13 20:15:36,0,0,0,책 제목 224,김훈,자기계발,19470
11,B8225,93,25,2025-08-30 04:51:02,0,0,0,책 제목 55,무라카미 하루키,추리,17846
40,B6068,152,78,2025-08-25 22:31:37,1,0,1,책 제목 840,김훈,로맨스,13507
95,B5830,10,6,2025-08-06 02:10:44,0,0,0,책 제목 925,조정래,SF,16708
58,B8161,34,21,2025-08-17 18:24:10,0,0,0,책 제목 271,무라카미 하루키,에세이,18950
57,B9975,168,97,2025-08-08 01:09:46,1,1,1,책 제목 335,김훈,소설,24407
37,B9811,178,91,2025-08-25 05:00:35,1,0,1,책 제목 59,히가시노 게이고,철학,24939
9,B7925,34,21,2025-08-11 15:02:44,0,0,0,책 제목 328,김훈,소설,18907
22,B4439,121,80,2025-08-19 12:25:08,1,1,1,책 제목 440,김훈,자기계발,11724
10,B3072,75,27,2025-08-16 10:15:07,0,0,0,책 제목 193,조정래,로맨스,13325
38,B7843,41,29,2025-08-06 14:55:14,0,0,0,책 제목 681,무라카미 하루키,소설,21700
13,B1464,82,32,2025-08-01 12:43:27,0,0,0,책 제목 806,한강,역사,19609
69,B4321,161,94,2025-08-02 06:25:56,1,0,1,책 제목 787,김훈,자기계발,12693
71,B1752,10,22,2025-08-22 20:26:27,0,0,0,책 제목 431,김훈,SF,18861
13,B2021,157,83,2025-08-08 22:08:14,1,0,1,책 제목 620,무라카미 하루키,SF,24062
24,B2264,298,86,2025-08-01 21:58:03,1,1,1,책 제목 84,정세랑,에세이,11875
82,B4771,18,14,2025-08-14 22:37:36,0,0,0,책 제목 721,히가시노 게이고,역사,11176
6,B7482,197,82,2025-08-15 07:28:50,1,1,1,책 제목 719,공지영,추리,14857
100,B3212,20,16,2025-08-09 22:14:39,0,0,0,책 제목 363,무라카미 하루키,철학,12423
61,B9658,163,99,2025-08-16 20:12:02,1,1,1,책 제목 885,공지영,자기계발,12763
23,B7331,219,83,2025-08-18 12:12:40,1,1,1,책 제목 143,공지영,철학,14260
83,B2347,180,86,2025-08-15 08:59:28,1,0,1,책 제목 407,히가시노 게이고,소설,13935
45,B6632,284,76,2025-08-16 19:47:03,1,0,1,책 제목 189,김훈,추리,16638
36,B5527,96,22,2025-08-12 18:17:34,0,0,0,책 제목 222,김훈,에세이,10108
39,B4967,55,17,2025-08-25 09:08:59,0,0,0,책 제목 918,조정래,철학,21279
79,B1733,42,23,2025-08-20 09:47:30,0,0,0,책 제목 297,베르나르 베르베르,추리,24601
38,B4205,257,93,2025-08-01 18:47:22,1,0,1,책 제목 401,한강,로맨스,18173
99,B5869,267,97,2025-08-06 16:07:22,1,0,1,책 제목 212,정세랑,자기계발,11704
83,B6998,124,73,2025-08-06 09:43:30,1,0,1,책 제목 299,히가시노 게이고,자기계발,10232
49,B5697,57,44,2025-08-16 06:09:15,0,0,0,책 제목 503,정세랑,에세이,11548
15,B3772,52,14,2025-08-28 00:14:57,0,0,0,책 제목 891,조정래,로맨스,23288
30,B4250,259,95,2025-08-03 09:22:28,1,1,1,책 제목 201,무라카미 하루키,자기계발,13924
48,B2857,270,79,2025-08-06 04:37:05,1,0,1,책 제목 47,김훈,에세이,22241
74,B6110,21,28,2025-08-17 21:57:13,0,0,0,책 제목 516,조정래,에세이,16213
17,B7905,21,29,2025-08-27 21:00:18,0,0,0,책 제목 498,한강,소설,15398
53,B2409,84,30,2025-08-18 21:14:48,0,0,0,책 제목 272,히가시노 게이고,소설,16622
9,B8234,79,44,2025-08-03 09:20:22,0,0,0,책 제목 517,베르나르 베르베르,소설,18649
44,B6013,211,83,2025-08-03 22:39:31,1,0,1,책 제목 822,공지영,소설,12936
97,B2250,34,49,2025-08-12 14:14:35,0,0,0,책 제목 322,한강,철학,19244
25,B9845,16,22,2025-08-15 10:02:29,0,0,0,책 제목 588,한강,소설,16005
14,B8905,129,72,2025-08-11 02:32:52,1,1,1,책 제목 963,무라카미 하루키,SF,24340
92,B6446,172,71,2025-08-18 19:21:50,1,1,1,책 제목 501,정세랑,로맨스,21185
36,B2980,169,89,2025-08-26 07:04:14,1,1,1,책 제목 449,무라카미 하루키,철학,13406
91,B2156,168,73,2025-08-19 23:54:09,1,0,1,책 제목 192,베르나르 베르베르,자기계발,21443
52,B4829,209,89,2025-08-25 02:15:42,1,0,1,책 제목 383,한강,자기계발,19517
93,B7687,21,8,2025-08-20 20:39:08,0,0,0,책 제목 526,히가시노 게이고,자기계발,24688
93,B5375,235,90,2025-08-21 22:36:17,1,1,1,책 제목 4,무라카미 하루키,소설,10963
63,B1970,12,39,2025-08-13 05:28:00,0,0,0,책 제목 755,한강,로맨스,24881
8,B6741,297,74,2025-08-05 21:00:40,1,1,1,책 제목 902,김훈,SF,19504
51,B7680,33,49,2025-08-17 15:54:01,0,0,0,책 제목 80,김훈,철학,13435
17,B5040,60,9,2025-08-27 15:36:51,0,0,0,책 제목 385,조정래,자기계발,21880
50,B1916,84,35,2025-08-18 23:35:49,0,0,0,책 제목 235,김훈,로맨스,10838
99,B4624,220,71,2025-08-21 03:31:27,1,1,1,책 제목 388,정세랑,로맨스,11778
24,B5894,230,86,2025-08-09 22:05:46,1,1,1,책 제목 495,공지영,로맨스,20352
60,B3332,99,43,2025-08-02 12:18:17,0,0,0,책 제목 564,김훈,자기계발,24142
90,B1057,287,81,2025-08-01 02:12:47,1,1,1,책 제목 47,무라카미 하루키,추리,22415
88,B4655,217,84,2025-08-19 05:51:57,1,0,1,책 제목 573,베르나르 베르베르,소설,14507
86,B4241,43,12,2025-08-28 10:08:40,0,0,0,책 제목 777,공지영,자기계발,24136
71,B4909,124,91,2025-08-01 11:40:56,1,0,1,책 제목 393,김훈,에세이,12679
91,B9352,96,34,2025-08-11 02:16:29,0,0,0,책 제목 86,정세랑,로맨스,18718
1,B7149,198,95,2025-08-01 05:32:55,1,1,1,책 제목 64,정세랑,추리,20339
77,B5133,158,76,2025-08-12 16:21:00,1,1,1,책 제목 555,무라카미 하루키,로맨스,13968
93,B4986,18,37,2025-08-10 06:41:20,0,0,0,책 제목 44,한강,소설,12511
27,B8925,59,4,2025-08-07 12:12:27,0,0,0,책 제목 362,베르나르 베르베르,로맨스,10908
18,B8423,117,95,2025-08-23 09:26:30,1,1,1,책 제목 769,공지영,로맨스,16396
64,B7609,59,8,2025-08-26 00:46:06,0,0,0,책 제목 535,히가시노 게이고,로맨스,13123
53,B8256,107,93,2025-08-12 05:13:31,1,1,1,책 제목 492,무라카미 하루키,추리,10475
14,B6302,104,98,2025-08-16 11:34:42,1,1,1,책 제목 869,베르나르 베르베르,SF,21911
13,B3913,97,41,2025-08-06 04:26:53,0,0,0,책 제목 732,조정래,SF,18943
66,B2636,61,26,2025-08-03 15:46:42,0,0,0,책 제목 629,한강,에세이,24863
55,B9405,15,31,2025-08-07 06:00:27,0,0,0,책 제목 438,무라카미 하루키,SF,10666
76,B3809,160,98,2025-08-21 10:25:20,1,0,1,책 제목 411,정세랑,소설,21590
27,B3858,174,85,2025-08-16 18:10:25,1,1,1,책 제목 849,조정래,소설,22770
42,B1358,67,19,2025-08-20 16:53:44,0,0,0,책 제목 319,정세랑,에세이,18459
55,B1235,148,83,2025-08-28 06:32:46,1,0,1,책 제목 477,한강,철학,13486
24,B2346,163,94,2025-08-28 10:31:30,1,1,1,책 제목 624,한강,자기계발,13556
9,B3618,82,11,2025-08-13 15:49:13,0,0,0,책 제목 647,공지영,로맨스,18376
65,B9642,189,83,2025-08-29 16:03:34,1,1,1,책 제목 6,공지영,로맨스,12872
46,B3525,246,96,2025-08-14 15:59:48,1,0,1,책 제목 590,베르나르 베르베르,로맨스,24177
88,B4867,26,7,2025-08-13 03:32:00,0,0,0,책 제목 415,한강,로맨스,22073
9,B6839,252,76,2025-08-27 12:13:55,1,1,1,책 제목 715,조정래,SF,15690
91,B2760,195,89,2025-08-27 16:41:21,1,0,1,책 제목 851,한강,역사,21594
52,B9431,73,42,2025-08-01 20:45:23,0,0,0,책 제목 221,히가시노 게이고,철학,17226
81,B3462,28,26,2025-08-14 01:47:16,0,0,0,책 제목 753,김훈,추리,23285
16,B6316,84,18,2025-08-25 23:38:34,0,0,0,책 제목 432,조정래,역사,17641
82,B2867,50,30,2025-08-03 04:45:37,0,0,0,책 제목 59,무라카미 하루키,추리,23560
50,B1727,92,30,2025-08-27 21:15:36,0,0,0,책 제목 687,무라카미 하루키,자기계발,24925
24,B4786,49,5,2025-08-30 02:52:42,0,0,0,책 제목 21,조정래,로맨스,19981
34,B3523,174,94,2025-08-20 10:12:12,1,1,1,책 제목 770,한강,에세이,12597
87,B7266,280,83,2025-08-07 12:01:33,1,1,1,책 제목 856,정세랑,로맨스,12104
59,B7447,68,3,2025-08-26 20:50:04,0,0,0,책 제목 439,조정래,추리,20666
30,B9374,280,77,2025-08-11 13:32:23,1,1,1,책 제목 735,무라카미 하루키,로맨스,23379
24,B9823,221,70,2025-08-17 08:46:07,1,1,1,책 제목 608,공지영,추리,22886
70,B9853,209,89,2025-08-23 20:25:24,1,0,1,책 제목 421,히가시노 게이고,로맨스,24743
32,B4162,182,96,2025-08-06 08:52:17,1,0,1,책 제목 690,한강,로맨스,15776
76,B5592,191,79,2025-08-13 13:27:24,1,0,1,책 제목 713,정세랑,역사,16677
20,B6869,118,98,2025-08-03 21:04:43,1,0,1,책 제목 562,히가시노 게이고,역사,15301
22,B6480,98,25,2025-08-10 09:40:25,0,0,0,책 제목 34,공지영,에세이,24108
45,B4119,79,28,2025-08-28 05:16:49,0,0,0,책 제목 963,베르나르 베르베르,자기계발,19212
50,B9987,268,76,2025-08-01 12:33:52,1,0,1,책 제목 311,베르나르 베르베르,소설,14624
62,B3366,116,88,2025-08-11 07:04:57,1,0,1,책 제목 575,김훈,소설,20859
78,B9956,298,88,2025-08-21 22:01:57,1,0,1,책 제목 954,무라카미 하루키,소설,13768
3,B4153,175,80,2025-08-24 11:39:04,1,0,1,책 제목 949,김훈,자기계발,24609
81,B6506,111,87,2025-08-05 17:10:27,1,1,1,책 제목 927,한강,에세이,24069
42,B9521,156,92,2025-08-17 19:22:17,1,1,1,책 제목 684,김훈,소설,16324
29,B7894,287,82,2025-08-12 13:39:14,1,0,1,책 제목 530,김훈,추리,23482
72,B3611,158,80,2025-08-09 21:17:56,1,1,1,책 제목 579,김훈,로맨스,11913
80,B4568,251,98,2025-08-08 20:34:01,1,0,1,책 제목 46,조정래,소설,12090
96,B7502,37,0,2025-08-01 19:23:55,0,0,0,책 제목 26,김훈,철학,24853
44,B1690,200,87,2025-08-29 04:34:38,1,0,1,책 제목 363,김훈,역사,17933
15,B8126,63,5,2025-08-18 18:18:30,0,0,0,책 제목 536,무라카미 하루키,에세이,18895
53,B7650,289,89,2025-08-22 13:54:05,1,0,1,책 제목 179,공지영,추리,14820
80,B2186,128,73,2025-08-19 00:23:37,1,1,1,책 제목 401,히가시노 게이고,SF,16327
52,B7040,51,12,2025-08-25 19:15:36,0,0,0,책 제목 846,무라카미 하루키,소설,18001
92,B1295,129,94,2025-08-04 10:44:43,1,0,1,책 제목 159,정세랑,로맨스,12017
58,B9790,268,74,2025-08-14 21:54:20,1,0,1,책 제목 492,공지영,자기계발,21606
85,B1701,166,88,2025-08-21 00:01:36,1,0,1,책 제목 708,조정래,자기계발,13675
99,B9501,276,75,2025-08-21 08:02:43,1,0,1,책 제목 902,정세랑,SF,17605
64,B5956,284,82,2025-08-14 03:56:51,1,0,1,책 제목 252,한강,역사,22543
98,B8908,153,87,2025-08-21 07:27:47,1,1,1,책 제목 983,베르나르 베르베르,추리,17674
52,B1138,111,99,2025-08-03 20:08:20,1,1,1,책 제목 451,조정래,에세이,20570
36,B6074,81,3,2025-08-26 07:47:57,0,0,0,책 제목 575,조정래,SF,10845
29,B4434,73,2,2025-08-10 06:06:35,0,0,0,책 제목 216,정세랑,로맨스,21998
16,B1392,97,5,2025-08-25 19:23:05,0,0,0,책 제목 204,정세랑,로맨스,14500
17,B3451,158,74,2025-08-26 13:08:02,1,0,1,책 제목 831,조정래,추리,15780
30,B8502,228,80,2025-08-13 05:32:11,1,0,1,책 제목 440,한강,에세이,18120
79,B5102,73,6,2025-08-15 17:51:11,0,0,0,책 제목 477,조정래,철학,13510
74,B8322,127,97,2025-08-03 07:37:15,1,1,1,책 제목 215,정세랑,철학,19555
80,B3148,112,94,2025-08-04 08:13:36,1,1,1,책 제목 568,무라카미 하루키,추리,14213
96,B4490,21,34,2025-08-12 09:01:52,0,0,0,책 제목 855,무라카미 하루키,소설,13996
23,B2741,143,82,2025-08-08 13:39:43,1,1,1,책 제목 960,공지영,추리,16316
75,B9815,77,26,2025-08-14 01:54:30,0,0,0,책 제목 610,무라카미 하루키,로맨스,16985
81,B5176,171,77,2025-08-03 09:28:23,1,0,1,책 제목 710,조정래,역사,11942
36,B3318,234,92,2025-08-02 11:40:47,1,0,1,책 제목 715,무라카미 하루키,SF,12941
65,B5803,182,72,2025-08-09 23:18:27,1,1,1,책 제목 610,한강,SF,22356
35,B9756,203,80,2025-08-05 01:52:45,1,0,1,책 제목 353,무라카미 하루키,철학,10191
56,B6013,259,96,2025-08-09 08:29:07,1,1,1,책 제목 889,정세랑,추리,11687
92,B1687,19,45,2025-08-16 12:22:02,0,0,0,책 제목 69,한강,SF,18411
52,B4216,98,17,2025-08-07 19:31:05,0,0,0,책 제목 579,베르나르 베르베르,SF,24579
88,B4276,229,96,2025-08-26 23:31:42,1,0,1,책 제목 121,무라카미 하루키,SF,12674
19,B2957,289,99,2025-08-10 23:35:57,1,0,1,책 제목 624,한강,추리,23918
36,B9820,21,8,2025-08-26 20:32:49,0,0,0,책 제목 217,무라카미 하루키,철학,22579
24,B4025,71,2,2025-08-20 05:53:25,0,0,0,책 제목 835,무라카미 하루키,추리,22361
32,B3788,60,23,2025-08-07 19:04:29,0,0,0,책 제목 983,조정래,SF,24901
98,B8331,238,85,2025-08-25 12:50:23,1,0,1,책 제목 716,정세랑,로맨스,18800
72,B7005,81,36,2025-08-10 01:06:48,0,0,0,책 제목 108,김훈,에세이,13581
18,B9320,220,82,2025-08-30 18:43:31,1,1,1,책 제목 134,한강,SF,15694
59,B7972,122,79,2025-08-20 21:54:04,1,0,1,책 제목 326,공지영,SF,13246
1,B2545,58,24,2025-08-18 07:07:55,0,0,0,책 제목 730,한강,자기계발,21721
99,B2483,240,81,2025-08-10 13:08:46,1,0,1,책 제목 860,조정래,에세이,13373
35,B8519,8,3,2025-08-01 02:26:38,0,0,0,책 제목 181,히가시노 게이고,소설,18759
79,B9522,6,11,2025-08-14 16:23:20,0,0,0,책 제목 853,정세랑,자기계발,17475
49,B5083,11,14,2025-08-06 01:05:35,0,0,0,책 제목 106,히가시노 게이고,로맨스,19866
26,B7613,194,90,2025-08-01 08:38:05,1,1,1,책 제목 186,베르나르 베르베르,에세이,16419
44,B3146,40,7,2025-08-14 08:02:47,0,0,0,책 제목 615,김훈,로맨스,13285
21,B1094,15,32,2025-08-18 05:23:24,0,0,0,책 제목 699,조정래,소설,21108
3,B4617,209,88,2025-08-06 03:03:51,1,0,1,책 제목 194,공지영,에세이,19324
3,B9316,17,1,2025-08-26 20:49:27,0,0,0,책 제목 116,베르나르 베르베르,자기계발,15648
74,B4259,70,24,2025-08-27 14:32:19,0,0,0,책 제목 509,베르나르 베르베르,에세이,24827
69,B5011,272,93,2025-08-02 06:49:17,1,1,1,책 제목 545,히가시노 게이고,소설,14704
67,B5064,223,74,2025-08-19 13:44:02,1,0,1,책 제목 291,정세랑,역사,21350
28,B6519,33,25,2025-08-25 06:59:32,0,0,0,책 제목 593,조정래,로맨스,23072
17,B8022,117,95,2025-08-20 10:07:30,1,1,1,책 제목 417,히가시노 게이고,철학,11906
71,B6453,60,16,2025-08-14 08:00:07,0,0,0,책 제목 524,조정래,철학,15562
63,B9799,168,81,2025-08-30 00:47:06,1,0,1,책 제목 394,무라카미 하루키,자기계발,21101
69,B7701,298,90,2025-08-25 20:35:53,1,0,1,책 제목 327,공지영,자기계발,21929
40,B1894,219,73,2025-08-04 14:29:45,1,1,1,책 제목 200,정세랑,추리,14815
59,B8321,90,9,2025-08-11 09:09:37,0,0,0,책 제목 211,김훈,소설,15781
85,B8088,48,31,2025-08-30 22:09:53,0,0,0,책 제목 521,공지영,자기계발,17540
52,B8289,197,88,2025-08-21 08:53:09,1,1,1,책 제목 858,공지영,역사,11920
33,B5473,21,18,2025-08-14 13:35:30,0,0,0,책 제목 20,무라카미 하루키,자기계발,11439
28,B5504,260,75,2025-08-09 06:32:23,1,0,1,책 제목 91,김훈,추리,10009
49,B4402,244,99,2025-08-27 13:23:50,1,1,1,책 제목 629,조정래,로맨스,22300
34,B6232,289,74,2025-08-15 01:08:25,1,1,1,책 제목 874,정세랑,자기계발,11447
60,B8550,31,44,2025-08-11 00:17:28,0,0,0,책 제목 777,무라카미 하루키,SF,24569
77,B1211,232,91,2025-08-06 16:23:19,1,1,1,책 제목 534,김훈,역사,20693
64,B8481,211,98,2025-08-24 05:45:54,1,0,1,책 제목 282,정세랑,자기계발,23859
31,B1706,32,6,2025-08-29 09:43:45,0,0,0,책 제목 263,무라카미 하루키,추리,16079
45,B2283,234,88,2025-08-18 19:23:21,1,0,1,책 제목 204,정세랑,소설,15567
49,B1729,128,80,2025-08-24 17:47:39,1,1,1,책 제목 465,공지영,로맨스,20469
3,B3388,282,92,2025-08-07 12:17:01,1,1,1,책 제목 128,김훈,SF,17241
32,B1363,196,76,2025-08-19 03:42:40,1,1,1,책 제목 45,베르나르 베르베르,추리,17005
50,B8710,12,8,2025-08-30 17:56:42,0,0,0,책 제목 842,베르나르 베르베르,역사,23827
63,B2847,68,23,2025-08-22 23:11:11,0,0,0,책 제목 518,정세랑,에세이,17091
5,B3603,254,84,2025-08-30 11:10:00,1,0,1,책 제목 614,정세랑,추리,24567
6,B9828,33,4,2025-08-14 19:34:29,0,0,0,책 제목 980,김훈,SF,15790
86,B7945,269,81,2025-08-27 17:23:09,1,0,1,책 제목 566,조정래,역사,21713
10,B1721,140,73,2025-08-04 16:52:52,1,0,1,책 제목 633,조정래,로맨스,17239
84,B3907,59,12,2025-08-03 11:30:23,0,0,0,책 제목 992,정세랑,SF,17959
76,B9404,41,22,2025-08-12 19:36:38,0,0,0,책 제목 1000,김훈,역사,21979
9,B5703,220,70,2025-08-03 08:12:26,1,0,1,책 제목 661,정세랑,SF,14232
82,B8846,124,71,2025-08-29 01:55:05,1,0,1,책 제목 929,조정래,SF,21159
25,B6641,215,92,2025-08-06 02:03:59,1,1,1,책 제목 72,조정래,추리,19133
88,B1577,146,73,2025-08-29 11:28:11,1,1,1,책 제목 61,조정래,에세이,13756
99,B7811,281,79,2025-08-16 09:53:24,1,1,1,책 제목 35,한강,로맨스,15454
8,B7166,13,22,2025-08-29 02:03:29,0,0,0,책 제목 520,정세랑,역사,11222
40,B2977,65,43,2025-08-30 03:22:08,0,0,0,책 제목 240,조정래,역사,15037
31,B7936,92,1,2025-08-06 13:38:47,0,0,0,책 제목 129,베르나르 베르베르,소설,16227
91,B2278,252,72,2025-08-09 04:26:13,1,0,1,책 제목 173,공지영,에세이,12064
89,B5381,81,8,2025-08-29 06:07:19,0,0,0,책 제목 34,공지영,추리,15134
17,B7368,22,16,2025-08-22 01:03:02,0,0,0,책 제목 484,공지영,철학,19065
25,B3533,58,13,2025-08-05 23:13:43,0,0,0,책 제목 487,정세랑,로맨스,23942
30,B6690,268,85,2025-08-30 06:17:48,1,0,1,책 제목 587,공지영,에세이,23704
42,B8664,94,24,2025-08-27 03:15:26,0,0,0,책 제목 655,김훈,역사,14953
92,B1334,110,97,2025-08-25 14:24:40,1,0,1,책 제목 588,김훈,SF,24607
59,B5733,197,93,2025-08-03 12:43:19,1,0,1,책 제목 732,김훈,소설,18543
100,B1741,62,11,2025-08-21 00:58:50,0,0,0,책 제목 896,무라카미 하루키,역사,11131
68,B1396,228,88,2025-08-03 01:23:09,1,0,1,책 제목 588,무라카미 하루키,SF,15249
19,B5916,147,85,2025-08-19 06:39:19,1,0,1,책 제목 106,무라카미 하루키,자기계발,16197
63,B8354,113,78,2025-08-11 06:07:20,1,1,1,책 제목 522,베르나르 베르베르,자기계발,21622
35,B2676,6,19,2025-08-18 00:34:11,0,0,0,책 제목 766,베르나르 베르베르,로맨스,18405
46,B1569,62,33,2025-08-09 23:08:28,0,0,0,책 제목 15,히가시노 게이고,SF,22834
20,B2369,109,90,2025-08-12 14:39:31,1,0,1,책 제목 647,공지영,에세이,18843
27,B8139,34,16,2025-08-01 10:50:15,0,0,0,책 제목 988,무라카미 하루키,소설,16177
43,B9939,94,17,2025-08-24 21:42:11,0,0,0,책 제목 50,베르나르 베르베르,소설,15677
20,B4787,80,29,2025-08-14 09:11:40,0,0,0,책 제목 580,히가시노 게이고,로맨스,14792
58,B4824,66,46,2025-08-30 08:27:27,0,0,0,책 제목 634,히가시노 게이고,역사,18847
94,B9098,282,86,2025-08-19 04:31:20,1,1,1,책 제목 991,정세랑,로맨스,13084
70,B2209,89,27,2025-08-03 05:57:23,0,0,0,책 제목 405,김훈,에세이,14541
5,B8661,221,70,2025-08-13 01:47:13,1,0,1,책 제목 693,히가시노 게이고,추리,23407
7,B6710,56,39,2025-08-20 12:24:39,0,0,0,책 제목 159,히가시노 게이고,역사,21964
31,B8283,98,46,2025-08-11 19:43:46,0,0,0,책 제목 800,공지영,역사,15807
55,B9515,88,0,2025-08-18 08:04:10,0,0,0,책 제목 428,베르나르 베르베르,SF,16016
36,B8375,60,42,2025-08-23 14:32:30,0,0,0,책 제목 127,공지영,추리,20200
70,B1746,136,98,2025-08-10 14:57:40,1,1,1,책 제목 330,무라카미 하루키,자기계발,19130
7,B1373,113,86,2025-08-03 17:42:18,1,0,1,책 제목 368,한강,자기계발,15523
70,B6541,57,20,2025-08-10 20:24:58,0,0,0,책 제목 736,한강,철학,13606
14,B8921,170,91,2025-08-10 03:06:08,1,0,1,책 제목 53,김훈,자기계발,22880
64,B8958,13,29,2025-08-03 17:40:36,0,0,0,책 제목 68,김훈,역사,17844
52,B2535,72,24,2025-08-14 14:35:11,0,0,0,책 제목 897,조정래,에세이,16739
70,B2595,270,88,2025-08-18 20:03:57,1,1,1,책 제목 972,정세랑,에세이,11907
3,B7864,180,99,2025-08-08 20:43:38,1,0,1,책 제목 485,히가시노 게이고,로맨스,22652
6,B8923,132,96,2025-08-26 19:56:25,1,0,1,책 제목 76,베르나르 베르베르,철학,20470
79,B4822,180,78,2025-08-29 09:46:38,1,0,1,책 제목 661,정세랑,추리,23399
89,B8664,218,93,2025-08-25 04:46:24,1,1,1,책 제목 687,한강,자기계발,22661
64,B2576,217,98,2025-08-13 09:52:38,1,0,1,책 제목 359,정세랑,자기계발,11588
69,B2520,88,41,2025-08-10 04:36:43,0,0,0,책 제목 843,공지영,에세이,18567
86,B8471,82,46,2025-08-15 08:42:42,0,0,0,책 제목 272,조정래,소설,11408
66,B1367,185,78,2025-08-10 22:09:02,1,0,1,책 제목 177,베르나르 베르베르,역사,14790
66,B5116,14,7,2025-08-20 07:16:28,0,0,0,책 제목 568,정세랑,추리,16458
65,B2958,46,36,2025-08-15 11:27:24,0,0,0,책 제목 271,정세랑,철학,24974
94,B3674,224,81,2025-08-09 14:13:26,1,0,1,책 제목 12,정세랑,자기계발,18220
15,B7379,299,89,2025-08-14 09:45:43,1,0,1,책 제목 121,히가시노 게이고,소설,17977
71,B1569,231,92,2025-08-12 01:20:05,1,0,1,책 제목 203,공지영,에세이,24295
64,B5282,200,71,2025-08-20 22:13:30,1,0,1,책 제목 437,히가시노 게이고,소설,11640
26,B8816,6,13,2025-08-13 07:49:01,0,0,0,책 제목 649,정세랑,자기계발,10256
3,B8394,161,79,2025-08-14 02:49:47,1,0,1,책 제목 723,조정래,SF,19897
33,B5352,299,75,2025-08-29 18:19:55,1,0,1,책 제목 998,무라카미 하루키,철학,17575
58,B1967,20,15,2025-08-02 02:18:22,0,0,0,책 제목 724,무라카미 하루키,철학,17205
89,B7014,108,91,2025-08-19 16:12:39,1,0,1,책 제목 976,김훈,추리,13318
37,B8007,229,97,2025-08-15 14:45:52,1,1,1,책 제목 847,한강,추리,14555
52,B2437,221,86,2025-08-04 08:05:16,1,0,1,책 제목 335,한강,소설,20106
26,B4782,163,98,2025-08-07 03:51:35,1,0,1,책 제목 731,베르나르 베르베르,역사,22042
46,B3975,177,79,2025-08-10 21:11:40,1,0,1,책 제목 273,김훈,로맨스,21486
44,B8187,85,41,2025-08-21 12:52:28,0,0,0,책 제목 653,조정래,에세이,11451
16,B4101,30,44,2025-08-15 23:41:16,0,0,0,책 제목 694,정세랑,철학,23330
9,B2375,5,1,2025-08-06 03:53:35,0,0,0,책 제목 631,베르나르 베르베르,자기계발,11031
37,B9999,211,87,2025-08-11 16:04:32,1,0,1,책 제목 204,김훈,추리,11317
62,B5138,87,29,2025-08-08 15:28:21,0,0,0,책 제목 252,김훈,자기계발,11794
75,B1796,49,16,2025-08-27 13:54:06,0,0,0,책 제목 145,김훈,철학,22666
98,B9861,236,91,2025-08-10 16:13:08,1,0,1,책 제목 166,김훈,에세이,19035
70,B8480,6,29,2025-08-02 01:27:59,0,0,0,책 제목 391,김훈,자기계발,19321
91,B8907,63,33,2025-08-14 21:43:38,0,0,0,책 제목 501,한강,역사,16942
55,B6957,191,73,2025-08-29 11:41:59,1,0,1,책 제목 718,조정래,추리,12745
4,B6573,136,97,2025-08-05 15:58:39,1,0,1,책 제목 471,조정래,에세이,13020
62,B6659,158,96,2025-08-23 14:13:46,1,0,1,책 제목 82,공지영,SF,14686
56,B8802,233,75,2025-08-17 03:34:45,1,0,1,책 제목 241,정세랑,SF,16589
50,B2412,180,77,2025-08-25 10:25:38,1,1,1,책 제목 770,베르나르 베르베르,역사,22706
42,B2098,202,78,2025-08-06 20:06:49,1,1,1,책 제목 651,정세랑,SF,13471
87,B7595,52,48,2025-08-15 07:09:43,0,0,0,책 제목 1,히가시노 게이고,추리,11575
15,B7379,24,22,2025-08-05 13:50:12,0,0,0,책 제목 421,공지영,추리,22375
35,B9956,97,25,2025-08-26 09:20:48,0,0,0,책 제목 691,한강,추리,15901
51,B2841,44,36,2025-08-16 05:08:49,0,0,0,책 제목 717,무라카미 하루키,소설,20603
45,B6968,16,40,2025-08-10 03:27:03,0,0,0,책 제목 822,조정래,에세이,21958
20,B7671,113,95,2025-08-22 00:46:29,1,1,1,책 제목 763,조정래,SF,11750
25,B2381,37,10,2025-08-23 13:40:24,0,0,0,책 제목 851,공지영,SF,22877
60,B7769,80,1,2025-08-02 17:36:45,0,0,0,책 제목 791,공지영,소설,12773
97,B8465,19,17,2025-08-15 20:28:46,0,0,0,책 제목 69,베르나르 베르베르,소설,12651
34,B5291,84,16,2025-08-10 09:28:50,0,0,0,책 제목 454,조정래,역사,12570
85,B9632,137,87,2025-08-04 16:12:17,1,0,1,책 제목 922,정세랑,철학,18017
71,B9406,143,70,2025-08-13 07:28:12,1,1,1,책 제목 195,한강,철학,13661
82,B5953,170,99,2025-08-19 02:23:45,1,0,1,책 제목 249,정세랑,자기계발,22744
83,B8988,107,98,2025-08-20 10:18:07,1,1,1,책 제목 317,한강,추리,23669
28,B2867,46,43,2025-08-26 11:58:07,0,0,0,책 제목 719,베르나르 베르베르,로맨스,13598
91,B4194,54,27,2025-08-29 15:54:58,0,0,0,책 제목 684,정세랑,소설,21523
33,B3904,209,83,2025-08-07 13:21:50,1,0,1,책 제목 444,한강,자기계발,10071
43,B9089,181,93,2025-08-14 02:55:54,1,1,1,책 제목 519,무라카미 하루키,자기계발,12817
5,B1219,43,25,2025-08-06 17:16:49,0,0,0,책 제목 406,무라카미 하루키,소설,17190
99,B8832,227,99,2025-08-03 09:35:52,1,0,1,책 제목 553,히가시노 게이고,자기계발,14334
59,B5510,198,94,2025-08-09 21:17:16,1,0,1,책 제목 476,김훈,소설,12961
48,B1718,208,87,2025-08-01 07:25:34,1,1,1,책 제목 757,한강,자기계발,16371
45,B7030,224,75,2025-08-27 19:08:06,1,1,1,책 제목 186,정세랑,SF,14670
67,B1303,91,1,2025-08-20 02:23:44,0,0,0,책 제목 21,베르나르 베르베르,역사,14567
2,B4995,107,87,2025-08-04 21:35:07,1,0,1,책 제목 819,베르나르 베르베르,SF,21894
65,B6572,116,94,2025-08-07 17:58:37,1,0,1,책 제목 32,무라카미 하루키,SF,24348
69,B2402,221,76,2025-08-10 02:39:23,1,1,1,책 제목 375,공지영,역사,11129
8,B7774,265,74,2025-08-14 04:38:17,1,1,1,책 제목 305,정세랑,역사,24699
1,B2679,64,30,2025-08-25 01:13:58,0,0,0,책 제목 340,한강,로맨스,11400
32,B8415,235,89,2025-08-14 18:40:02,1,0,1,책 제목 344,공지영,SF,11679
95,B1225,76,27,2025-08-07 05:46:43,0,0,0,책 제목 698,히가시노 게이고,철학,10909
25,B8438,54,1,2025-08-07 11:17:11,0,0,0,책 제목 478,김훈,소설,13216
15,B4527,30,26,2025-08-16 17:56:13,0,0,0,책 제목 458,정세랑,소설,20111
65,B3283,69,3,2025-08-24 15:36:59,0,0,0,책 제목 225,한강,철학,17953
43,B9223,67,9,2025-08-11 20:20:43,0,0,0,책 제목 811,무라카미 하루키,역사,11400
7,B6840,99,14,2025-08-28 13:19:02,0,0,0,책 제목 189,무라카미 하루키,소설,21043
41,B8021,32,45,2025-08-03 05:29:53,0,0,0,책 제목 531,정세랑,SF,22779
7,B1836,21,14,2025-08-23 20:57:10,0,0,0,책 제목 86,공지영,로맨스,14009
35,B1444,129,82,2025-08-27 10:29:06,1,0,1,책 제목 25,베르나르 베르베르,SF,22917
2,B7421,292,73,2025-08-11 04:33:52,1,1,1,책 제목 129,무라카미 하루키,에세이,18243
3,B9037,243,83,2025-08-29 03:10:30,1,1,1,책 제목 723,공지영,소설,19627
80,B4247,74,44,2025-08-21 19:10:38,0,0,0,책 제목 553,정세랑,로맨스,20702
30,B5662,99,18,2025-08-29 06:39:04,0,0,0,책 제목 904,공지영,로맨스,17743
60,B1602,267,95,2025-08-08 19:47:02,1,0,1,책 제목 118,김훈,에세이,17126
67,B2364,202,73,2025-08-30 16:40:18,1,0,1,책 제목 545,베르나르 베르베르,추리,13456
99,B3817,109,91,2025-08-19 23:53:52,1,1,1,책 제목 447,공지영,SF,22099
80,B5813,266,82,2025-08-10 14:38:08,1,0,1,책 제목 366,히가시노 게이고,로맨스,13103
79,B9791,111,91,2025-08-04 15:51:15,1,1,1,책 제목 446,김훈,자기계발,17703
27,B4826,210,97,2025-08-06 22:35:13,1,0,1,책 제목 946,공지영,로맨스,20534
66,B5473,40,27,2025-08-27 01:39:35,0,0,0,책 제목 3,정세랑,철학,23380
76,B1394,228,82,2025-08-19 12:42:26,1,0,1,책 제목 280,히가시노 게이고,에세이,18599
77,B7457,195,93,2025-08-05 15:16:13,1,0,1,책 제목 503,정세랑,자기계발,22324
73,B9946,129,97,2025-08-27 06:51:13,1,1,1,책 제목 502,베르나르 베르베르,철학,11823
37,B2320,19,30,2025-08-13 22:02:16,0,0,0,책 제목 934,한강,에세이,18490
84,B4692,209,78,2025-08-17 12:15:48,1,0,1,책 제목 16,공지영,에세이,20506
92,B9603,229,95,2025-08-27 13:22:24,1,1,1,책 제목 805,무라카미 하루키,추리,21367
82,B9587,10,43,2025-08-07 08:48:24,0,0,0,책 제목 400,한강,추리,21662
80,B5464,177,78,2025-08-18 09:02:32,1,0,1,책 제목 976,베르나르 베르베르,역사,22504
57,B6766,248,75,2025-08-26 18:48:32,1,1,1,책 제목 489,조정래,로맨스,24980
60,B2339,23,13,2025-08-10 04:02:15,0,0,0,책 제목 818,정세랑,자기계발,20725
34,B8796,21,36,2025-08-26 16:33:03,0,0,0,책 제목 935,히가시노 게이고,SF,24170
13,B7883,207,81,2025-08-27 05:49:17,1,0,1,책 제목 736,베르나르 베르베르,SF,24115
32,B8243,99,46,2025-08-05 06:39:26,0,0,0,책 제목 891,베르나르 베르베르,에세이,21630
58,B2689,63,16,2025-08-30 17:35:21,0,0,0,책 제목 670,무라카미 하루키,역사,18431
35,B5847,207,78,2025-08-19 17:03:16,1,1,1,책 제목 424,공지영,로맨스,23537
67,B6838,267,76,2025-08-23 12:53:58,1,1,1,책 제목 449,김훈,에세이,24245
56,B2649,181,95,2025-08-25 15:56:58,1,0,1,책 제목 416,무라카미 하루키,추리,17096
10,B2967,58,4,2025-08-25 17:18:16,0,0,0,책 제목 706,히가시노 게이고,추리,11394
51,B1877,36,33,2025-08-22 20:12:25,0,0,0,책 제목 64,정세랑,소설,10559
77,B1920,23,23,2025-08-18 19:09:06,0,0,0,책 제목 642,정세랑,소설,17024
73,B4302,62,19,2025-08-20 05:41:00,0,0,0,책 제목 37,조정래,소설,24200
77,B9262,207,84,2025-08-10 05:05:28,1,1,1,책 제목 342,공지영,자기계발,17295
45,B5796,279,75,2025-08-05 10:25:52,1,0,1,책 제목 240,공지영,에세이,14380
14,B9902,248,82,2025-08-18 21:47:41,1,1,1,책 제목 56,한강,에세이,20900
16,B1808,59,12,2025-08-01 11:40:39,0,0,0,책 제목 856,공지영,철학,13598
58,B6703,47,38,2025-08-04 09:15:52,0,0,0,책 제목 903,무라카미 하루키,소설,18837
89,B9513,58,35,2025-08-16 13:45:28,0,0,0,책 제목 927,조정래,역사,14534
8,B7490,42,20,2025-08-12 11:46:31,0,0,0,책 제목 910,정세랑,자기계발,16907
15,B6743,47,35,2025-08-13 09:23:03,0,0,0,책 제목 906,조정래,역사,10721
27,B5380,99,24,2025-08-10 21:42:22,0,0,0,책 제목 665,정세랑,소설,15417
34,B2858,24,9,2025-08-18 07:51:56,0,0,0,책 제목 697,한강,추리,11384
50,B4547,67,33,2025-08-17 13:06:48,0,0,0,책 제목 394,조정래,추리,11997
50,B1566,45,12,2025-08-21 16:51:42,0,0,0,책 제목 527,공지영,자기계발,20324
71,B1581,83,22,2025-08-25 04:35:14,0,0,0,책 제목 423,무라카미 하루키,에세이,21620
23,B3063,261,96,2025-08-22 08:49:58,1,0,1,책 제목 163,베르나르 베르베르,추리,23672
27,B1027,82,48,2025-08-27 08:37:56,0,0,0,책 제목 11,정세랑,자기계발,16657
25,B3760,200,94,2025-08-19 13:16:10,1,0,1,책 제목 911,한강,SF,10205
78,B3117,59,2,2025-08-02 20:29:45,0,0,0,책 제목 313,정세랑,철학,12443
23,B6218,91,45,2025-08-18 00:07:25,0,0,0,책 제목 869,베르나르 베르베르,SF,23193
88,B4665,51,37,2025-08-30 19:47:34,0,0,0,책 제목 700,정세랑,철학,19179
39,B8933,27,15,2025-08-04 10:11:41,0,0,0,책 제목 882,조정래,소설,22476
79,B3952,113,85,2025-08-13 01:32:57,1,1,1,책 제목 230,김훈,로맨스,15724
62,B8179,65,1,2025-08-26 21:27:05,0,0,0,책 제목 689,무라카미 하루키,역사,23248
86,B7945,31,26,2025-08-15 01:30:47,0,0,0,책 제목 322,무라카미 하루키,소설,16391
94,B2856,267,95,2025-08-27 06:03:05,1,1,1,책 제목 527,정세랑,로맨스,14976
80,B9158,91,37,2025-08-04 19:40:57,0,0,0,책 제목 936,히가시노 게이고,에세이,10847
71,B9686,19,0,2025-08-15 12:00:25,0,0,0,책 제목 25,공지영,로맨스,18930
94,B1011,66,37,2025-08-20 08:32:21,0,0,0,책 제목 862,한강,소설,21395
32,B2962,176,98,2025-08-06 13:49:59,1,1,1,책 제목 328,무라카미 하루키,에세이,14086
32,B1327,157,90,2025-08-22 13:33:56,1,1,1,책 제목 54,한강,SF,13670
84,B1913,265,90,2025-08-12 04:35:20,1,0,1,책 제목 61,히가시노 게이고,자기계발,20559
67,B7969,96,13,2025-08-14 19:52:17,0,0,0,책 제목 155,공지영,에세이,14581
38,B7722,81,30,2025-08-22 08:19:08,0,0,0,책 제목 391,공지영,로맨스,16184
45,B9599,186,83,2025-08-21 16:43:40,1,1,1,책 제목 145,김훈,역사,24022
55,B8614,59,38,2025-08-25 14:05:49,0,0,0,책 제목 405,조정래,에세이,14335
79,B1674,263,88,2025-08-28 07:53:36,1,0,1,책 제목 289,조정래,자기계발,17817
53,B6729,39,29,2025-08-21 05:50:33,0,0,0,책 제목 604,무라카미 하루키,철학,21630
54,B1822,286,81,2025-08-08 04:08:16,1,1,1,책 제목 802,공지영,로맨스,19018
53,B8376,26,42,2025-08-11 10:54:42,0,0,0,책 제목 910,공지영,에세이,24106
33,B1331,244,93,2025-08-15 11:15:04,1,0,1,책 제목 78,무라카미 하루키,철학,13201
21,B3531,179,85,2025-08-19 17:55:15,1,1,1,책 제목 255,김훈,역사,11638
8,B7979,140,72,2025-08-27 23:57:01,1,0,1,책 제목 571,베르나르 베르베르,SF,18418
16,B4377,149,85,2025-08-21 16:44:03,1,1,1,책 제목 162,히가시노 게이고,철학,20586
23,B4601,280,82,2025-08-20 11:55:32,1,0,1,책 제목 282,무라카미 하루키,에세이,22050
66,B1261,244,75,2025-08-05 09:27:33,1,0,1,책 제목 821,조정래,역사,22450
78,B8806,79,31,2025-08-04 08:26:36,0,0,0,책 제목 834,무라카미 하루키,역사,16341
100,B6290,148,76,2025-08-05 01:57:01,1,0,1,책 제목 647,베르나르 베르베르,소설,23945
98,B6773,43,32,2025-08-05 20:31:43,0,0,0,책 제목 177,조정래,철학,10752
19,B2157,256,92,2025-08-16 17:38:10,1,0,1,책 제목 745,히가시노 게이고,역사,23087
27,B6382,138,82,2025-08-06 11:37:46,1,0,1,책 제목 375,무라카미 하루키,에세이,11517
58,B8758,46,10,2025-08-14 15:36:58,0,0,0,책 제목 629,히가시노 게이고,철학,21159
92,B7275,177,95,2025-08-27 08:57:49,1,1,1,책 제목 870,정세랑,소설,14769
66,B4281,297,81,2025-08-01 22:17:37,1,0,1,책 제목 374,김훈,역사,12822
99,B5974,36,15,2025-08-22 22:17:36,0,0,0,책 제목 252,베르나르 베르베르,추리,23516
60,B1420,22,15,2025-08-15 15:28:42,0,0,0,책 제목 963,조정래,로맨스,23796
90,B8262,81,8,2025-08-29 12:58:53,0,0,0,책 제목 261,조정래,로맨스,10892
75,B4292,79,4,2025-08-29 17:25:36,0,0,0,책 제목 295,조정래,SF,20483
33,B1909,226,93,2025-08-09 02:27:13,1,1,1,책 제목 468,히가시노 게이고,자기계발,22318
34,B3464,155,92,2025-08-06 11:34:16,1,1,1,책 제목 684,조정래,추리,18107
82,B2638,247,97,2025-08-30 11:49:27,1,0,1,책 제목 59,한강,로맨스,23116
76,B8311,69,4,2025-08-22 18:06:13,0,0,0,책 제목 635,베르나르 베르베르,철학,13799
3,B6988,89,23,2025-08-03 01:59:52,0,0,0,책 제목 40,김훈,추리,23998
24,B8672,264,93,2025-08-19 12:23:12,1,0,1,책 제목 517,김훈,소설,11938
89,B9298,288,99,2025-08-19 23:38:27,1,1,1,책 제목 304,공지영,SF,23040
82,B6606,243,92,2025-08-24 15:25:54,1,0,1,책 제목 454,김훈,SF,11812
31,B5448,76,42,2025-08-20 09:34:59,0,0,0,책 제목 176,정세랑,자기계발,19883
15,B8567,34,28,2025-08-21 13:20:25,0,0,0,책 제목 200,무라카미 하루키,추리,17378
32,B6517,130,72,2025-08-16 12:05:27,1,1,1,책 제목 612,조정래,추리,14887
25,B9095,56,33,2025-08-12 13:56:50,0,0,0,책 제목 158,공지영,에세이,24094
37,B8433,44,47,2025-08-25 18:00:21,0,0,0,책 제목 358,무라카미 하루키,로맨스,19694
30,B4525,225,80,2025-08-11 02:11:45,1,0,1,책 제목 273,김훈,소설,22632
70,B7595,135,75,2025-08-09 14:51:39,1,1,1,책 제목 582,조정래,로맨스,13486
71,B8281,6,36,2025-08-12 23:03:08,0,0,0,책 제목 663,한강,자기계발,13170
95,B7014,67,46,2025-08-29 23:10:56,0,0,0,책 제목 581,베르나르 베르베르,역사,24210
98,B2444,278,91,2025-08-25 00:51:36,1,0,1,책 제목 121,한강,추리,11990
43,B2513,130,96,2025-08-02 05:08:47,1,0,1,책 제목 567,공지영,역사,24908
88,B3220,223,75,2025-08-11 12:59:35,1,0,1,책 제목 913,무라카미 하루키,로맨스,17486
75,B6802,17,2,2025-08-30 19:52:33,0,0,0,책 제목 842,베르나르 베르베르,철학,10015
52,B4173,27,36,2025-08-28 17:23:26,0,0,0,책 제목 824,조정래,로맨스,19602
49,B3876,114,98,2025-08-20 16:37:01,1,0,1,책 제목 509,정세랑,에세이,20692
57,B9238,17,22,2025-08-12 19:28:18,0,0,0,책 제목 879,히가시노 게이고,로맨스,16121
63,B6576,238,70,2025-08-19 07:04:37,1,0,1,책 제목 24,베르나르 베르베르,철학,24414
2,B3360,160,78,2025-08-25 11:22:45,1,0,1,책 제목 880,김훈,로맨스,20348
76,B2610,69,5,2025-08-08 11:53:21,0,0,0,책 제목 80,베르나르 베르베르,자기계발,15141
45,B8922,234,92,2025-08-08 07:42:23,1,1,1,책 제목 966,공지영,역사,24538
85,B7019,162,94,2025-08-11 20:01:54,1,0,1,책 제목 39,김훈,로맨스,11079
100,B9420,79,41,2025-08-25 21:29:18,0,0,0,책 제목 414,히가시노 게이고,로맨스,10260
22,B8629,42,41,2025-08-20 04:58:57,0,0,0,책 제목 746,히가시노 게이고,로맨스,11946
31,B6733,90,20,2025-08-10 11:20:03,0,0,0,책 제목 860,공지영,로맨스,11399
97,B4271,233,82,2025-08-21 14:40:32,1,1,1,책 제목 663,정세랑,로맨스,15398
86,B8985,156,76,2025-08-28 16:59:06,1,0,1,책 제목 738,김훈,SF,14908
40,B4885,267,84,2025-08-29 02:19:00,1,1,1,책 제목 492,조정래,철학,21694
7,B8690,256,74,2025-08-20 08:46:40,1,0,1,책 제목 839,히가시노 게이고,추리,12761
8,B9121,169,88,2025-08-15 04:52:45,1,0,1,책 제목 862,히가시노 게이고,자기계발,21718
11,B6351,233,81,2025-08-30 09:41:16,1,0,1,책 제목 407,조정래,로맨스,11939
91,B6773,69,48,2025-08-20 12:21:30,0,0,0,책 제목 525,한강,자기계발,10946
84,B1999,77,11,2025-08-29 07:17:24,0,0,0,책 제목 703,조정래,추리,23122
97,B9288,55,9,2025-08-23 11:35:17,0,0,0,책 제목 528,무라카미 하루키,자기계발,20243
36,B5379,66,0,2025-08-28 15:11:12,0,0,0,책 제목 883,무라카미 하루키,소설,13343
78,B5293,45,6,2025-08-07 11:15:10,0,0,0,책 제목 817,한강,로맨스,21631
86,B5156,6,24,2025-08-23 21:50:42,0,0,0,책 제목 476,김훈,소설,11209
75,B2567,283,96,2025-08-21 03:38:13,1,1,1,책 제목 881,베르나르 베르베르,철학,12327
81,B5158,32,30,2025-08-13 15:29:24,0,0,0,책 제목 761,김훈,에세이,10117
93,B5078,231,73,2025-08-10 21:32:01,1,1,1,책 제목 159,히가시노 게이고,로맨스,17450
33,B1651,30,35,2025-08-04 20:12:02,0,0,0,책 제목 733,정세랑,자기계발,14217
94,B2919,116,76,2025-08-17 18:13:41,1,0,1,책 제목 298,공지영,에세이,17641
61,B3806,81,40,2025-08-09 01:11:34,0,0,0,책 제목 36,히가시노 게이고,추리,14427
65,B5845,298,79,2025-08-29 04:48:56,1,1,1,책 제목 727,김훈,철학,10025
48,B2587,172,75,2025-08-30 22:20:58,1,1,1,책 제목 291,공지영,에세이,13893
45,B3326,183,93,2025-08-03 08:13:36,1,0,1,책 제목 543,김훈,로맨스,16796
18,B4375,271,94,2025-08-12 02:25:31,1,1,1,책 제목 67,한강,에세이,17818
70,B7318,19,10,2025-08-04 21:49:26,0,0,0,책 제목 586,히가시노 게이고,역사,20435
7,B1915,298,89,2025-08-05 15:38:16,1,0,1,책 제목 403,정세랑,로맨스,12976
31,B9731,194,86,2025-08-27 09:25:15,1,0,1,책 제목 700,정세랑,SF,23335
74,B7280,58,19,2025-08-12 23:39:58,0,0,0,책 제목 49,무라카미 하루키,철학,15150
9,B7719,202,75,2025-08-04 18:55:59,1,1,1,책 제목 884,정세랑,에세이,23051
82,B7790,173,94,2025-08-22 18:16:04,1,1,1,책 제목 951,무라카미 하루키,역사,12223
93,B7425,84,6,2025-08-18 17:26:58,0,0,0,책 제목 939,정세랑,에세이,23305
41,B1954,85,44,2025-08-19 01:22:01,0,0,0,책 제목 184,베르나르 베르베르,역사,24398
78,B6717,9,5,2025-08-01 15:24:46,0,0,0,책 제목 402,김훈,철학,16010
76,B9366,208,88,2025-08-23 02:53:41,1,0,1,책 제목 688,무라카미 하루키,로맨스,15895
82,B1907,165,77,2025-08-29 21:19:50,1,1,1,책 제목 549,히가시노 게이고,철학,18052
55,B7886,180,71,2025-08-10 00:24:51,1,1,1,책 제목 474,정세랑,철학,17493
59,B8826,75,26,2025-08-29 13:58:05,0,0,0,책 제목 488,공지영,추리,19228
57,B7102,151,95,2025-08-12 09:59:59,1,1,1,책 제목 995,조정래,로맨스,23264
71,B4205,26,12,2025-08-14 13:29:18,0,0,0,책 제목 609,정세랑,추리,14182
7,B1909,177,94,2025-08-11 11:46:35,1,0,1,책 제목 468,베르나르 베르베르,SF,10507
84,B1732,83,31,2025-08-15 17:47:53,0,0,0,책 제목 41,공지영,추리,14052
91,B7067,268,86,2025-08-12 21:09:13,1,1,1,책 제목 731,한강,자기계발,16402
30,B4867,23,42,2025-08-14 07:21:47,0,0,0,책 제목 243,김훈,자기계발,12058
55,B2697,74,15,2025-08-01 00:57:00,0,0,0,책 제목 493,정세랑,SF,20723
30,B3046,74,16,2025-08-03 08:49:40,0,0,0,책 제목 284,한강,소설,11233
42,B4768,40,2,2025-08-13 15:52:36,0,0,0,책 제목 213,히가시노 게이고,SF,22866
23,B3884,38,34,2025-08-11 20:01:06,0,0,0,책 제목 786,무라카미 하루키,SF,20871
97,B8563,36,20,2025-08-10 12:59:16,0,0,0,책 제목 126,정세랑,철학,17856
28,B1192,66,47,2025-08-13 08:57:04,0,0,0,책 제목 5,무라카미 하루키,역사,22873
4,B3274,211,81,2025-08-29 17:51:42,1,1,1,책 제목 769,한강,자기계발,18662
99,B7757,76,32,2025-08-18 00:20:17,0,0,0,책 제목 340,무라카미 하루키,SF,23085
50,B3420,12,42,2025-08-23 07:21:38,0,0,0,책 제목 586,히가시노 게이고,로맨스,13807
58,B6569,128,70,2025-08-25 04:28:26,1,1,1,책 제목 517,무라카미 하루키,로맨스,11725
22,B9438,187,78,2025-08-09 07:56:18,1,1,1,책 제목 215,김훈,역사,22466
82,B3880,172,86,2025-08-25 02:46:32,1,0,1,책 제목 391,김훈,에세이,11994
84,B2333,268,70,2025-08-15 09:38:09,1,1,1,책 제목 77,한강,에세이,10571
84,B3127,217,73,2025-08-15 07:48:35,1,0,1,책 제목 280,베르나르 베르베르,에세이,10224
22,B8478,40,31,2025-08-04 02:14:51,0,0,0,책 제목 449,정세랑,SF,11356
84,B5921,109,93,2025-08-21 22:13:12,1,0,1,책 제목 429,정세랑,로맨스,19852
87,B4181,241,92,2025-08-12 03:39:04,1,1,1,책 제목 909,조정래,역사,11230
16,B2442,114,96,2025-08-18 13:14:10,1,0,1,책 제목 801,조정래,자기계발,22576
35,B2601,98,14,2025-08-01 22:09:54,0,0,0,책 제목 77,조정래,역사,24772
3,B4704,172,81,2025-08-25 20:43:05,1,1,1,책 제목 931,정세랑,자기계발,22488
7,B3425,10,43,2025-08-10 08:27:42,0,0,0,책 제목 701,공지영,철학,17271
55,B6910,65,13,2025-08-17 16:19:55,0,0,0,책 제목 90,한강,SF,22638
61,B4378,102,82,2025-08-07 11:03:41,1,1,1,책 제목 386,무라카미 하루키,SF,18567
99,B5606,77,5,2025-08-05 03:00:40,0,0,0,책 제목 5,조정래,에세이,16034
80,B6975,207,88,2025-08-30 22:06:11,1,0,1,책 제목 814,한강,에세이,13554
33,B7208,163,87,2025-08-23 04:51:57,1,0,1,책 제목 568,조정래,에세이,21758
3,B8232,86,48,2025-08-20 23:49:46,0,0,0,책 제목 394,한강,철학,17813
79,B7438,19,47,2025-08-05 07:59:04,0,0,0,책 제목 41,한강,추리,19630
73,B1785,173,73,2025-08-30 00:46:28,1,0,1,책 제목 39,한강,철학,18155
29,B4280,17,30,2025-08-20 06:14:52,0,0,0,책 제목 149,조정래,SF,18817
74,B2900,114,94,2025-08-13 16:33:33,1,0,1,책 제목 61,정세랑,에세이,20445
48,B8556,271,82,2025-08-09 15:59:38,1,0,1,책 제목 827,정세랑,소설,18811
60,B3929,175,92,2025-08-16 08:37:22,1,1,1,책 제목 526,조정래,에세이,24749
29,B4528,183,71,2025-08-27 14:12:54,1,1,1,책 제목 124,조정래,소설,23125
96,B2500,156,91,2025-08-23 11:40:11,1,0,1,책 제목 971,공지영,역사,13192
20,B6173,113,79,2025-08-26 11:33:00,1,0,1,책 제목 167,공지영,역사,17347
66,B6787,222,80,2025-08-07 08:28:04,1,1,1,책 제목 447,김훈,자기계발,10406
73,B2684,188,78,2025-08-20 09:30:43,1,1,1,책 제목 155,김훈,추리,11933
16,B1173,113,91,2025-08-03 09:17:31,1,0,1,책 제목 802,조정래,추리,19943
18,B8706,232,99,2025-08-09 01:56:08,1,1,1,책 제목 973,김훈,소설,16544
78,B5887,48,3,2025-08-24 10:12:49,0,0,0,책 제목 379,한강,철학,24017
86,B5180,119,74,2025-08-18 04:25:38,1,1,1,책 제목 482,히가시노 게이고,소설,17851
58,B4198,223,71,2025-08-09 06:07:06,1,1,1,책 제목 406,히가시노 게이고,소설,10521
92,B7883,24,4,2025-08-28 08:26:05,0,0,0,책 제목 663,히가시노 게이고,소설,20986
7,B4852,97,29,2025-08-18 23:02:06,0,0,0,책 제목 513,조정래,로맨스,17937
35,B8019,85,40,2025-08-24 09:23:11,0,0,0,책 제목 267,히가시노 게이고,역사,19910
14,B6990,17,4,2025-08-28 07:12:10,0,0,0,책 제목 243,정세랑,로맨스,21593
11,B1213,270,76,2025-08-06 05:16:25,1,0,1,책 제목 339,정세랑,소설,23264
5,B9752,94,2,2025-08-22 03:04:39,0,0,0,책 제목 321,김훈,추리,10979
60,B7366,281,99,2025-08-13 22:36:06,1,1,1,책 제목 885,한강,자기계발,23087
63,B2426,53,37,2025-08-14 03:31:58,0,0,0,책 제목 183,히가시노 게이고,역사,24407
7,B8842,15,44,2025-08-10 18:15:53,0,0,0,책 제목 247,한강,소설,13413
42,B9488,65,7,2025-08-18 21:48:54,0,0,0,책 제목 558,베르나르 베르베르,에세이,16981
13,B7575,19,46,2025-08-06 13:11:30,0,0,0,책 제목 209,정세랑,로맨스,10722
61,B8686,97,32,2025-08-29 19:06:49,0,0,0,책 제목 505,한강,추리,10737
31,B5649,161,87,2025-08-08 10:35:27,1,1,1,책 제목 732,공지영,역사,13560
28,B5084,146,73,2025-08-03 10:00:59,1,1,1,책 제목 880,무라카미 하루키,로맨스,23131
6,B2711,47,16,2025-08-04 16:50:49,0,0,0,책 제목 631,한강,소설,13720
97,B7419,121,75,2025-08-19 17:01:22,1,1,1,책 제목 122,정세랑,역사,12028
42,B9349,206,94,2025-08-11 19:16:36,1,0,1,책 제목 543,정세랑,역사,24531
11,B7239,41,40,2025-08-01 16:24:32,0,0,0,책 제목 363,김훈,역사,12024
21,B9282,149,73,2025-08-03 13:22:15,1,0,1,책 제목 638,히가시노 게이고,에세이,13662
77,B7931,73,19,2025-08-26 14:19:39,0,0,0,책 제목 145,베르나르 베르베르,소설,10607
33,B4822,175,96,2025-08-15 03:34:31,1,1,1,책 제목 177,김훈,자기계발,14440
55,B7864,22,21,2025-08-19 05:11:48,0,0,0,책 제목 604,한강,철학,23923
56,B2330,39,30,2025-08-16 05:08:50,0,0,0,책 제목 660,공지영,SF,19055
39,B3644,294,82,2025-08-01 06:29:46,1,1,1,책 제목 200,히가시노 게이고,소설,23986
22,B4040,202,89,2025-08-26 19:11:24,1,1,1,책 제목 928,정세랑,철학,15390
20,B1178,84,44,2025-08-30 01:37:19,0,0,0,책 제목 400,조정래,소설,10582
69,B2836,31,0,2025-08-16 14:42:44,0,0,0,책 제목 731,정세랑,자기계발,18253
7,B3326,89,48,2025-08-23 07:13:43,0,0,0,책 제목 58,히가시노 게이고,소설,17008
8,B9993,286,72,2025-08-08 11:13:14,1,0,1,책 제목 385,한강,추리,14652
28,B3132,84,5,2025-08-10 19:38:12,0,0,0,책 제목 375,한강,SF,12260
52,B6296,235,74,2025-08-17 18:31:27,1,0,1,책 제목 282,조정래,자기계발,18392
2,B8371,155,91,2025-08-05 12:13:13,1,1,1,책 제목 963,히가시노 게이고,철학,22315
24,B7370,186,86,2025-08-17 21:55:12,1,1,1,책 제목 360,공지영,SF,13318
30,B5536,96,48,2025-08-29 14:00:06,0,0,0,책 제목 686,베르나르 베르베르,로맨스,13149
1,B9312,85,35,2025-08-27 14:43:24,0,0,0,책 제목 123,정세랑,자기계발,21078
4,B2824,98,20,2025-08-18 06:45:49,0,0,0,책 제목 756,정세랑,자기계발,22635
98,B1291,96,49,2025-08-17 20:52:51,0,0,0,책 제목 409,정세랑,에세이,15492
33,B4074,215,75,2025-08-26 11:29:00,1,1,1,책 제목 665,히가시노 게이고,자기계발,21406
11,B6339,89,29,2025-08-25 06:50:01,0,0,0,책 제목 81,한강,추리,14129
55,B9298,176,98,2025-08-28 10:17:02,1,0,1,책 제목 751,김훈,자기계발,13374
63,B8212,236,73,2025-08-14 20:02:24,1,0,1,책 제목 382,한강,자기계발,23584
29,B6434,17,39,2025-08-03 11:06:43,0,0,0,책 제목 419,정세랑,로맨스,21305
1,B6031,114,80,2025-08-06 11:28:08,1,1,1,책 제목 381,공지영,철학,13558
58,B2045,72,24,2025-08-07 05:53:38,0,0,0,책 제목 550,공지영,에세이,15110
75,B6464,266,96,2025-08-06 04:32:25,1,0,1,책 제목 444,한강,에세이,21794
76,B1175,199,82,2025-08-19 00:55:06,1,1,1,책 제목 819,히가시노 게이고,로맨스,24594
9,B6851,190,87,2025-08-19 22:37:55,1,1,1,책 제목 259,조정래,자기계발,13008
58,B4102,46,43,2025-08-27 20:35:45,0,0,0,책 제목 653,히가시노 게이고,철학,14649
14,B6236,23,31,2025-08-24 07:15:38,0,0,0,책 제목 275,한강,소설,16400
28,B6140,54,37,2025-08-04 09:14:01,0,0,0,책 제목 288,무라카미 하루키,역사,21122
41,B9232,94,30,2025-08-08 01:22:03,0,0,0,책 제목 636,무라카미 하루키,로맨스,13403
60,B2233,27,45,2025-08-01 01:18:14,0,0,0,책 제목 356,무라카미 하루키,로맨스,23922
1,B5744,182,78,2025-08-21 10:25:24,1,0,1,책 제목 344,조정래,SF,15448
23,B6013,88,32,2025-08-16 00:49:32,0,0,0,책 제목 771,히가시노 게이고,SF,14721
52,B6245,154,72,2025-08-06 07:34:57,1,1,1,책 제목 900,히가시노 게이고,소설,20653
60,B3974,37,6,2025-08-23 08:42:39,0,0,0,책 제목 176,공지영,추리,14092
22,B1643,149,81,2025-08-08 09:47:33,1,1,1,책 제목 268,김훈,철학,18427
5,B7297,83,19,2025-08-05 18:16:17,0,0,0,책 제목 971,히가시노 게이고,에세이,19496
96,B2369,173,82,2025-08-08 05:35:13,1,1,1,책 제목 808,한강,에세이,23865
8,B9070,58,9,2025-08-24 11:38:42,0,0,0,책 제목 290,공지영,로맨스,23731
20,B6295,77,40,2025-08-13 22:08:41,0,0,0,책 제목 300,공지영,로맨스,20828
90,B4922,125,89,2025-08-02 00:37:48,1,0,1,책 제목 590,정세랑,로맨스,10405
47,B7860,71,6,2025-08-18 02:21:50,0,0,0,책 제목 235,무라카미 하루키,추리,18661
31,B6899,205,70,2025-08-14 10:06:48,1,1,1,책 제목 195,무라카미 하루키,자기계발,20332
12,B9133,18,5,2025-08-21 17:08:38,0,0,0,책 제목 27,한강,역사,12685
14,B4057,137,84,2025-08-07 23:31:43,1,0,1,책 제목 290,정세랑,역사,16511
84,B2290,18,19,2025-08-07 17:48:43,0,0,0,책 제목 824,정세랑,철학,18204
47,B6277,39,27,2025-08-01 23:42:30,0,0,0,책 제목 366,공지영,에세이,24716
59,B4026,27,47,2025-08-17 02:55:35,0,0,0,책 제목 453,무라카미 하루키,로맨스,20245
99,B4140,88,24,2025-08-17 22:00:59,0,0,0,책 제목 41,김훈,철학,17371
2,B3190,275,95,2025-08-19 16:32:17,1,1,1,책 제목 120,조정래,SF,22741
91,B6173,267,80,2025-08-12 12:14:13,1,0,1,책 제목 950,베르나르 베르베르,추리,24995
33,B4963,130,75,2025-08-15 04:41:16,1,0,1,책 제목 740,김훈,역사,16136
84,B1155,27,3,2025-08-15 01:06:59,0,0,0,책 제목 291,김훈,SF,24851
39,B8928,109,97,2025-08-02 01:02:20,1,1,1,책 제목 940,조정래,에세이,18226
79,B9618,10,44,2025-08-19 06:15:24,0,0,0,책 제목 702,정세랑,SF,13729
72,B6810,171,89,2025-08-12 13:29:34,1,0,1,책 제목 841,무라카미 하루키,철학,15429
42,B5453,156,91,2025-08-26 05:45:07,1,1,1,책 제목 933,베르나르 베르베르,자기계발,23691
42,B9582,169,87,2025-08-19 03:14:07,1,0,1,책 제목 397,베르나르 베르베르,자기계발,22116
86,B1353,62,35,2025-08-26 04:43:48,0,0,0,책 제목 6,정세랑,SF,10588
15,B8229,59,15,2025-08-06 15:10:26,0,0,0,책 제목 497,정세랑,소설,19215
4,B6630,218,80,2025-08-02 13:20:45,1,1,1,책 제목 619,김훈,로맨스,20335
42,B2707,229,99,2025-08-15 20:19:49,1,0,1,책 제목 669,히가시노 게이고,로맨스,17758
13,B7288,35,31,2025-08-15 18:07:36,0,0,0,책 제목 994,히가시노 게이고,철학,14332
14,B5702,248,77,2025-08-10 18:09:41,1,1,1,책 제목 110,공지영,SF,11735
32,B2848,122,83,2025-08-29 03:55:51,1,0,1,책 제목 447,무라카미 하루키,철학,19991
78,B2474,250,95,2025-08-01 10:00:35,1,1,1,책 제목 766,조정래,에세이,14406
7,B8975,261,92,2025-08-17 01:49:37,1,1,1,책 제목 215,김훈,소설,16995
21,B5166,283,71,2025-08-22 01:23:20,1,1,1,책 제목 348,조정래,철학,21029
74,B2476,253,80,2025-08-25 18:08:49,1,1,1,책 제목 421,정세랑,로맨스,23482
19,B2789,95,24,2025-08-13 03:02:18,0,0,0,책 제목 548,베르나르 베르베르,추리,24623
71,B3995,276,72,2025-08-18 18:08:10,1,1,1,책 제목 930,김훈,에세이,16999
86,B3747,284,99,2025-08-03 12:26:23,1,0,1,책 제목 558,공지영,에세이,13450
90,B8501,225,76,2025-08-30 11:29:42,1,0,1,책 제목 719,조정래,에세이,15105
11,B2917,94,19,2025-08-25 10:57:41,0,0,0,책 제목 273,공지영,SF,17762
74,B6686,279,84,2025-08-23 18:13:02,1,0,1,책 제목 387,정세랑,자기계발,10638
46,B7520,67,11,2025-08-28 19:15:12,0,0,0,책 제목 476,베르나르 베르베르,철학,17540
38,B2430,190,77,2025-08-16 20:41:25,1,1,1,책 제목 816,정세랑,로맨스,10780
61,B6869,171,90,2025-08-10 00:15:13,1,1,1,책 제목 480,김훈,철학,20205
52,B7930,8,27,2025-08-10 00:19:20,0,0,0,책 제목 460,한강,소설,14466
19,B1728,158,98,2025-08-07 21:13:41,1,0,1,책 제목 325,히가시노 게이고,소설,17032
24,B8098,70,2,2025-08-25 23:55:50,0,0,0,책 제목 394,공지영,로맨스,22342
91,B2702,48,13,2025-08-17 00:00:45,0,0,0,책 제목 341,정세랑,추리,21655
63,B4104,284,89,2025-08-12 23:00:24,1,0,1,책 제목 125,김훈,SF,11311
36,B7375,204,96,2025-08-24 10:53:15,1,0,1,책 제목 77,무라카미 하루키,소설,24025
93,B8364,260,73,2025-08-25 06:06:28,1,1,1,책 제목 276,공지영,역사,11774
72,B8666,241,81,2025-08-06 04:43:02,1,0,1,책 제목 184,조정래,역사,19358
16,B7464,226,86,2025-08-05 16:28:31,1,0,1,책 제목 177,정세랑,에세이,11412
59,B6639,294,72,2025-08-07 23:34:51,1,0,1,책 제목 487,무라카미 하루키,철학,13243
73,B7494,13,27,2025-08-13 16:36:53,0,0,0,책 제목 676,무라카미 하루키,에세이,22546
52,B7172,91,17,2025-08-29 21:01:43,0,0,0,책 제목 154,정세랑,역사,16883
20,B2336,63,4,2025-08-10 13:06:05,0,0,0,책 제목 76,정세랑,추리,16531
18,B2616,68,9,2025-08-21 13:57:24,0,0,0,책 제목 261,무라카미 하루키,추리,12824
23,B1453,93,12,2025-08-22 13:03:00,0,0,0,책 제목 417,한강,SF,22555
15,B3389,92,20,2025-08-18 02:00:19,0,0,0,책 제목 695,히가시노 게이고,소설,11942
74,B6136,111,72,2025-08-04 00:15:16,1,1,1,책 제목 799,한강,에세이,12958
40,B2512,122,80,2025-08-15 17:53:09,1,1,1,책 제목 220,무라카미 하루키,소설,24318
56,B7336,21,32,2025-08-23 10:41:49,0,0,0,책 제목 494,공지영,SF,12355
58,B3018,94,22,2025-08-02 09:52:17,0,0,0,책 제목 928,조정래,추리,13133
9,B6140,267,86,2025-08-01 06:27:55,1,0,1,책 제목 977,히가시노 게이고,철학,16738
90,B8986,295,96,2025-08-20 02:42:28,1,0,1,책 제목 407,히가시노 게이고,에세이,14059
44,B5596,246,72,2025-08-22 16:20:04,1,1,1,책 제목 151,무라카미 하루키,로맨스,16681
77,B7424,134,96,2025-08-26 02:31:08,1,0,1,책 제목 510,조정래,추리,10615
65,B1279,274,70,2025-08-12 14:27:09,1,0,1,책 제목 857,베르나르 베르베르,추리,13552
79,B6355,208,81,2025-08-28 06:01:16,1,0,1,책 제목 377,무라카미 하루키,추리,24937
13,B7965,188,99,2025-08-25 02:58:18,1,0,1,책 제목 804,정세랑,로맨스,11286
61,B7671,39,42,2025-08-21 02:51:08,0,0,0,책 제목 608,공지영,철학,17332
57,B1530,121,73,2025-08-26 05:58:53,1,0,1,책 제목 786,한강,역사,14120
98,B2095,211,84,2025-08-13 15:33:34,1,1,1,책 제목 511,무라카미 하루키,SF,11252
32,B6657,56,45,2025-08-03 06:17:08,0,0,0,책 제목 609,공지영,로맨스,21091
10,B5329,215,71,2025-08-18 23:41:34,1,0,1,책 제목 792,정세랑,에세이,23261
86,B4462,30,23,2025-08-22 05:01:40,0,0,0,책 제목 963,베르나르 베르베르,로맨스,15317
50,B2746,75,40,2025-08-09 04:06:54,0,0,0,책 제목 790,김훈,소설,16130
24,B7502,67,27,2025-08-24 14:02:55,0,0,0,책 제목 119,조정래,철학,22774
50,B9806,84,20,2025-08-21 19:08:49,0,0,0,책 제목 84,베르나르 베르베르,SF,18457
100,B3238,210,91,2025-08-07 05:13:18,1,0,1,책 제목 637,무라카미 하루키,추리,17943
80,B8146,87,29,2025-08-17 02:37:44,0,0,0,책 제목 424,정세랑,소설,12745
94,B8400,135,84,2025-08-28 02:33:55,1,1,1,책 제목 383,김훈,에세이,11762
57,B2228,200,73,2025-08-04 03:55:49,1,0,1,책 제목 471,히가시노 게이고,에세이,16509
27,B8987,75,38,2025-08-19 09:32:53,0,0,0,책 제목 281,베르나르 베르베르,역사,13740
56,B2557,30,12,2025-08-24 11:17:22,0,0,0,책 제목 985,김훈,철학,12169
70,B3096,41,37,2025-08-16 17:16:58,0,0,0,책 제목 393,무라카미 하루키,철학,16656
85,B7620,42,2,2025-08-15 00:10:13,0,0,0,책 제목 6,무라카미 하루키,추리,14350
59,B5326,37,15,2025-08-17 22:47:38,0,0,0,책 제목 647,무라카미 하루키,소설,10246
20,B4057,293,97,2025-08-17 05:06:31,1,0,1,책 제목 132,히가시노 게이고,철학,15983
45,B1954,286,74,2025-08-03 02:32:28,1,1,1,책 제목 549,한강,로맨스,20526
33,B7827,296,74,2025-08-27 23:55:17,1,1,1,책 제목 237,김훈,로맨스,11460
44,B3491,37,42,2025-08-04 08:40:31,0,0,0,책 제목 956,조정래,철학,10184
88,B1159,53,8,2025-08-17 16:43:47,0,0,0,책 제목 323,조정래,역사,20438
99,B7315,166,92,2025-08-23 09:42:52,1,1,1,책 제목 866,한강,자기계발,18737
98,B9528,244,98,2025-08-28 15:23:49,1,1,1,책 제목 710,히가시노 게이고,로맨스,18921
84,B6434,288,72,2025-08-14 06:26:15,1,0,1,책 제목 99,무라카미 하루키,소설,22028
59,B5496,68,18,2025-08-26 01:57:25,0,0,0,책 제목 839,공지영,에세이,14879
51,B9919,85,22,2025-08-07 03:29:52,0,0,0,책 제목 739,공지영,역사,17368
93,B8646,98,43,2025-08-10 21:13:52,0,0,0,책 제목 124,한강,추리,15315
39,B4244,171,85,2025-08-25 05:48:49,1,0,1,책 제목 11,한강,자기계발,20693
32,B1821,157,87,2025-08-13 04:08:10,1,1,1,책 제목 267,정세랑,추리,20118
97,B3490,90,15,2025-08-12 08:43:55,0,0,0,책 제목 625,한강,SF,21248
11,B1494,242,70,2025-08-08 23:29:36,1,0,1,책 제목 41,베르나르 베르베르,철학,21246
10,B5993,62,20,2025-08-07 11:43:11,0,0,0,책 제목 567,한강,역사,13205
84,B2049,194,75,2025-08-12 02:26:32,1,1,1,책 제목 797,정세랑,자기계발,12043
39,B1682,92,8,2025-08-08 06:25:15,0,0,0,책 제목 375,무라카미 하루키,역사,16032
92,B7264,157,91,2025-08-12 10:50:36,1,1,1,책 제목 984,히가시노 게이고,역사,23035
89,B4511,71,5,2025-08-03 22:37:45,0,0,0,책 제목 397,정세랑,로맨스,21589
13,B5808,39,10,2025-08-01 10:19:40,0,0,0,책 제목 544,베르나르 베르베르,역사,13883
20,B8582,42,43,2025-08-29 05:00:05,0,0,0,책 제목 780,베르나르 베르베르,역사,12603
97,B3470,50,31,2025-08-08 11:20:49,0,0,0,책 제목 296,히가시노 게이고,철학,10678
39,B5905,73,33,2025-08-11 14:43:12,0,0,0,책 제목 276,히가시노 게이고,로맨스,17334
8,B1574,15,1,2025-08-15 04:06:09,0,0,0,책 제목 774,정세랑,로맨스,18104
18,B7359,58,11,2025-08-02 04:35:51,0,0,0,책 제목 841,무라카미 하루키,SF,20002
50,B7429,39,42,2025-08-03 00:40:31,0,0,0,책 제목 849,히가시노 게이고,자기계발,20946
84,B7742,240,87,2025-08-10 03:29:01,1,1,1,책 제목 912,공지영,소설,19273
94,B6399,36,23,2025-08-11 04:56:19,0,0,0,책 제목 71,히가시노 게이고,소설,20508
82,B7827,67,31,2025-08-20 13:32:16,0,0,0,책 제목 536,무라카미 하루키,에세이,20585
86,B2175,246,79,2025-08-10 09:25:54,1,0,1,책 제목 138,히가시노 게이고,로맨스,15017
32,B1875,170,97,2025-08-15 01:35:58,1,0,1,책 제목 216,공지영,추리,18411
46,B3512,279,72,2025-08-12 05:03:36,1,0,1,책 제목 439,김훈,자기계발,17045
40,B6937,93,32,2025-08-05 16:05:52,0,0,0,책 제목 957,베르나르 베르베르,추리,24269
60,B7642,74,25,2025-08-27 19:23:45,0,0,0,책 제목 828,조정래,SF,15484
33,B4165,117,85,2025-08-06 08:58:30,1,0,1,책 제목 300,조정래,SF,20022
54,B5702,287,70,2025-08-08 12:05:07,1,0,1,책 제목 941,조정래,소설,10190
20,B6690,127,71,2025-08-17 10:25:45,1,0,1,책 제목 170,조정래,역사,24892
92,B2638,250,88,2025-08-16 19:44:24,1,0,1,책 제목 705,히가시노 게이고,철학,14623
95,B5067,182,95,2025-08-07 08:50:42,1,0,1,책 제목 428,김훈,자기계발,15869
81,B4707,182,95,2025-08-27 10:23:05,1,1,1,책 제목 869,히가시노 게이고,추리,23108
43,B5001,163,79,2025-08-17 14:10:41,1,0,1,책 제목 158,공지영,자기계발,21754
69,B3301,20,47,2025-08-14 04:42:50,0,0,0,책 제목 746,한강,추리,16361
83,B1630,73,18,2025-08-16 23:08:59,0,0,0,책 제목 123,김훈,철학,15200
52,B8475,69,26,2025-08-11 19:17:12,0,0,0,책 제목 74,무라카미 하루키,철학,14890
25,B5150,99,15,2025-08-21 11:20:28,0,0,0,책 제목 249,히가시노 게이고,자기계발,19911
61,B3828,287,97,2025-08-15 20:59:20,1,1,1,책 제목 750,김훈,로맨스,15276
66,B2252,9,4,2025-08-28 17:45:16,0,0,0,책 제목 141,조정래,에세이,16792
21,B4094,217,98,2025-08-05 12:36:51,1,0,1,책 제목 978,정세랑,역사,12581
31,B1102,124,82,2025-08-18 05:53:56,1,1,1,책 제목 110,정세랑,철학,12529
9,B4925,183,74,2025-08-03 13:57:14,1,1,1,책 제목 705,조정래,로맨스,17099
36,B1091,87,47,2025-08-14 23:49:17,0,0,0,책 제목 797,정세랑,추리,16382
68,B9416,210,71,2025-08-02 12:12:36,1,0,1,책 제목 820,정세랑,철학,12849
93,B8945,146,80,2025-08-11 19:21:28,1,1,1,책 제목 936,김훈,자기계발,11019
52,B7361,26,15,2025-08-23 12:45:14,0,0,0,책 제목 688,무라카미 하루키,소설,23431
44,B9528,68,31,2025-08-18 17:37:19,0,0,0,책 제목 604,김훈,역사,12098
11,B8071,45,7,2025-08-29 23:27:23,0,0,0,책 제목 735,공지영,로맨스,16985
24,B5734,155,83,2025-08-22 00:30:50,1,0,1,책 제목 833,김훈,SF,21767
90,B7039,231,87,2025-08-26 05:49:05,1,0,1,책 제목 77,히가시노 게이고,로맨스,21780
32,B6546,78,22,2025-08-01 14:06:58,0,0,0,책 제목 600,김훈,철학,14511
5,B3573,9,12,2025-08-08 04:37:38,0,0,0,책 제목 965,히가시노 게이고,에세이,22171
81,B3473,66,38,2025-08-18 11:31:07,0,0,0,책 제목 65,한강,에세이,23457
56,B3528,278,72,2025-08-03 18:23:37,1,0,1,책 제목 447,히가시노 게이고,에세이,15394
37,B4951,110,73,2025-08-15 17:01:36,1,0,1,책 제목 479,조정래,추리,18378
15,B7884,28,13,2025-08-16 08:18:07,0,0,0,책 제목 577,공지영,철학,15830
39,B3473,163,95,2025-08-23 16:04:51,1,1,1,책 제목 960,정세랑,로맨스,10489
30,B2569,80,29,2025-08-12 03:14:27,0,0,0,책 제목 430,공지영,로맨스,24244
32,B8701,140,97,2025-08-22 08:03:20,1,0,1,책 제목 400,무라카미 하루키,소설,24151
3,B7247,70,27,2025-08-01 21:39:54,0,0,0,책 제목 837,공지영,철학,22282
37,B2824,63,17,2025-08-08 14:48:59,0,0,0,책 제목 98,공지영,SF,14920
29,B1558,71,47,2025-08-30 15:22:51,0,0,0,책 제목 234,베르나르 베르베르,로맨스,22771
25,B8572,235,85,2025-08-17 10:08:17,1,0,1,책 제목 585,조정래,SF,22289
74,B7285,250,99,2025-08-16 13:07:56,1,0,1,책 제목 864,조정래,철학,22595
81,B4337,274,87,2025-08-14 17:31:33,1,1,1,책 제목 851,공지영,자기계발,15083
67,B6097,184,98,2025-08-12 23:00:37,1,0,1,책 제목 921,공지영,자기계발,24626
34,B1257,241,71,2025-08-14 17:08:15,1,0,1,책 제목 850,조정래,추리,20553
24,B9688,48,46,2025-08-21 14:05:27,0,0,0,책 제목 258,무라카미 하루키,SF,11709
34,B4987,64,48,2025-08-22 02:39:08,0,0,0,책 제목 649,공지영,추리,10404
44,B3633,244,95,2025-08-15 21:23:34,1,0,1,책 제목 484,히가시노 게이고,소설,16361
5,B8090,62,8,2025-08-27 02:36:43,0,0,0,책 제목 979,베르나르 베르베르,철학,18890
67,B3416,264,75,2025-08-22 10:46:47,1,0,1,책 제목 732,공지영,역사,13841
27,B7426,252,82,2025-08-19 21:57:04,1,0,1,책 제목 323,공지영,역사,14603
97,B3884,97,14,2025-08-29 02:13:20,0,0,0,책 제목 293,한강,소설,18093
68,B4672,12,24,2025-08-11 11:05:23,0,0,0,책 제목 371,한강,철학,19301
29,B3194,103,95,2025-08-15 11:42:55,1,1,1,책 제목 971,히가시노 게이고,소설,19449
21,B4016,199,82,2025-08-24 17:25:27,1,1,1,책 제목 111,정세랑,철학,21996
34,B1167,138,99,2025-08-22 18:04:50,1,1,1,책 제목 115,정세랑,추리,14268
57,B6013,183,74,2025-08-25 15:38:05,1,1,1,책 제목 553,김훈,로맨스,13760
37,B3840,23,7,2025-08-05 03:32:29,0,0,0,책 제목 85,조정래,SF,22809
66,B3981,46,49,2025-08-27 23:32:14,0,0,0,책 제목 551,히가시노 게이고,역사,11283
58,B7792,78,33,2025-08-10 11:46:13,0,0,0,책 제목 343,김훈,에세이,22679
90,B2972,107,87,2025-08-08 11:48:16,1,0,1,책 제목 540,공지영,로맨스,19206
26,B4065,64,49,2025-08-22 07:10:20,0,0,0,책 제목 225,공지영,철학,13339
12,B2759,134,70,2025-08-13 15:28:21,1,0,1,책 제목 3,김훈,소설,21835
43,B6130,95,40,2025-08-03 11:07:34,0,0,0,책 제목 108,조정래,역사,19377
47,B2620,45,30,2025-08-10 17:24:28,0,0,0,책 제목 950,한강,로맨스,11410
29,B4001,85,38,2025-08-26 18:23:37,0,0,0,책 제목 846,히가시노 게이고,로맨스,20139
32,B7891,284,81,2025-08-12 10:20:26,1,1,1,책 제목 679,무라카미 하루키,역사,18622
47,B3833,77,8,2025-08-02 17:22:20,0,0,0,책 제목 705,정세랑,로맨스,20437
17,B5126,53,11,2025-08-08 01:56:36,0,0,0,책 제목 544,베르나르 베르베르,추리,11847
97,B8386,255,93,2025-08-21 09:16:09,1,0,1,책 제목 447,조정래,로맨스,15213
46,B3472,7,48,2025-08-09 02:38:51,0,0,0,책 제목 600,베르나르 베르베르,SF,12460
47,B4938,234,80,2025-08-18 06:04:01,1,1,1,책 제목 929,김훈,SF,19963
18,B9789,100,95,2025-08-23 02:43:37,1,1,1,책 제목 948,무라카미 하루키,추리,12646
57,B7602,129,98,2025-08-02 06:29:39,1,1,1,책 제목 62,정세랑,역사,12173
81,B6800,40,18,2025-08-24 14:27:26,0,0,0,책 제목 354,공지영,에세이,22654
9,B3523,285,98,2025-08-29 04:03:48,1,1,1,책 제목 637,한강,역사,10074
30,B7796,18,29,2025-08-25 23:41:40,0,0,0,책 제목 980,한강,추리,18422
11,B6701,44,0,2025-08-26 01:47:38,0,0,0,책 제목 182,베르나르 베르베르,자기계발,13342
51,B4720,63,41,2025-08-01 08:47:09,0,0,0,책 제목 559,공지영,역사,14811
29,B6604,89,30,2025-08-28 09:12:06,0,0,0,책 제목 181,무라카미 하루키,자기계발,19786
13,B5621,29,43,2025-08-26 12:05:31,0,0,0,책 제목 32,조정래,철학,23913
65,B9931,132,70,2025-08-17 06:05:30,1,1,1,책 제목 285,김훈,소설,15732
76,B7835,97,24,2025-08-02 12:04:11,0,0,0,책 제목 326,한강,소설,16041
8,B9407,100,95,2025-08-28 01:38:03,1,1,1,책 제목 82,조정래,자기계발,10933
58,B8857,260,90,2025-08-16 19:56:03,1,1,1,책 제목 530,공지영,철학,20700
56,B1790,262,97,2025-08-10 19:23:25,1,1,1,책 제목 326,정세랑,소설,12887
28,B5527,68,28,2025-08-03 23:25:37,0,0,0,책 제목 191,무라카미 하루키,소설,16163
96,B8441,96,26,2025-08-07 22:49:37,0,0,0,책 제목 195,조정래,에세이,15984
61,B3489,171,87,2025-08-13 23:06:02,1,1,1,책 제목 323,정세랑,추리,14204
30,B2011,159,87,2025-08-16 13:20:27,1,1,1,책 제목 404,히가시노 게이고,역사,20971
13,B2103,176,84,2025-08-26 21:51:13,1,0,1,책 제목 419,김훈,에세이,11138
91,B1982,54,22,2025-08-12 18:29:32,0,0,0,책 제목 987,공지영,역사,19284
56,B1817,94,38,2025-08-08 02:14:00,0,0,0,책 제목 49,조정래,철학,23348
61,B2234,154,78,2025-08-23 23:58:38,1,1,1,책 제목 549,공지영,소설,18078
35,B9820,289,97,2025-08-06 08:33:05,1,1,1,책 제목 931,한강,SF,15105
6,B3904,72,34,2025-08-25 19:51:14,0,0,0,책 제목 131,한강,철학,12094
59,B6298,231,92,2025-08-19 00:19:56,1,1,1,책 제목 212,조정래,소설,18770
92,B4104,110,79,2025-08-03 09:09:28,1,1,1,책 제목 617,베르나르 베르베르,역사,20829
47,B2162,65,27,2025-08-24 05:09:49,0,0,0,책 제목 746,한강,SF,20694
21,B8876,152,92,2025-08-03 06:56:15,1,1,1,책 제목 89,조정래,로맨스,20808
17,B5063,62,13,2025-08-30 15:59:06,0,0,0,책 제목 774,조정래,소설,19257
27,B6263,40,24,2025-08-13 08:39:39,0,0,0,책 제목 276,김훈,역사,13681
49,B7645,268,91,2025-08-13 15:36:55,1,0,1,책 제목 505,한강,에세이,16256
86,B5451,66,28,2025-08-12 04:55:21,0,0,0,책 제목 899,한강,자기계발,14109
71,B6162,100,77,2025-08-19 07:11:14,1,0,1,책 제목 359,공지영,SF,21595
67,B8156,240,73,2025-08-03 21:30:31,1,0,1,책 제목 533,조정래,SF,22940
75,B8814,168,75,2025-08-05 11:47:56,1,1,1,책 제목 876,정세랑,추리,14648
30,B1136,82,24,2025-08-16 17:29:50,0,0,0,책 제목 970,한강,철학,16533
6,B4584,288,92,2025-08-30 17:55:15,1,0,1,책 제목 126,공지영,소설,16871
16,B8409,223,71,2025-08-26 19:18:43,1,0,1,책 제목 340,김훈,로맨스,15818
44,B2035,84,29,2025-08-16 08:20:59,0,0,0,책 제목 895,히가시노 게이고,역사,13491
15,B4168,276,82,2025-08-24 00:34:11,1,0,1,책 제목 318,조정래,추리,12137
24,B9250,54,15,2025-08-06 21:03:20,0,0,0,책 제목 164,베르나르 베르베르,소설,16539
36,B8450,58,47,2025-08-13 14:06:39,0,0,0,책 제목 443,베르나르 베르베르,SF,10877
77,B6297,221,90,2025-08-14 10:15:52,1,0,1,책 제목 627,공지영,추리,23139
95,B1522,289,72,2025-08-02 23:34:37,1,1,1,책 제목 873,베르나르 베르베르,역사,10446
32,B9626,219,90,2025-08-28 15:55:37,1,0,1,책 제목 342,무라카미 하루키,자기계발,19759
51,B2571,167,95,2025-08-16 13:30:13,1,1,1,책 제목 400,조정래,SF,20793
1,B9103,43,41,2025-08-17 17:03:11,0,0,0,책 제목 131,히가시노 게이고,로맨스,24849
18,B6070,21,16,2025-08-03 00:37:17,0,0,0,책 제목 95,정세랑,로맨스,21998
80,B6359,40,42,2025-08-23 14:21:52,0,0,0,책 제목 99,김훈,자기계발,19063
100,B9779,194,97,2025-08-12 23:16:26,1,1,1,책 제목 11,정세랑,자기계발,18682
69,B5941,255,96,2025-08-07 17:38:24,1,1,1,책 제목 596,정세랑,역사,19221
67,B5806,228,94,2025-08-12 09:25:46,1,0,1,책 제목 448,공지영,로맨스,22221
90,B5452,183,95,2025-08-10 02:30:35,1,1,1,책 제목 622,정세랑,역사,10160
82,B6921,116,93,2025-08-18 08:55:48,1,1,1,책 제목 917,정세랑,철학,12866
9,B3466,21,36,2025-08-08 12:44:20,0,0,0,책 제목 91,김훈,자기계발,19945
27,B1499,210,77,2025-08-22 03:12:57,1,0,1,책 제목 314,김훈,에세이,13727
76,B8101,22,46,2025-08-17 02:11:17,0,0,0,책 제목 777,조정래,자기계발,23368
26,B4740,74,43,2025-08-24 19:15:47,0,0,0,책 제목 28,정세랑,역사,11563
17,B7739,207,90,2025-08-22 18:56:22,1,0,1,책 제목 52,히가시노 게이고,철학,20623
94,B9742,75,20,2025-08-29 08:33:40,0,0,0,책 제목 401,조정래,에세이,20078
94,B7174,217,84,2025-08-29 01:40:07,1,0,1,책 제목 535,공지영,추리,10262
30,B2376,222,79,2025-08-05 20:42:42,1,1,1,책 제목 164,공지영,SF,24162
83,B9025,293,77,2025-08-26 06:22:06,1,1,1,책 제목 680,한강,역사,17263
39,B8685,256,95,2025-08-20 11:29:38,1,1,1,책 제목 844,히가시노 게이고,철학,20318
50,B3373,157,74,2025-08-22 23:11:23,1,1,1,책 제목 569,히가시노 게이고,추리,19533
30,B4107,64,49,2025-08-13 14:57:59,0,0,0,책 제목 17,베르나르 베르베르,에세이,11331
38,B3335,47,34,2025-08-21 07:01:53,0,0,0,책 제목 627,베르나르 베르베르,역사,20469
22,B2676,86,15,2025-08-06 04:24:35,0,0,0,책 제목 182,한강,에세이,14235
85,B4409,15,21,2025-08-14 18:14:38,0,0,0,책 제목 168,김훈,로맨스,12825
45,B4130,68,30,2025-08-11 18:41:50,0,0,0,책 제목 355,정세랑,역사,24792
79,B2055,152,79,2025-08-03 05:37:49,1,0,1,책 제목 17,히가시노 게이고,SF,21788
92,B6255,66,37,2025-08-07 15:47:37,0,0,0,책 제목 843,조정래,자기계발,18824
66,B9361,96,23,2025-08-04 13:40:44,0,0,0,책 제목 657,히가시노 게이고,소설,24408
31,B7133,39,36,2025-08-07 09:47:00,0,0,0,책 제목 1000,정세랑,역사,23969
37,B7017,33,13,2025-08-28 20:36:07,0,0,0,책 제목 492,한강,자기계발,17422
19,B9372,224,87,2025-08-05 16:50:45,1,0,1,책 제목 803,공지영,역사,16106
11,B9490,76,13,2025-08-21 04:41:59,0,0,0,책 제목 790,무라카미 하루키,에세이,22911
48,B3257,15,5,2025-08-30 07:06:36,0,0,0,책 제목 685,베르나르 베르베르,소설,13990
98,B1340,167,95,2025-08-18 15:19:42,1,1,1,책 제목 125,정세랑,소설,22258
92,B2221,19,0,2025-08-02 21:41:26,0,0,0,책 제목 519,한강,자기계발,16144
81,B5755,94,20,2025-08-07 02:29:00,0,0,0,책 제목 255,베르나르 베르베르,철학,21609
4,B4520,45,4,2025-08-16 01:56:10,0,0,0,책 제목 582,히가시노 게이고,소설,17759
98,B7593,43,6,2025-08-21 03:55:15,0,0,0,책 제목 340,조정래,에세이,11587
69,B3689,206,87,2025-08-21 03:51:28,1,0,1,책 제목 223,베르나르 베르베르,소설,12402
90,B1192,52,42,2025-08-28 00:53:58,0,0,0,책 제목 887,김훈,에세이,19727
73,B6181,257,86,2025-08-07 21:09:17,1,1,1,책 제목 223,히가시노 게이고,자기계발,24570
91,B2449,78,1,2025-08-10 04:56:55,0,0,0,책 제목 89,공지영,자기계발,13611
46,B3736,55,8,2025-08-11 08:29:46,0,0,0,책 제목 516,정세랑,자기계발,13380
63,B7696,188,71,2025-08-13 00:25:47,1,0,1,책 제목 412,김훈,철학,15543
73,B2084,255,84,2025-08-04 19:33:58,1,0,1,책 제목 223,정세랑,철학,20693
31,B6939,171,77,2025-08-03 05:10:20,1,0,1,책 제목 311,정세랑,추리,16132
70,B8782,39,22,2025-08-28 19:16:11,0,0,0,책 제목 335,무라카미 하루키,소설,13483
79,B9637,103,76,2025-08-14 21:05:51,1,1,1,책 제목 435,한강,SF,20750
34,B4894,89,25,2025-08-21 15:36:50,0,0,0,책 제목 694,공지영,로맨스,14635
67,B8770,204,77,2025-08-20 12:37:03,1,1,1,책 제목 839,한강,에세이,22478
65,B7711,262,72,2025-08-02 11:05:10,1,0,1,책 제목 291,한강,역사,13674
46,B5537,107,77,2025-08-18 09:51:54,1,1,1,책 제목 238,한강,에세이,15944
6,B5195,27,15,2025-08-10 12:33:25,0,0,0,책 제목 689,한강,에세이,23284
89,B3590,122,74,2025-08-27 14:09:56,1,0,1,책 제목 798,한강,소설,20916
35,B6662,67,36,2025-08-25 11:07:20,0,0,0,책 제목 923,김훈,소설,19689
49,B2972,152,81,2025-08-26 17:26:49,1,0,1,책 제목 218,공지영,로맨스,15791
89,B1502,35,49,2025-08-06 06:12:57,0,0,0,책 제목 377,베르나르 베르베르,에세이,17641
69,B3532,47,25,2025-08-19 01:09:26,0,0,0,책 제목 485,조정래,역사,24245
19,B7147,81,19,2025-08-17 04:36:02,0,0,0,책 제목 366,베르나르 베르베르,추리,12692
92,B7723,70,47,2025-08-25 17:28:41,0,0,0,책 제목 946,베르나르 베르베르,로맨스,14459
80,B8001,169,93,2025-08-05 19:49:38,1,1,1,책 제목 801,무라카미 하루키,역사,11124
45,B4338,20,36,2025-08-17 09:21:24,0,0,0,책 제목 585,김훈,SF,20190
13,B8157,13,21,2025-08-01 12:57:18,0,0,0,책 제목 133,무라카미 하루키,로맨스,21268
15,B3282,126,91,2025-08-18 04:55:16,1,0,1,책 제목 455,한강,자기계발,23993
76,B2624,67,8,2025-08-10 00:41:20,0,0,0,책 제목 875,히가시노 게이고,SF,14320
40,B5230,39,48,2025-08-29 16:25:00,0,0,0,책 제목 784,히가시노 게이고,에세이,16196
45,B4245,14,22,2025-08-06 00:39:12,0,0,0,책 제목 916,한강,SF,10138
65,B7260,95,38,2025-08-06 14:48:07,0,0,0,책 제목 723,베르나르 베르베르,철학,12508
22,B4432,291,75,2025-08-12 07:41:20,1,0,1,책 제목 213,김훈,추리,17848
8,B4403,32,4,2025-08-12 17:46:31,0,0,0,책 제목 15,한강,소설,11812
23,B2505,69,46,2025-08-13 12:36:09,0,0,0,책 제목 822,한강,소설,19196
60,B2636,20,1,2025-08-01 16:56:49,0,0,0,책 제목 333,정세랑,로맨스,16018
86,B7275,265,72,2025-08-03 14:23:25,1,1,1,책 제목 180,베르나르 베르베르,자기계발,16439
83,B6732,261,74,2025-08-04 09:16:15,1,0,1,책 제목 598,베르나르 베르베르,추리,11524
22,B9054,284,87,2025-08-10 22:22:38,1,1,1,책 제목 50,무라카미 하루키,자기계발,11256
6,B9331,43,3,2025-08-22 17:33:51,0,0,0,책 제목 268,한강,에세이,15724
92,B7737,48,30,2025-08-19 12:53:02,0,0,0,책 제목 563,김훈,SF,22417
36,B8832,18,10,2025-08-25 00:18:42,0,0,0,책 제목 510,김훈,철학,16460
4,B1301,83,5,2025-08-15 21:50:20,0,0,0,책 제목 567,조정래,로맨스,10444
14,B5753,16,6,2025-08-19 07:03:42,0,0,0,책 제목 12,조정래,추리,19637
92,B3601,200,99,2025-08-23 07:47:34,1,0,1,책 제목 686,베르나르 베르베르,SF,16543
97,B6210,98,25,2025-08-21 11:14:54,0,0,0,책 제목 12,한강,로맨스,23081
56,B6955,205,88,2025-08-19 16:52:32,1,1,1,책 제목 182,무라카미 하루키,추리,12180
55,B9543,172,76,2025-08-09 12:12:02,1,1,1,책 제목 123,정세랑,추리,23861
38,B2076,258,95,2025-08-26 19:13:00,1,1,1,책 제목 615,무라카미 하루키,역사,12071
40,B6703,45,47,2025-08-20 14:13:52,0,0,0,책 제목 219,한강,로맨스,22448
12,B9818,52,30,2025-08-24 10:48:11,0,0,0,책 제목 822,무라카미 하루키,로맨스,18402
9,B3758,14,43,2025-08-27 16:17:24,0,0,0,책 제목 924,김훈,철학,15353
43,B8414,161,98,2025-08-29 10:14:30,1,1,1,책 제목 681,무라카미 하루키,철학,24490
29,B3805,29,41,2025-08-29 14:58:59,0,0,0,책 제목 372,히가시노 게이고,에세이,18884
49,B9416,50,36,2025-08-22 18:50:26,0,0,0,책 제목 895,히가시노 게이고,추리,16363
86,B6464,213,84,2025-08-17 07:53:28,1,0,1,책 제목 619,한강,로맨스,13510
4,B1615,13,2,2025-08-10 00:56:15,0,0,0,책 제목 86,베르나르 베르베르,로맨스,12218
48,B4722,68,14,2025-08-25 14:06:05,0,0,0,책 제목 818,조정래,추리,16802
36,B1654,148,84,2025-08-11 09:34:48,1,0,1,책 제목 118,무라카미 하루키,로맨스,15086
56,B4390,248,85,2025-08-09 03:21:26,1,0,1,책 제목 744,정세랑,로맨스,22805
36,B8142,276,88,2025-08-12 18:58:45,1,1,1,책 제목 691,정세랑,SF,15731
73,B6132,158,74,2025-08-20 19:52:16,1,1,1,책 제목 770,조정래,자기계발,11229
23,B7269,146,95,2025-08-01 21:07:57,1,1,1,책 제목 874,공지영,SF,18554
38,B3775,169,83,2025-08-18 09:08:01,1,1,1,책 제목 393,무라카미 하루키,에세이,20603
11,B4640,217,85,2025-08-13 09:57:27,1,1,1,책 제목 676,베르나르 베르베르,자기계발,19091
20,B7645,287,75,2025-08-21 07:09:27,1,1,1,책 제목 66,김훈,에세이,20659
69,B9139,245,71,2025-08-13 13:53:07,1,1,1,책 제목 656,베르나르 베르베르,SF,10989
93,B8896,52,9,2025-08-23 04:48:55,0,0,0,책 제목 183,김훈,추리,20334
63,B3912,130,73,2025-08-08 01:38:44,1,0,1,책 제목 466,베르나르 베르베르,에세이,23840
71,B4431,285,99,2025-08-21 07:17:16,1,1,1,책 제목 833,베르나르 베르베르,소설,16293
77,B6512,45,47,2025-08-23 16:58:41,0,0,0,책 제목 261,정세랑,SF,23541
78,B6186,271,95,2025-08-09 19:46:11,1,1,1,책 제목 431,공지영,SF,23913
42,B9402,26,19,2025-08-21 20:37:52,0,0,0,책 제목 431,베르나르 베르베르,철학,24104
4,B6718,13,0,2025-08-05 07:39:05,0,0,0,책 제목 633,무라카미 하루키,자기계발,23733
76,B8035,19,49,2025-08-10 01:52:06,0,0,0,책 제목 191,히가시노 게이고,철학,15497
43,B5095,226,75,2025-08-15 17:06:49,1,0,1,책 제목 378,김훈,에세이,13096
46,B5208,167,96,2025-08-18 23:50:23,1,0,1,책 제목 369,베르나르 베르베르,역사,11040
13,B2946,81,14,2025-08-11 03:20:58,0,0,0,책 제목 48,한강,SF,17619
33,B9626,17,36,2025-08-08 00:13:19,0,0,0,책 제목 498,한강,SF,20402
73,B6320,198,71,2025-08-20 16:07:40,1,0,1,책 제목 735,한강,로맨스,11366
72,B7849,30,46,2025-08-08 01:56:21,0,0,0,책 제목 830,조정래,로맨스,10634
85,B1600,226,88,2025-08-18 02:34:41,1,1,1,책 제목 416,조정래,역사,24409
13,B3253,86,4,2025-08-07 00:16:22,0,0,0,책 제목 239,조정래,추리,21638
38,B2170,229,72,2025-08-23 10:17:58,1,1,1,책 제목 695,히가시노 게이고,추리,21382
96,B5912,237,95,2025-08-11 06:27:05,1,1,1,책 제목 168,히가시노 게이고,SF,19823
30,B1607,215,98,2025-08-30 16:48:19,1,1,1,책 제목 761,베르나르 베르베르,소설,10692
97,B9608,123,96,2025-08-08 22:37:48,1,1,1,책 제목 333,베르나르 베르베르,소설,23281
12,B3991,71,22,2025-08-21 19:07:50,0,0,0,책 제목 660,공지영,추리,19110
67,B2092,274,94,2025-08-10 23:23:09,1,1,1,책 제목 923,무라카미 하루키,소설,15832
23,B1933,89,36,2025-08-19 09:52:06,0,0,0,책 제목 246,무라카미 하루키,역사,20265
14,B1031,114,77,2025-08-07 12:51:25,1,0,1,책 제목 266,김훈,에세이,21990
23,B6389,200,82,2025-08-05 13:39:28,1,0,1,책 제목 825,히가시노 게이고,역사,12120
19,B6201,94,31,2025-08-09 09:48:07,0,0,0,책 제목 630,김훈,에세이,21373
93,B7372,272,73,2025-08-14 17:40:37,1,0,1,책 제목 412,베르나르 베르베르,소설,24541
3,B2921,223,89,2025-08-23 09:08:51,1,0,1,책 제목 701,조정래,역사,22411
21,B4676,284,85,2025-08-11 01:42:03,1,1,1,책 제목 388,공지영,역사,19454
82,B8493,40,30,2025-08-01 05:23:36,0,0,0,책 제목 621,히가시노 게이고,로맨스,23672
54,B4582,265,97,2025-08-20 23:34:30,1,1,1,책 제목 366,김훈,철학,24468
66,B5712,281,70,2025-08-29 03:56:19,1,1,1,책 제목 47,공지영,SF,21796
61,B8116,218,91,2025-08-02 08:19:41,1,1,1,책 제목 566,무라카미 하루키,로맨스,24373
78,B4577,183,70,2025-08-08 14:25:02,1,0,1,책 제목 769,조정래,에세이,23924
86,B6836,91,39,2025-08-03 12:03:14,0,0,0,책 제목 843,한강,SF,22866
95,B2067,298,83,2025-08-15 05:30:58,1,0,1,책 제목 775,공지영,소설,15057
10,B1799,116,79,2025-08-24 03:02:53,1,0,1,책 제목 53,김훈,에세이,19116
69,B9454,31,7,2025-08-09 20:59:11,0,0,0,책 제목 285,조정래,소설,19984
97,B3881,89,29,2025-08-15 21:10:44,0,0,0,책 제목 618,김훈,에세이,14144
31,B2637,120,97,2025-08-14 04:38:49,1,1,1,책 제목 249,베르나르 베르베르,자기계발,18381
72,B5285,134,98,2025-08-22 10:15:17,1,0,1,책 제목 984,히가시노 게이고,역사,16078
28,B6771,23,8,2025-08-13 15:35:24,0,0,0,책 제목 5,조정래,에세이,15651
2,B9082,48,2,2025-08-22 15:57:06,0,0,0,책 제목 65,베르나르 베르베르,로맨스,14553
44,B8328,181,75,2025-08-20 22:32:30,1,1,1,책 제목 699,공지영,소설,11879
81,B2847,64,10,2025-08-16 07:30:20,0,0,0,책 제목 312,정세랑,자기계발,10602
69,B7714,13,11,2025-08-09 14:34:41,0,0,0,책 제목 315,조정래,철학,16629
39,B3966,17,2,2025-08-13 20:51:11,0,0,0,책 제목 483,김훈,역사,22638
51,B3512,30,9,2025-08-29 19:03:31,0,0,0,책 제목 736,공지영,역사,11334
63,B2828,56,28,2025-08-22 10:09:22,0,0,0,책 제목 443,김훈,역사,10559
19,B5953,56,17,2025-08-04 15:35:15,0,0,0,책 제목 786,히가시노 게이고,에세이,13138
8,B5629,138,97,2025-08-06 13:16:49,1,1,1,책 제목 915,정세랑,소설,22608
27,B2768,136,99,2025-08-01 07:23:36,1,0,1,책 제목 400,공지영,SF,24119
39,B7682,6,41,2025-08-16 11:35:52,0,0,0,책 제목 516,공지영,추리,20043
78,B5286,66,41,2025-08-02 10:13:19,0,0,0,책 제목 953,베르나르 베르베르,에세이,12149
19,B6867,111,72,2025-08-21 06:46:14,1,1,1,책 제목 859,공지영,자기계발,17980
49,B7367,46,24,2025-08-10 00:39:17,0,0,0,책 제목 655,공지영,자기계발,23436
74,B1973,70,34,2025-08-25 20:25:18,0,0,0,책 제목 465,조정래,추리,15622
88,B6902,175,91,2025-08-02 13:57:25,1,1,1,책 제목 379,한강,철학,14131
88,B1968,68,28,2025-08-01 09:46:27,0,0,0,책 제목 69,조정래,에세이,16240
7,B8339,55,48,2025-08-26 07:16:43,0,0,0,책 제목 552,정세랑,소설,21483
16,B6535,219,88,2025-08-25 14:23:23,1,1,1,책 제목 377,정세랑,SF,15177
95,B7400,274,89,2025-08-14 16:55:41,1,1,1,책 제목 780,정세랑,에세이,19335
85,B9751,59,13,2025-08-23 14:58:22,0,0,0,책 제목 276,공지영,에세이,23313
57,B9683,159,75,2025-08-17 12:42:07,1,1,1,책 제목 659,김훈,자기계발,11884
48,B7919,84,32,2025-08-01 14:43:30,0,0,0,책 제목 783,히가시노 게이고,역사,12708
93,B7887,103,98,2025-08-26 23:12:21,1,1,1,책 제목 950,김훈,추리,10920
66,B9697,297,86,2025-08-18 15:58:42,1,0,1,책 제목 755,한강,소설,16900
29,B1407,9,25,2025-08-11 12:43:54,0,0,0,책 제목 167,김훈,에세이,20109
59,B7082,290,72,2025-08-19 01:14:17,1,1,1,책 제목 748,공지영,에세이,13722
12,B7264,244,97,2025-08-02 18:55:36,1,0,1,책 제목 579,베르나르 베르베르,SF,11985
9,B1801,86,22,2025-08-26 16:47:55,0,0,0,책 제목 108,조정래,추리,15886
42,B4967,112,82,2025-08-26 14:54:57,1,1,1,책 제목 13,히가시노 게이고,소설,18996
3,B5875,72,23,2025-08-25 20:42:44,0,0,0,책 제목 457,조정래,소설,20153
31,B2829,278,99,2025-08-07 01:52:14,1,0,1,책 제목 275,히가시노 게이고,역사,20954
94,B4143,23,32,2025-08-25 08:33:05,0,0,0,책 제목 684,정세랑,자기계발,11102
45,B7018,213,81,2025-08-05 05:12:39,1,1,1,책 제목 176,베르나르 베르베르,에세이,19905
84,B4065,191,99,2025-08-11 21:59:47,1,1,1,책 제목 461,김훈,철학,23629
9,B9824,28,7,2025-08-29 09:06:16,0,0,0,책 제목 431,한강,소설,21629
5,B3484,175,79,2025-08-19 20:40:18,1,1,1,책 제목 604,김훈,철학,20930
63,B4579,286,98,2025-08-17 00:39:35,1,1,1,책 제목 837,베르나르 베르베르,역사,17221
62,B4759,133,82,2025-08-20 14:24:41,1,0,1,책 제목 729,베르나르 베르베르,자기계발,16792
55,B8586,256,77,2025-08-18 12:58:29,1,1,1,책 제목 984,히가시노 게이고,자기계발,22995
13,B7588,48,4,2025-08-24 22:34:04,0,0,0,책 제목 484,정세랑,에세이,22797
98,B2675,287,91,2025-08-01 13:30:39,1,0,1,책 제목 520,조정래,소설,20686
89,B1682,154,85,2025-08-15 19:43:37,1,1,1,책 제목 170,무라카미 하루키,SF,12493
25,B9246,21,31,2025-08-16 01:28:08,0,0,0,책 제목 795,조정래,로맨스,14055
47,B1538,90,12,2025-08-19 06:58:16,0,0,0,책 제목 473,히가시노 게이고,에세이,24423
33,B6534,13,38,2025-08-02 16:28:31,0,0,0,책 제목 369,조정래,역사,14674
30,B3517,171,99,2025-08-22 00:39:20,1,0,1,책 제목 237,히가시노 게이고,SF,20245
39,B1510,170,95,2025-08-17 14:24:29,1,0,1,책 제목 798,공지영,역사,24051
43,B7314,85,3,2025-08-26 15:48:55,0,0,0,책 제목 445,조정래,로맨스,24098
75,B4201,87,32,2025-08-30 16:21:02,0,0,0,책 제목 664,한강,로맨스,18719
25,B9446,106,83,2025-08-25 17:23:53,1,1,1,책 제목 764,한강,역사,23704
65,B4170,71,26,2025-08-21 08:56:17,0,0,0,책 제목 876,정세랑,SF,17965
64,B9132,130,73,2025-08-19 06:30:08,1,1,1,책 제목 907,베르나르 베르베르,에세이,11900
51,B3043,137,97,2025-08-06 11:15:01,1,0,1,책 제목 91,정세랑,소설,11130
59,B9235,269,79,2025-08-08 20:24:10,1,0,1,책 제목 620,조정래,SF,21700
60,B1008,31,13,2025-08-28 23:35:41,0,0,0,책 제목 719,한강,SF,10288
7,B7137,174,75,2025-08-14 14:18:57,1,0,1,책 제목 539,히가시노 게이고,SF,18666
90,B8339,286,74,2025-08-24 17:56:29,1,0,1,책 제목 48,공지영,소설,22997
84,B7478,50,10,2025-08-02 13:49:09,0,0,0,책 제목 72,조정래,SF,23247
29,B2308,78,33,2025-08-23 05:56:41,0,0,0,책 제목 973,조정래,추리,20141
3,B2260,36,32,2025-08-30 13:51:57,0,0,0,책 제목 902,정세랑,자기계발,14674
47,B5767,227,86,2025-08-21 01:14:25,1,0,1,책 제목 202,한강,철학,13186
7,B7108,79,10,2025-08-08 20:06:18,0,0,0,책 제목 811,공지영,철학,20478
11,B9611,23,0,2025-08-24 04:10:15,0,0,0,책 제목 659,김훈,에세이,18095
7,B4781,14,8,2025-08-13 05:28:24,0,0,0,책 제목 838,한강,철학,12933
59,B8547,76,1,2025-08-27 07:08:53,0,0,0,책 제목 672,김훈,자기계발,16686
88,B1800,113,72,2025-08-20 21:47:03,1,0,1,책 제목 803,히가시노 게이고,역사,14431
30,B7995,145,89,2025-08-06 06:25:50,1,1,1,책 제목 361,무라카미 하루키,SF,11647
10,B2922,35,42,2025-08-10 11:39:53,0,0,0,책 제목 917,조정래,역사,16839
18,B9118,37,12,2025-08-24 09:45:07,0,0,0,책 제목 123,무라카미 하루키,추리,13765
11,B3485,87,24,2025-08-16 04:22:55,0,0,0,책 제목 605,김훈,로맨스,20046
96,B7703,298,72,2025-08-20 03:55:43,1,1,1,책 제목 163,조정래,에세이,16059
67,B2314,263,78,2025-08-04 01:23:57,1,0,1,책 제목 503,무라카미 하루키,추리,22905
32,B7293,221,74,2025-08-04 10:39:44,1,1,1,책 제목 491,공지영,철학,23162
48,B3595,206,71,2025-08-15 23:46:00,1,0,1,책 제목 403,김훈,추리,12265
70,B9766,118,73,2025-08-05 15:20:26,1,1,1,책 제목 666,한강,로맨스,20558
75,B3987,185,81,2025-08-24 02:27:35,1,0,1,책 제목 544,베르나르 베르베르,소설,22880
60,B9483,257,97,2025-08-03 05:50:39,1,0,1,책 제목 777,히가시노 게이고,로맨스,16644
11,B5467,100,95,2025-08-11 00:15:09,1,0,1,책 제목 492,공지영,소설,22607
45,B1804,53,0,2025-08-12 15:29:12,0,0,0,책 제목 675,조정래,추리,22627
21,B2674,62,12,2025-08-24 18:38:41,0,0,0,책 제목 203,김훈,철학,23156
26,B4116,70,35,2025-08-02 15:04:49,0,0,0,책 제목 467,정세랑,추리,19732
6,B8326,215,76,2025-08-04 06:12:50,1,0,1,책 제목 19,히가시노 게이고,추리,14497
38,B5248,279,99,2025-08-19 19:48:48,1,0,1,책 제목 223,히가시노 게이고,에세이,11848
80,B5598,64,11,2025-08-20 07:39:23,0,0,0,책 제목 983,조정래,SF,11906
53,B1556,9,15,2025-08-19 08:11:30,0,0,0,책 제목 223,김훈,역사,11088
78,B6998,139,75,2025-08-05 07:13:36,1,1,1,책 제목 109,정세랑,소설,20459
58,B5548,213,80,2025-08-24 12:50:36,1,0,1,책 제목 154,베르나르 베르베르,에세이,12964
52,B9778,60,6,2025-08-27 08:56:09,0,0,0,책 제목 175,김훈,역사,21302
80,B2575,132,85,2025-08-02 05:50:50,1,0,1,책 제목 152,한강,철학,18050
82,B1928,119,75,2025-08-05 06:35:49,1,1,1,책 제목 736,조정래,자기계발,12618
2,B8211,70,25,2025-08-02 07:02:56,0,0,0,책 제목 896,김훈,에세이,10942
52,B6963,58,27,2025-08-24 01:53:59,0,0,0,책 제목 750,김훈,소설,10098
21,B1258,42,22,2025-08-12 17:21:24,0,0,0,책 제목 257,정세랑,역사,23048
29,B6400,179,89,2025-08-15 16:18:26,1,0,1,책 제목 383,김훈,철학,11577
99,B4019,277,75,2025-08-15 00:16:18,1,0,1,책 제목 297,한강,에세이,17544
12,B2933,45,7,2025-08-24 03:50:34,0,0,0,책 제목 315,한강,철학,15967
3,B5304,174,86,2025-08-25 15:37:43,1,0,1,책 제목 852,조정래,철학,15539
39,B8568,226,94,2025-08-16 18:08:23,1,1,1,책 제목 936,김훈,에세이,15624
10,B8465,256,82,2025-08-02 10:00:02,1,0,1,책 제목 441,무라카미 하루키,역사,13324
18,B9952,74,0,2025-08-03 14:49:39,0,0,0,책 제목 589,한강,로맨스,16154
62,B9000,247,92,2025-08-07 02:40:36,1,0,1,책 제목 726,히가시노 게이고,철학,10277
27,B4138,237,85,2025-08-06 15:13:19,1,1,1,책 제목 288,무라카미 하루키,에세이,21445
6,B8628,38,19,2025-08-19 16:11:47,0,0,0,책 제목 834,무라카미 하루키,추리,19033
77,B3293,51,43,2025-08-17 08:48:39,0,0,0,책 제목 664,한강,추리,23809
80,B7613,199,90,2025-08-09 03:03:34,1,0,1,책 제목 323,정세랑,에세이,19261
46,B7606,15,40,2025-08-12 23:26:20,0,0,0,책 제목 767,베르나르 베르베르,SF,24318
99,B7467,142,85,2025-08-08 15:46:54,1,0,1,책 제목 701,무라카미 하루키,자기계발,10760
49,B8422,223,76,2025-08-23 13:22:19,1,1,1,책 제목 750,한강,자기계발,23232
71,B9373,16,29,2025-08-05 00:26:26,0,0,0,책 제목 265,무라카미 하루키,자기계발,18167
42,B4578,7,46,2025-08-20 14:24:25,0,0,0,책 제목 786,김훈,SF,15913
54,B4376,78,23,2025-08-20 07:05:08,0,0,0,책 제목 139,베르나르 베르베르,로맨스,12691
69,B3172,76,22,2025-08-21 18:41:32,0,0,0,책 제목 436,히가시노 게이고,역사,21652
56,B7045,98,22,2025-08-12 16:53:34,0,0,0,책 제목 615,조정래,소설,22702
55,B7321,11,32,2025-08-27 01:40:12,0,0,0,책 제목 631,베르나르 베르베르,자기계발,20695
10,B6924,253,84,2025-08-02 01:06:57,1,1,1,책 제목 109,히가시노 게이고,추리,19099
9,B3450,61,49,2025-08-25 05:36:27,0,0,0,책 제목 809,베르나르 베르베르,자기계발,15190
90,B7195,287,76,2025-08-27 19:46:54,1,0,1,책 제목 337,베르나르 베르베르,SF,20230
89,B2819,85,42,2025-08-23 15:18:24,0,0,0,책 제목 601,공지영,철학,18556
20,B4642,111,79,2025-08-11 17:54:39,1,0,1,책 제목 7,김훈,자기계발,21023
91,B1119,275,76,2025-08-27 23:55:14,1,1,1,책 제목 293,공지영,역사,11841
58,B6522,49,3,2025-08-14 02:49:57,0,0,0,책 제목 58,공지영,자기계발,11663
72,B2544,25,26,2025-08-04 01:50:08,0,0,0,책 제목 631,히가시노 게이고,추리,20528
94,B3491,86,0,2025-08-23 14:39:34,0,0,0,책 제목 386,히가시노 게이고,소설,22564
16,B6017,278,89,2025-08-19 19:26:39,1,1,1,책 제목 871,베르나르 베르베르,에세이,13797
49,B5569,78,3,2025-08-04 14:10:58,0,0,0,책 제목 980,조정래,역사,17314
51,B6429,53,2,2025-08-17 07:39:53,0,0,0,책 제목 609,공지영,자기계발,21652
55,B8128,37,43,2025-08-26 06:22:11,0,0,0,책 제목 916,한강,SF,13060
69,B6725,65,22,2025-08-07 17:28:50,0,0,0,책 제목 868,히가시노 게이고,역사,14588
18,B9593,20,23,2025-08-02 02:00:08,0,0,0,책 제목 859,공지영,SF,12793
73,B8024,20,25,2025-08-05 05:19:25,0,0,0,책 제목 973,히가시노 게이고,철학,13454
96,B3872,75,31,2025-08-03 17:51:43,0,0,0,책 제목 335,베르나르 베르베르,추리,11797
54,B9006,59,44,2025-08-07 11:47:26,0,0,0,책 제목 297,김훈,SF,24250
11,B7803,62,10,2025-08-02 11:21:59,0,0,0,책 제목 488,김훈,역사,14289
44,B7299,212,93,2025-08-24 15:00:15,1,0,1,책 제목 478,베르나르 베르베르,역사,21694
4,B8650,93,17,2025-08-19 10:38:46,0,0,0,책 제목 113,공지영,역사,11844
13,B1248,99,3,2025-08-30 00:39:01,0,0,0,책 제목 859,무라카미 하루키,자기계발,17156
58,B8002,243,71,2025-08-01 18:15:56,1,1,1,책 제목 411,한강,역사,24226
36,B3817,75,13,2025-08-24 05:26:51,0,0,0,책 제목 789,조정래,소설,15249
37,B4384,291,94,2025-08-07 11:48:01,1,1,1,책 제목 959,조정래,소설,13536
69,B7249,101,83,2025-08-27 04:08:06,1,1,1,책 제목 508,정세랑,소설,20177
28,B4703,247,77,2025-08-22 14:36:02,1,0,1,책 제목 852,베르나르 베르베르,에세이,18002
26,B3405,38,18,2025-08-10 12:47:02,0,0,0,책 제목 854,조정래,에세이,19630
5,B8113,90,24,2025-08-17 15:29:05,0,0,0,책 제목 422,베르나르 베르베르,소설,16911
8,B2257,93,0,2025-08-12 07:06:46,0,0,0,책 제목 815,공지영,철학,15816
13,B7236,244,79,2025-08-26 05:24:01,1,1,1,책 제목 407,무라카미 하루키,자기계발,11818
75,B8715,31,19,2025-08-27 22:09:28,0,0,0,책 제목 300,공지영,자기계발,19281
90,B4591,74,1,2025-08-08 05:15:56,0,0,0,책 제목 849,한강,에세이,10619
69,B1872,209,70,2025-08-16 19:04:12,1,1,1,책 제목 960,히가시노 게이고,자기계발,10716
23,B2698,197,80,2025-08-04 02:46:00,1,1,1,책 제목 742,한강,에세이,24027
93,B7407,91,18,2025-08-20 09:20:03,0,0,0,책 제목 763,무라카미 하루키,소설,12899
69,B9313,164,77,2025-08-06 16:37:42,1,0,1,책 제목 584,공지영,소설,11447
52,B1389,278,74,2025-08-12 14:45:10,1,0,1,책 제목 744,한강,철학,10734
88,B3992,29,30,2025-08-01 03:03:29,0,0,0,책 제목 952,김훈,추리,24328
9,B7307,131,88,2025-08-11 05:57:01,1,1,1,책 제목 419,김훈,로맨스,12160
2,B1408,44,18,2025-08-22 21:57:02,0,0,0,책 제목 871,한강,SF,13136
10,B3100,97,37,2025-08-19 16:42:08,0,0,0,책 제목 443,무라카미 하루키,에세이,24150
82,B3933,86,9,2025-08-03 20:34:49,0,0,0,책 제목 448,히가시노 게이고,철학,11702
67,B4829,293,99,2025-08-29 21:56:54,1,1,1,책 제목 383,공지영,역사,18643
96,B9317,278,93,2025-08-21 14:14:00,1,0,1,책 제목 622,정세랑,에세이,20640
95,B8220,255,90,2025-08-15 09:39:40,1,0,1,책 제목 518,조정래,철학,11177
74,B5229,30,9,2025-08-15 12:16:30,0,0,0,책 제목 194,정세랑,에세이,21616
55,B4504,116,72,2025-08-22 11:20:27,1,0,1,책 제목 154,히가시노 게이고,SF,18017
81,B2154,55,25,2025-08-28 07:42:21,0,0,0,책 제목 835,공지영,추리,12720
16,B8458,12,9,2025-08-06 07:39:27,0,0,0,책 제목 532,무라카미 하루키,로맨스,13766
31,B2765,203,80,2025-08-10 18:28:12,1,0,1,책 제목 18,공지영,소설,16082
95,B4685,188,71,2025-08-04 02:08:29,1,1,1,책 제목 38,무라카미 하루키,로맨스,13970
55,B8195,119,79,2025-08-23 13:09:43,1,1,1,책 제목 163,무라카미 하루키,추리,11013
98,B6442,46,31,2025-08-24 09:01:52,0,0,0,책 제목 486,한강,추리,10055
13,B7520,50,8,2025-08-24 13:17:10,0,0,0,책 제목 522,베르나르 베르베르,자기계발,11156
78,B7428,220,79,2025-08-22 12:33:02,1,0,1,책 제목 966,한강,에세이,13430
93,B1737,236,81,2025-08-29 15:40:48,1,0,1,책 제목 311,김훈,자기계발,11081
62,B5682,93,23,2025-08-21 06:21:06,0,0,0,책 제목 726,한강,로맨스,21329
21,B2480,17,16,2025-08-23 00:23:31,0,0,0,책 제목 217,한강,SF,21768
43,B7311,198,70,2025-08-30 21:50:15,1,0,1,책 제목 348,정세랑,소설,15650
99,B7320,197,75,2025-08-28 21:26:05,1,1,1,책 제목 213,정세랑,역사,22485
83,B5626,136,79,2025-08-28 20:22:06,1,1,1,책 제목 425,히가시노 게이고,역사,13294
71,B7313,120,81,2025-08-18 20:50:12,1,1,1,책 제목 589,김훈,역사,13414
34,B8943,273,93,2025-08-13 04:23:10,1,0,1,책 제목 568,히가시노 게이고,소설,21093
100,B4397,22,1,2025-08-04 00:47:43,0,0,0,책 제목 483,정세랑,소설,10171
9,B3916,264,92,2025-08-27 23:00:28,1,1,1,책 제목 421,히가시노 게이고,추리,16815
11,B3391,69,37,2025-08-30 17:56:18,0,0,0,책 제목 22,무라카미 하루키,역사,10868
36,B5680,49,12,2025-08-02 04:28:57,0,0,0,책 제목 964,조정래,철학,10577
14,B8654,84,9,2025-08-29 15:09:18,0,0,0,책 제목 571,베르나르 베르베르,철학,22031
54,B6216,153,70,2025-08-08 21:33:25,1,0,1,책 제목 742,한강,추리,11946
67,B2303,81,9,2025-08-26 16:48:23,0,0,0,책 제목 395,조정래,철학,16217
32,B6034,9,4,2025-08-29 00:45:39,0,0,0,책 제목 664,조정래,로맨스,23311
36,B9458,59,42,2025-08-10 05:02:20,0,0,0,책 제목 239,공지영,철학,20100
11,B6269,41,45,2025-08-23 00:15:37,0,0,0,책 제목 900,베르나르 베르베르,자기계발,21534
78,B7488,127,77,2025-08-07 02:40:36,1,1,1,책 제목 858,정세랑,자기계발,16718
13,B9134,283,95,2025-08-10 13:26:03,1,0,1,책 제목 702,베르나르 베르베르,에세이,13075
57,B7508,7,43,2025-08-21 18:25:54,0,0,0,책 제목 215,김훈,소설,18014
86,B7296,20,14,2025-08-27 07:04:10,0,0,0,책 제목 189,김훈,소설,17313
52,B6781,203,91,2025-08-03 01:25:12,1,1,1,책 제목 426,정세랑,에세이,21927
81,B6755,132,75,2025-08-28 09:23:30,1,0,1,책 제목 354,무라카미 하루키,소설,12383
51,B5935,16,21,2025-08-08 06:14:27,0,0,0,책 제목 453,무라카미 하루키,역사,11663
32,B9573,68,7,2025-08-21 23:10:08,0,0,0,책 제목 637,한강,SF,10734
11,B6309,12,37,2025-08-03 01:14:25,0,0,0,책 제목 652,무라카미 하루키,자기계발,22855
2,B7378,214,95,2025-08-09 04:46:02,1,1,1,책 제목 544,베르나르 베르베르,역사,15415
62,B3485,17,11,2025-08-24 04:59:47,0,0,0,책 제목 125,공지영,로맨스,21046
3,B6517,291,98,2025-08-16 18:59:19,1,1,1,책 제목 75,베르나르 베르베르,소설,24645
16,B3107,99,48,2025-08-30 16:50:06,0,0,0,책 제목 163,베르나르 베르베르,SF,15430
29,B9733,100,84,2025-08-14 12:42:12,1,0,1,책 제목 810,공지영,자기계발,14236
13,B7348,231,76,2025-08-20 18:56:53,1,1,1,책 제목 46,김훈,에세이,16785
74,B7865,15,12,2025-08-22 12:28:59,0,0,0,책 제목 246,정세랑,철학,12037
38,B9045,213,82,2025-08-03 11:50:00,1,1,1,책 제목 437,공지영,추리,10340
80,B7999,81,23,2025-08-23 10:51:33,0,0,0,책 제목 964,공지영,역사,17705
51,B4204,11,28,2025-08-05 07:58:39,0,0,0,책 제목 929,무라카미 하루키,로맨스,19692
53,B6337,83,46,2025-08-08 21:31:26,0,0,0,책 제목 754,히가시노 게이고,철학,22399
74,B4452,282,92,2025-08-25 20:49:25,1,1,1,책 제목 457,히가시노 게이고,로맨스,14180
6,B6128,69,16,2025-08-20 20:39:39,0,0,0,책 제목 769,공지영,자기계발,16403
56,B6110,15,28,2025-08-20 09:20:55,0,0,0,책 제목 152,조정래,에세이,19464
26,B4481,96,37,2025-08-07 17:57:52,0,0,0,책 제목 721,김훈,자기계발,24505
70,B6860,36,10,2025-08-16 15:55:27,0,0,0,책 제목 390,공지영,에세이,21237
50,B8446,228,92,2025-08-21 11:22:47,1,1,1,책 제목 420,공지영,SF,10612
80,B9833,214,95,2025-08-13 15:00:05,1,0,1,책 제목 76,베르나르 베르베르,추리,14732
51,B3749,296,97,2025-08-09 10:45:03,1,0,1,책 제목 825,히가시노 게이고,역사,22946
88,B8720,14,45,2025-08-24 02:07:28,0,0,0,책 제목 29,히가시노 게이고,에세이,23994
28,B2976,27,47,2025-08-27 07:44:44,0,0,0,책 제목 482,정세랑,추리,24849
48,B1602,214,94,2025-08-29 18:51:51,1,0,1,책 제목 185,정세랑,SF,20758
56,B1879,151,78,2025-08-21 06:31:38,1,0,1,책 제목 558,히가시노 게이고,소설,12295
16,B4419,65,19,2025-08-01 22:33:58,0,0,0,책 제목 203,히가시노 게이고,소설,20344
24,B1303,164,75,2025-08-05 17:57:06,1,0,1,책 제목 763,정세랑,SF,22351
40,B2681,62,45,2025-08-08 10:17:37,0,0,0,책 제목 138,베르나르 베르베르,로맨스,20776
3,B1204,119,84,2025-08-09 12:58:22,1,1,1,책 제목 719,정세랑,에세이,13841
59,B5395,53,28,2025-08-01 08:16:17,0,0,0,책 제목 10,정세랑,자기계발,20667
42,B6619,66,41,2025-08-20 21:23:46,0,0,0,책 제목 319,한강,역사,16339
24,B4427,217,87,2025-08-03 16:16:54,1,0,1,책 제목 152,김훈,자기계발,21052
84,B2424,256,70,2025-08-25 00:47:55,1,1,1,책 제목 28,공지영,철학,20202
50,B6972,51,25,2025-08-16 03:19:41,0,0,0,책 제목 479,무라카미 하루키,에세이,19904
9,B6052,198,74,2025-08-22 08:59:40,1,0,1,책 제목 480,무라카미 하루키,로맨스,17465
94,B8941,260,90,2025-08-06 07:59:56,1,0,1,책 제목 450,공지영,로맨스,17368
19,B1668,266,74,2025-08-24 19:35:12,1,0,1,책 제목 479,한강,자기계발,18347
37,B6023,279,89,2025-08-20 07:27:42,1,1,1,책 제목 414,베르나르 베르베르,로맨스,10931
84,B8636,150,88,2025-08-25 22:24:20,1,0,1,책 제목 931,조정래,에세이,15124
63,B8158,126,85,2025-08-02 07:36:16,1,1,1,책 제목 351,정세랑,자기계발,10270
17,B3558,82,21,2025-08-16 08:25:25,0,0,0,책 제목 848,한강,자기계발,14869
82,B8069,189,83,2025-08-22 20:35:29,1,0,1,책 제목 600,한강,로맨스,22972
40,B9450,65,15,2025-08-26 16:55:43,0,0,0,책 제목 573,김훈,자기계발,24714
34,B2446,51,45,2025-08-09 19:53:23,0,0,0,책 제목 286,김훈,철학,16791
86,B8124,138,82,2025-08-14 04:12:36,1,1,1,책 제목 379,정세랑,자기계발,15161
59,B1141,33,6,2025-08-14 04:13:42,0,0,0,책 제목 628,김훈,소설,15131
14,B5251,155,97,2025-08-13 15:06:14,1,1,1,책 제목 394,한강,소설,20023
71,B7862,114,94,2025-08-05 23:55:34,1,0,1,책 제목 262,정세랑,소설,22772
100,B3679,9,16,2025-08-03 18:34:07,0,0,0,책 제목 71,한강,소설,13145
32,B2262,80,34,2025-08-26 10:07:12,0,0,0,책 제목 526,히가시노 게이고,SF,19563
17,B6500,19,5,2025-08-20 17:33:21,0,0,0,책 제목 549,히가시노 게이고,로맨스,21173
71,B7252,288,84,2025-08-19 23:03:17,1,1,1,책 제목 398,공지영,철학,13580
100,B5626,276,84,2025-08-26 01:16:03,1,1,1,책 제목 252,정세랑,SF,16993
35,B2790,58,49,2025-08-20 05:38:28,0,0,0,책 제목 182,히가시노 게이고,소설,19045
60,B5251,209,81,2025-08-12 02:12:58,1,1,1,책 제목 415,한강,역사,21826
53,B2416,31,6,2025-08-10 22:32:34,0,0,0,책 제목 376,무라카미 하루키,역사,14014
49,B8763,95,35,2025-08-20 04:17:37,0,0,0,책 제목 13,정세랑,로맨스,13629
22,B3897,6,30,2025-08-06 08:48:43,0,0,0,책 제목 272,정세랑,로맨스,11760
53,B9446,86,22,2025-08-06 05:38:53,0,0,0,책 제목 38,베르나르 베르베르,SF,16944
93,B9788,80,35,2025-08-17 22:02:22,0,0,0,책 제목 696,베르나르 베르베르,SF,13055
94,B5693,65,30,2025-08-23 22:07:05,0,0,0,책 제목 645,조정래,로맨스,13185
86,B5919,203,78,2025-08-02 15:43:00,1,0,1,책 제목 828,베르나르 베르베르,자기계발,20039
89,B7902,40,5,2025-08-08 23:31:57,0,0,0,책 제목 667,히가시노 게이고,역사,23071
78,B6208,61,18,2025-08-24 04:34:09,0,0,0,책 제목 672,베르나르 베르베르,SF,16139
80,B5718,169,91,2025-08-11 12:14:23,1,1,1,책 제목 711,조정래,로맨스,21112
3,B4430,169,75,2025-08-06 07:48:35,1,1,1,책 제목 509,베르나르 베르베르,역사,19523
44,B1980,231,82,2025-08-22 10:08:44,1,0,1,책 제목 595,무라카미 하루키,추리,20878
67,B8361,201,95,2025-08-08 08:08:42,1,1,1,책 제목 280,히가시노 게이고,역사,17010
82,B6276,179,91,2025-08-12 11:24:29,1,0,1,책 제목 505,정세랑,철학,24716
8,B5209,270,98,2025-08-15 01:04:35,1,0,1,책 제목 589,공지영,추리,16668
84,B4599,111,74,2025-08-30 11:33:15,1,0,1,책 제목 987,무라카미 하루키,자기계발,22279
46,B1151,43,24,2025-08-28 11:24:47,0,0,0,책 제목 310,김훈,SF,10727
71,B2539,18,27,2025-08-03 09:10:27,0,0,0,책 제목 66,한강,추리,16310
16,B5153,122,95,2025-08-29 09:38:14,1,1,1,책 제목 7,김훈,자기계발,13918
57,B5171,155,99,2025-08-17 13:05:51,1,0,1,책 제목 984,조정래,로맨스,13644
73,B8147,255,79,2025-08-04 06:17:34,1,0,1,책 제목 89,베르나르 베르베르,역사,20410
29,B5621,288,82,2025-08-22 14:50:29,1,1,1,책 제목 128,김훈,로맨스,12575
39,B3743,162,73,2025-08-19 11:09:28,1,0,1,책 제목 930,김훈,철학,15818
56,B5181,12,30,2025-08-22 14:42:02,0,0,0,책 제목 857,한강,철학,14747
26,B7679,94,35,2025-08-11 11:14:58,0,0,0,책 제목 772,베르나르 베르베르,에세이,23665
64,B9917,259,96,2025-08-30 18:05:25,1,1,1,책 제목 19,히가시노 게이고,에세이,13262
44,B1961,279,95,2025-08-07 15:05:35,1,0,1,책 제목 63,한강,추리,11761
57,B5136,44,5,2025-08-15 23:11:13,0,0,0,책 제목 657,히가시노 게이고,SF,23136
41,B2814,8,33,2025-08-21 11:36:59,0,0,0,책 제목 542,정세랑,자기계발,18357
98,B2500,27,40,2025-08-26 01:48:23,0,0,0,책 제목 456,조정래,추리,10847
39,B5777,50,4,2025-08-14 21:06:57,0,0,0,책 제목 691,정세랑,추리,20386
97,B8306,14,0,2025-08-19 09:11:05,0,0,0,책 제목 834,공지영,역사,22884
43,B2082,141,89,2025-08-25 11:43:30,1,1,1,책 제목 387,히가시노 게이고,자기계발,14869
45,B4004,13,12,2025-08-03 15:01:24,0,0,0,책 제목 595,무라카미 하루키,소설,14008
23,B6130,57,13,2025-08-17 19:06:27,0,0,0,책 제목 668,조정래,추리,20616
39,B4561,97,29,2025-08-26 09:56:54,0,0,0,책 제목 159,무라카미 하루키,자기계발,10849
98,B7730,10,44,2025-08-27 10:31:59,0,0,0,책 제목 745,조정래,소설,15202
2,B1781,128,86,2025-08-21 17:19:40,1,1,1,책 제목 591,조정래,역사,19692
26,B4083,215,92,2025-08-28 09:56:01,1,0,1,책 제목 749,히가시노 게이고,로맨스,14813
25,B1334,121,97,2025-08-11 04:33:32,1,1,1,책 제목 393,한강,역사,13537
46,B7514,264,77,2025-08-10 09:45:44,1,0,1,책 제목 418,조정래,철학,16852
75,B3580,259,88,2025-08-28 14:52:58,1,1,1,책 제목 909,한강,에세이,22857
20,B1499,298,81,2025-08-10 21:32:06,1,1,1,책 제목 340,베르나르 베르베르,SF,13624
64,B1106,70,26,2025-08-28 08:28:58,0,0,0,책 제목 729,베르나르 베르베르,역사,23422
12,B7326,19,44,2025-08-08 22:10:59,0,0,0,책 제목 227,김훈,추리,18795
18,B2469,43,2,2025-08-09 13:51:07,0,0,0,책 제목 948,히가시노 게이고,에세이,24342
56,B5161,103,89,2025-08-25 14:59:59,1,0,1,책 제목 874,김훈,철학,23358
36,B7928,76,23,2025-08-03 04:54:37,0,0,0,책 제목 700,무라카미 하루키,SF,12180
61,B4205,40,12,2025-08-22 04:06:50,0,0,0,책 제목 38,베르나르 베르베르,에세이,14267
94,B3491,74,34,2025-08-29 07:01:20,0,0,0,책 제목 620,베르나르 베르베르,역사,15435
69,B7647,85,0,2025-08-22 14:19:53,0,0,0,책 제목 413,한강,역사,21903
11,B7419,30,11,2025-08-01 07:41:30,0,0,0,책 제목 426,정세랑,철학,12994
42,B3173,44,33,2025-08-28 15:16:47,0,0,0,책 제목 859,공지영,SF,17246
95,B9579,138,78,2025-08-16 14:13:23,1,0,1,책 제목 648,히가시노 게이고,SF,24877
77,B6034,204,73,2025-08-07 18:25:18,1,1,1,책 제목 567,무라카미 하루키,철학,14312
48,B7203,98,41,2025-08-14 20:03:22,0,0,0,책 제목 698,공지영,철학,19280
29,B6239,80,18,2025-08-07 01:40:36,0,0,0,책 제목 453,정세랑,역사,11754
65,B5616,246,97,2025-08-23 14:23:54,1,0,1,책 제목 251,히가시노 게이고,철학,22979
65,B9291,228,73,2025-08-18 18:11:03,1,1,1,책 제목 40,무라카미 하루키,자기계발,14841
3,B3650,44,1,2025-08-21 03:29:44,0,0,0,책 제목 368,김훈,소설,15932
79,B1038,87,33,2025-08-10 23:56:27,0,0,0,책 제목 38,한강,철학,11532
6,B6971,207,82,2025-08-23 00:15:40,1,1,1,책 제목 49,조정래,로맨스,22297
11,B9243,245,88,2025-08-15 09:52:09,1,0,1,책 제목 845,한강,역사,13040
67,B7723,109,79,2025-08-23 02:43:57,1,1,1,책 제목 132,조정래,SF,16305
9,B8914,17,45,2025-08-02 09:32:10,0,0,0,책 제목 147,정세랑,자기계발,11477
2,B4914,54,33,2025-08-04 05:10:34,0,0,0,책 제목 143,히가시노 게이고,역사,11909
59,B9858,192,92,2025-08-24 17:27:33,1,1,1,책 제목 704,공지영,추리,18479
33,B9994,71,21,2025-08-11 16:48:21,0,0,0,책 제목 275,베르나르 베르베르,역사,15233
17,B5259,191,93,2025-08-07 12:07:40,1,0,1,책 제목 146,무라카미 하루키,역사,19326
61,B5669,227,83,2025-08-09 06:30:47,1,1,1,책 제목 467,조정래,역사,17522
36,B7663,53,40,2025-08-13 19:05:23,0,0,0,책 제목 175,정세랑,자기계발,15772
73,B8940,29,3,2025-08-03 23:31:11,0,0,0,책 제목 500,정세랑,소설,20099
45,B1117,126,77,2025-08-29 14:29:38,1,0,1,책 제목 765,김훈,역사,13451
24,B9442,84,28,2025-08-09 21:37:12,0,0,0,책 제목 775,한강,역사,11824
97,B9966,176,98,2025-08-09 14:11:36,1,1,1,책 제목 723,무라카미 하루키,자기계발,10769
76,B3378,286,79,2025-08-02 11:03:22,1,0,1,책 제목 758,정세랑,SF,22070
87,B5531,128,78,2025-08-22 10:36:50,1,1,1,책 제목 339,무라카미 하루키,에세이,15016
34,B5351,228,81,2025-08-23 01:27:19,1,1,1,책 제목 310,정세랑,추리,19900
63,B9532,21,49,2025-08-30 03:10:28,0,0,0,책 제목 125,공지영,자기계발,14428
59,B7510,292,70,2025-08-25 02:08:00,1,1,1,책 제목 478,조정래,철학,10215
50,B7031,97,47,2025-08-19 01:40:32,0,0,0,책 제목 962,무라카미 하루키,에세이,23830
52,B1697,94,12,2025-08-24 14:09:30,0,0,0,책 제목 991,공지영,로맨스,22664
52,B5160,74,12,2025-08-30 21:17:09,0,0,0,책 제목 237,김훈,소설,18759
60,B5320,79,27,2025-08-17 19:11:51,0,0,0,책 제목 962,김훈,소설,24017
26,B2975,23,7,2025-08-20 09:03:34,0,0,0,책 제목 543,무라카미 하루키,소설,23856
55,B7029,85,27,2025-08-21 01:53:22,0,0,0,책 제목 717,히가시노 게이고,SF,15604
82,B8533,180,77,2025-08-09 21:10:42,1,1,1,책 제목 663,공지영,소설,16771
54,B8881,195,80,2025-08-02 13:32:30,1,0,1,책 제목 459,한강,SF,22853
36,B3544,13,16,2025-08-04 13:21:08,0,0,0,책 제목 313,베르나르 베르베르,로맨스,13129
96,B2688,107,90,2025-08-03 21:50:51,1,1,1,책 제목 150,김훈,추리,13051
91,B8999,213,73,2025-08-13 08:56:05,1,0,1,책 제목 915,무라카미 하루키,에세이,21755
12,B4405,177,93,2025-08-11 09:58:05,1,0,1,책 제목 515,공지영,에세이,12538
83,B7287,127,70,2025-08-09 13:01:36,1,0,1,책 제목 531,무라카미 하루키,SF,17304
39,B1112,194,81,2025-08-01 17:40:46,1,1,1,책 제목 893,김훈,로맨스,13654
2,B4246,87,41,2025-08-26 00:56:58,0,0,0,책 제목 885,정세랑,에세이,10056
1,B7704,86,39,2025-08-03 02:22:30,0,0,0,책 제목 388,공지영,역사,20875
15,B4794,93,12,2025-08-30 02:05:28,0,0,0,책 제목 19,무라카미 하루키,철학,19609
11,B4429,20,21,2025-08-07 06:34:17,0,0,0,책 제목 95,김훈,추리,24481
92,B9220,6,16,2025-08-23 03:26:47,0,0,0,책 제목 280,한강,SF,18934
74,B1792,94,23,2025-08-21 16:42:24,0,0,0,책 제목 668,김훈,추리,18738
52,B2576,101,71,2025-08-17 05:06:44,1,1,1,책 제목 450,히가시노 게이고,추리,15855
33,B1929,21,48,2025-08-05 04:31:51,0,0,0,책 제목 632,베르나르 베르베르,철학,24059
58,B6649,70,34,2025-08-15 04:32:54,0,0,0,책 제목 101,정세랑,철학,11059
59,B6095,5,2,2025-08-23 19:58:10,0,0,0,책 제목 414,베르나르 베르베르,자기계발,20524
1,B4041,85,17,2025-08-30 13:28:51,0,0,0,책 제목 444,베르나르 베르베르,추리,18050
67,B9079,201,70,2025-08-22 06:00:22,1,1,1,책 제목 979,김훈,소설,20103
71,B6386,67,3,2025-08-28 05:05:30,0,0,0,책 제목 150,히가시노 게이고,추리,23782
84,B9604,60,3,2025-08-08 07:26:21,0,0,0,책 제목 986,공지영,역사,10779
32,B5049,27,32,2025-08-30 14:27:54,0,0,0,책 제목 795,조정래,철학,22305
57,B8445,17,22,2025-08-06 21:49:19,0,0,0,책 제목 808,무라카미 하루키,에세이,22204
10,B3587,69,15,2025-08-06 10:16:08,0,0,0,책 제목 981,무라카미 하루키,철학,16229
57,B2564,155,86,2025-08-11 09:44:44,1,1,1,책 제목 108,히가시노 게이고,역사,21703
36,B5254,49,25,2025-08-09 18:09:16,0,0,0,책 제목 933,무라카미 하루키,소설,20688
6,B1468,270,96,2025-08-12 18:36:15,1,1,1,책 제목 795,한강,역사,20400
50,B6799,143,93,2025-08-20 13:22:35,1,0,1,책 제목 635,조정래,소설,11390
98,B9355,133,89,2025-08-16 14:30:07,1,1,1,책 제목 576,정세랑,SF,22027
51,B7209,114,81,2025-08-11 22:25:40,1,0,1,책 제목 472,한강,철학,12172
97,B6273,257,87,2025-08-21 08:45:55,1,1,1,책 제목 563,조정래,자기계발,10145
80,B8264,116,96,2025-08-03 01:14:01,1,0,1,책 제목 796,공지영,소설,17659
73,B3278,282,97,2025-08-17 14:08:04,1,1,1,책 제목 434,히가시노 게이고,추리,13262
100,B9307,271,71,2025-08-09 06:18:56,1,1,1,책 제목 628,김훈,자기계발,13874
14,B9287,243,95,2025-08-26 12:24:24,1,1,1,책 제목 749,정세랑,소설,21835
37,B5180,90,7,2025-08-29 19:28:16,0,0,0,책 제목 331,공지영,에세이,11075
86,B8935,115,87,2025-08-16 09:23:05,1,0,1,책 제목 925,무라카미 하루키,로맨스,13199
83,B5365,257,91,2025-08-14 17:43:38,1,1,1,책 제목 469,한강,역사,15185
33,B3433,293,78,2025-08-22 20:24:55,1,1,1,책 제목 161,한강,철학,10695
33,B2656,236,95,2025-08-07 12:01:12,1,1,1,책 제목 296,베르나르 베르베르,철학,24094
49,B9233,19,34,2025-08-21 05:31:28,0,0,0,책 제목 162,히가시노 게이고,추리,14650
27,B3083,216,93,2025-08-29 06:50:51,1,0,1,책 제목 592,조정래,추리,18162
60,B5207,146,80,2025-08-13 15:41:54,1,0,1,책 제목 968,히가시노 게이고,추리,10629
53,B5318,74,40,2025-08-20 12:37:20,0,0,0,책 제목 450,한강,역사,10818
96,B9415,121,71,2025-08-13 05:56:53,1,0,1,책 제목 143,정세랑,추리,20490
4,B6541,87,44,2025-08-21 07:16:27,0,0,0,책 제목 673,베르나르 베르베르,소설,13392
39,B2228,167,77,2025-08-28 23:20:26,1,0,1,책 제목 618,무라카미 하루키,SF,24031
85,B9462,9,22,2025-08-27 15:33:01,0,0,0,책 제목 843,공지영,추리,20547
90,B7285,98,40,2025-08-25 06:06:38,0,0,0,책 제목 975,히가시노 게이고,추리,17938
6,B3869,88,17,2025-08-21 05:16:28,0,0,0,책 제목 485,조정래,SF,13179
98,B2403,172,77,2025-08-23 04:30:43,1,0,1,책 제목 740,히가시노 게이고,에세이,17084
75,B1665,56,34,2025-08-05 16:01:13,0,0,0,책 제목 499,정세랑,에세이,23345
21,B5197,282,83,2025-08-12 23:13:14,1,1,1,책 제목 749,조정래,에세이,20905
26,B6267,64,25,2025-08-06 06:39:47,0,0,0,책 제목 801,히가시노 게이고,철학,20238
26,B5183,257,86,2025-08-20 23:10:55,1,0,1,책 제목 383,김훈,추리,12387
98,B8402,212,96,2025-08-03 15:29:44,1,1,1,책 제목 177,히가시노 게이고,SF,19032
14,B3332,258,72,2025-08-13 06:04:04,1,0,1,책 제목 273,공지영,자기계발,15308
57,B2434,98,37,2025-08-08 00:17:09,0,0,0,책 제목 621,정세랑,소설,14908
49,B9886,9,14,2025-08-18 12:38:09,0,0,0,책 제목 992,정세랑,철학,20115
65,B5266,20,32,2025-08-29 04:08:12,0,0,0,책 제목 976,공지영,소설,15440
48,B8106,34,7,2025-08-07 22:34:09,0,0,0,책 제목 297,무라카미 하루키,에세이,14920
93,B3980,64,22,2025-08-25 07:14:38,0,0,0,책 제목 308,무라카미 하루키,에세이,18302
80,B4732,262,87,2025-08-13 00:45:04,1,0,1,책 제목 75,정세랑,로맨스,24551
25,B6667,201,78,2025-08-28 15:43:03,1,1,1,책 제목 284,베르나르 베르베르,자기계발,10778
48,B5229,156,84,2025-08-05 01:53:34,1,0,1,책 제목 44,정세랑,추리,24824
5,B5260,188,90,2025-08-19 05:56:30,1,0,1,책 제목 613,한강,철학,17232
68,B7558,298,82,2025-08-08 18:23:10,1,1,1,책 제목 33,무라카미 하루키,소설,13672
58,B1555,107,91,2025-08-30 12:42:11,1,0,1,책 제목 66,김훈,로맨스,24788
56,B3715,234,81,2025-08-08 08:01:58,1,0,1,책 제목 585,무라카미 하루키,역사,17566
37,B3683,13,38,2025-08-20 01:17:58,0,0,0,책 제목 387,한강,추리,21225
32,B3934,27,40,2025-08-20 02:59:46,0,0,0,책 제목 122,무라카미 하루키,역사,10557
47,B6647,23,4,2025-08-28 01:38:07,0,0,0,책 제목 591,히가시노 게이고,철학,14423
1,B4419,38,27,2025-08-28 16:58:25,0,0,0,책 제목 95,베르나르 베르베르,역사,14481
90,B1983,58,4,2025-08-15 21:19:13,0,0,0,책 제목 155,한강,에세이,13727
54,B2298,242,82,2025-08-02 07:38:56,1,1,1,책 제목 367,한강,역사,13129
27,B4315,95,23,2025-08-12 23:44:25,0,0,0,책 제목 319,베르나르 베르베르,추리,11564
41,B6989,115,81,2025-08-07 04:20:03,1,1,1,책 제목 488,김훈,철학,12785
53,B4900,242,72,2025-08-07 12:51:18,1,1,1,책 제목 516,한강,SF,17327
10,B5398,242,90,2025-08-22 12:27:14,1,0,1,책 제목 698,무라카미 하루키,에세이,16721
24,B8849,181,99,2025-08-16 20:23:11,1,1,1,책 제목 925,히가시노 게이고,철학,11526
8,B9284,216,81,2025-08-08 02:44:33,1,0,1,책 제목 841,무라카미 하루키,소설,12306
57,B4493,128,73,2025-08-20 21:17:04,1,0,1,책 제목 44,한강,에세이,17266
34,B4127,147,71,2025-08-21 14:23:30,1,0,1,책 제목 930,무라카미 하루키,역사,15578
16,B9606,230,71,2025-08-12 08:29:20,1,0,1,책 제목 57,김훈,역사,21049
9,B7433,35,25,2025-08-27 16:55:06,0,0,0,책 제목 400,정세랑,자기계발,16805
72,B2989,183,70,2025-08-25 20:19:01,1,1,1,책 제목 788,히가시노 게이고,로맨스,14846
5,B4024,195,87,2025-08-21 02:54:20,1,0,1,책 제목 284,공지영,에세이,24573
70,B3483,25,24,2025-08-27 19:13:03,0,0,0,책 제목 771,무라카미 하루키,추리,17880
19,B5242,23,6,2025-08-07 14:02:13,0,0,0,책 제목 373,김훈,추리,18071
100,B9669,65,37,2025-08-17 21:13:55,0,0,0,책 제목 512,베르나르 베르베르,철학,20225
40,B5097,238,71,2025-08-18 06:58:54,1,0,1,책 제목 393,한강,추리,23675
3,B8447,195,85,2025-08-28 07:09:57,1,0,1,책 제목 467,김훈,자기계발,23032
21,B5505,276,77,2025-08-12 23:07:48,1,1,1,책 제목 758,정세랑,추리,16426
59,B7178,54,24,2025-08-02 10:52:35,0,0,0,책 제목 593,공지영,추리,23663
21,B3459,32,13,2025-08-22 08:50:52,0,0,0,책 제목 672,조정래,소설,22674
40,B9512,150,81,2025-08-18 13:31:49,1,0,1,책 제목 965,한강,로맨스,17057
22,B4959,60,22,2025-08-01 01:12:11,0,0,0,책 제목 957,무라카미 하루키,자기계발,19496
60,B6242,220,89,2025-08-02 11:32:28,1,0,1,책 제목 495,공지영,로맨스,15864
74,B5684,51,38,2025-08-11 06:35:43,0,0,0,책 제목 189,조정래,소설,24426
7,B9262,75,15,2025-08-17 14:44:04,0,0,0,책 제목 60,조정래,SF,15415
39,B6017,230,81,2025-08-13 06:48:59,1,1,1,책 제목 831,정세랑,자기계발,20013
79,B1879,63,49,2025-08-25 21:29:23,0,0,0,책 제목 745,베르나르 베르베르,SF,14001
60,B9387,180,73,2025-08-28 16:12:57,1,0,1,책 제목 471,무라카미 하루키,추리,10674
76,B3249,176,77,2025-08-06 15:25:10,1,0,1,책 제목 564,한강,SF,24378
30,B6112,276,72,2025-08-26 06:25:51,1,1,1,책 제목 733,베르나르 베르베르,추리,11571
77,B7366,62,33,2025-08-04 23:52:45,0,0,0,책 제목 288,정세랑,에세이,14421
23,B2818,98,49,2025-08-14 07:12:44,0,0,0,책 제목 341,정세랑,자기계발,15052
26,B8243,145,84,2025-08-22 04:24:48,1,1,1,책 제목 693,한강,에세이,18872
65,B5063,250,82,2025-08-24 08:57:30,1,1,1,책 제목 284,베르나르 베르베르,철학,19615
62,B2526,60,43,2025-08-30 08:24:56,0,0,0,책 제목 446,김훈,소설,21559
98,B7156,62,41,2025-08-29 14:52:27,0,0,0,책 제목 348,히가시노 게이고,로맨스,11353
42,B6493,39,41,2025-08-17 16:05:52,0,0,0,책 제목 953,조정래,철학,18498
58,B4183,56,5,2025-08-28 23:12:18,0,0,0,책 제목 240,베르나르 베르베르,SF,10324
40,B7234,42,21,2025-08-16 09:37:37,0,0,0,책 제목 849,무라카미 하루키,소설,15138
71,B7156,21,48,2025-08-28 04:10:51,0,0,0,책 제목 219,공지영,철학,15563
23,B8183,76,41,2025-08-07 07:45:12,0,0,0,책 제목 665,무라카미 하루키,추리,24104
49,B2384,52,16,2025-08-14 20:41:18,0,0,0,책 제목 721,한강,로맨스,22195
25,B3650,88,14,2025-08-17 08:41:04,0,0,0,책 제목 874,무라카미 하루키,에세이,12960
75,B2990,67,1,2025-08-11 20:36:33,0,0,0,책 제목 851,정세랑,로맨스,22413
67,B5872,289,82,2025-08-16 22:09:46,1,0,1,책 제목 59,히가시노 게이고,추리,20061
85,B2302,191,97,2025-08-12 16:05:14,1,1,1,책 제목 35,공지영,철학,11312
94,B8757,99,36,2025-08-03 09:49:10,0,0,0,책 제목 286,히가시노 게이고,역사,11050
17,B9833,103,70,2025-08-04 05:32:23,1,1,1,책 제목 455,히가시노 게이고,에세이,22693
33,B3621,32,26,2025-08-15 05:47:58,0,0,0,책 제목 701,공지영,로맨스,18414
28,B6094,161,80,2025-08-15 15:08:54,1,1,1,책 제목 600,베르나르 베르베르,로맨스,10975
35,B1389,271,92,2025-08-08 03:05:37,1,1,1,책 제목 557,무라카미 하루키,로맨스,13093
69,B1153,14,23,2025-08-12 01:15:40,0,0,0,책 제목 621,정세랑,SF,12029
40,B5417,238,76,2025-08-25 04:10:18,1,1,1,책 제목 946,김훈,소설,16416
56,B5641,21,7,2025-08-10 01:58:01,0,0,0,책 제목 522,베르나르 베르베르,철학,17777
9,B2013,20,11,2025-08-30 12:14:44,0,0,0,책 제목 814,공지영,로맨스,24164
60,B4168,89,8,2025-08-02 09:41:32,0,0,0,책 제목 951,김훈,역사,18650
10,B1178,293,83,2025-08-11 13:57:08,1,0,1,책 제목 566,무라카미 하루키,소설,13687
51,B6499,9,28,2025-08-26 01:45:54,0,0,0,책 제목 315,조정래,SF,14277
66,B6866,234,98,2025-08-18 12:55:31,1,1,1,책 제목 218,조정래,에세이,13278
18,B8969,79,40,2025-08-25 13:00:11,0,0,0,책 제목 290,조정래,소설,14431
95,B3794,270,84,2025-08-22 00:27:10,1,0,1,책 제목 678,무라카미 하루키,역사,21738
90,B8916,124,75,2025-08-25 07:38:41,1,0,1,책 제목 932,김훈,소설,12965
3,B7249,78,3,2025-08-01 01:58:06,0,0,0,책 제목 334,한강,에세이,23130
64,B1297,100,77,2025-08-16 15:46:30,1,0,1,책 제목 936,베르나르 베르베르,추리,14005
14,B3620,267,95,2025-08-04 01:37:19,1,0,1,책 제목 980,공지영,SF,22352
87,B4207,133,82,2025-08-22 04:25:14,1,1,1,책 제목 426,베르나르 베르베르,추리,19021
96,B5309,22,31,2025-08-11 14:22:47,0,0,0,책 제목 249,베르나르 베르베르,역사,16452
75,B6844,160,80,2025-08-18 21:18:11,1,0,1,책 제목 935,베르나르 베르베르,역사,12258
8,B9443,203,90,2025-08-19 09:03:39,1,0,1,책 제목 208,공지영,SF,21281
17,B7793,37,24,2025-08-17 07:46:15,0,0,0,책 제목 956,한강,소설,16980
18,B3569,131,87,2025-08-15 12:56:22,1,0,1,책 제목 862,김훈,철학,15954
50,B7215,251,87,2025-08-06 03:51:12,1,0,1,책 제목 601,김훈,SF,10991
39,B9717,81,48,2025-08-21 15:57:10,0,0,0,책 제목 285,공지영,로맨스,12248
77,B6947,104,81,2025-08-16 14:11:38,1,1,1,책 제목 34,김훈,역사,14255
53,B2871,93,27,2025-08-22 08:43:06,0,0,0,책 제목 440,조정래,철학,22501
81,B9289,22,45,2025-08-30 07:04:29,0,0,0,책 제목 704,히가시노 게이고,에세이,12135
14,B7879,272,80,2025-08-06 18:59:24,1,0,1,책 제목 524,조정래,에세이,24220
29,B4215,181,82,2025-08-24 15:30:37,1,1,1,책 제목 359,히가시노 게이고,소설,21479
65,B9831,74,1,2025-08-02 14:17:17,0,0,0,책 제목 153,정세랑,에세이,12474
85,B6366,44,2,2025-08-26 07:54:00,0,0,0,책 제목 356,한강,역사,22926
82,B1498,43,7,2025-08-14 20:56:49,0,0,0,책 제목 775,정세랑,자기계발,13660
81,B9053,23,22,2025-08-17 13:13:44,0,0,0,책 제목 912,조정래,에세이,14725
47,B9508,233,90,2025-08-10 06:23:27,1,0,1,책 제목 459,정세랑,로맨스,17016
23,B8605,225,94,2025-08-30 01:17:21,1,0,1,책 제목 642,무라카미 하루키,추리,23050
19,B3172,70,34,2025-08-08 08:12:02,0,0,0,책 제목 331,한강,자기계발,24213
18,B3404,54,42,2025-08-12 04:15:30,0,0,0,책 제목 424,무라카미 하루키,추리,24951
12,B3296,57,38,2025-08-04 00:37:00,0,0,0,책 제목 157,김훈,에세이,12707
19,B7548,116,82,2025-08-15 21:31:56,1,0,1,책 제목 673,무라카미 하루키,추리,11030
94,B3216,163,71,2025-08-08 21:08:33,1,1,1,책 제목 600,히가시노 게이고,자기계발,16197
57,B4690,21,8,2025-08-16 02:11:31,0,0,0,책 제목 825,한강,추리,20540
30,B4480,86,22,2025-08-30 21:05:05,0,0,0,책 제목 943,베르나르 베르베르,SF,12251
85,B5213,95,48,2025-08-03 17:07:13,0,0,0,책 제목 247,조정래,철학,20967
96,B3475,256,76,2025-08-04 04:15:35,1,0,1,책 제목 806,정세랑,역사,14172
87,B5873,168,94,2025-08-06 23:29:55,1,0,1,책 제목 517,베르나르 베르베르,철학,23884
1,B9034,90,34,2025-08-25 06:22:19,0,0,0,책 제목 904,김훈,역사,20644
32,B2325,239,87,2025-08-07 04:57:06,1,0,1,책 제목 680,무라카미 하루키,에세이,12427
43,B2371,206,86,2025-08-27 22:08:53,1,1,1,책 제목 138,조정래,SF,24316
97,B5387,100,91,2025-08-15 02:04:38,1,1,1,책 제목 514,베르나르 베르베르,추리,16514
75,B3227,42,10,2025-08-11 16:44:36,0,0,0,책 제목 118,한강,역사,18490
67,B7293,157,97,2025-08-27 20:12:04,1,0,1,책 제목 687,정세랑,에세이,17451
69,B2577,75,38,2025-08-01 13:33:04,0,0,0,책 제목 302,무라카미 하루키,로맨스,15676
65,B9351,64,21,2025-08-22 14:22:15,0,0,0,책 제목 504,공지영,SF,13196
95,B3945,86,47,2025-08-16 09:46:51,0,0,0,책 제목 315,정세랑,역사,13280
44,B3979,63,18,2025-08-10 18:13:44,0,0,0,책 제목 71,한강,철학,21358
52,B7898,43,14,2025-08-07 07:37:24,0,0,0,책 제목 850,김훈,추리,10703
88,B9397,170,93,2025-08-21 11:33:37,1,0,1,책 제목 350,한강,에세이,23929
26,B3273,205,84,2025-08-12 12:09:30,1,1,1,책 제목 358,김훈,철학,16284
84,B6861,158,92,2025-08-21 21:02:20,1,0,1,책 제목 342,조정래,역사,16737
32,B7211,32,1,2025-08-24 01:43:04,0,0,0,책 제목 36,정세랑,추리,13535
44,B6409,30,24,2025-08-04 11:17:30,0,0,0,책 제목 132,한강,소설,12838
15,B8720,87,22,2025-08-20 19:41:00,0,0,0,책 제목 560,정세랑,로맨스,24462
96,B6784,69,11,2025-08-27 09:59:33,0,0,0,책 제목 288,공지영,역사,15720
29,B4392,50,30,2025-08-26 07:22:34,0,0,0,책 제목 58,김훈,추리,15086
57,B9572,126,83,2025-08-05 00:34:57,1,1,1,책 제목 29,히가시노 게이고,SF,24323
33,B8369,56,32,2025-08-13 04:44:46,0,0,0,책 제목 224,김훈,역사,10446
58,B3598,117,70,2025-08-07 19:26:05,1,1,1,책 제목 719,공지영,로맨스,15490
81,B6861,77,24,2025-08-04 15:31:44,0,0,0,책 제목 936,김훈,철학,15246
69,B8099,85,44,2025-08-30 10:27:30,0,0,0,책 제목 350,정세랑,역사,15341
67,B3372,217,82,2025-08-18 09:06:24,1,0,1,책 제목 212,한강,SF,22485
77,B5820,19,32,2025-08-20 07:03:04,0,0,0,책 제목 19,김훈,에세이,14722
86,B6725,102,91,2025-08-24 00:20:15,1,0,1,책 제목 561,조정래,역사,22327
77,B6555,52,13,2025-08-16 07:22:05,0,0,0,책 제목 77,김훈,소설,11308
31,B9692,77,2,2025-08-07 07:21:33,0,0,0,책 제목 740,베르나르 베르베르,추리,23054
44,B4544,295,91,2025-08-10 18:53:53,1,1,1,책 제목 859,무라카미 하루키,소설,14612
75,B6441,86,45,2025-08-07 13:59:46,0,0,0,책 제목 734,공지영,로맨스,11563
18,B3921,9,32,2025-08-22 16:20:00,0,0,0,책 제목 281,한강,에세이,19569
46,B9081,174,72,2025-08-25 17:06:59,1,1,1,책 제목 372,조정래,소설,19917
42,B9830,266,96,2025-08-05 18:37:52,1,1,1,책 제목 812,무라카미 하루키,추리,19198
77,B9688,250,84,2025-08-22 23:12:31,1,0,1,책 제목 822,한강,역사,23747
58,B1220,32,10,2025-08-13 03:21:10,0,0,0,책 제목 33,한강,로맨스,18212
36,B4690,26,28,2025-08-28 14:56:37,0,0,0,책 제목 490,무라카미 하루키,자기계발,15247
4,B2015,15,43,2025-08-14 18:35:30,0,0,0,책 제목 65,정세랑,소설,23801
62,B3297,30,16,2025-08-04 10:11:03,0,0,0,책 제목 868,김훈,역사,19249
30,B2340,57,45,2025-08-30 00:07:48,0,0,0,책 제목 668,히가시노 게이고,자기계발,23769
37,B9420,247,93,2025-08-11 21:05:03,1,1,1,책 제목 519,정세랑,에세이,23703
45,B9104,80,46,2025-08-23 12:50:12,0,0,0,책 제목 643,무라카미 하루키,추리,15606
53,B6470,156,90,2025-08-24 20:23:03,1,0,1,책 제목 993,김훈,SF,12159
69,B6384,101,86,2025-08-28 03:55:20,1,1,1,책 제목 556,무라카미 하루키,추리,22285
40,B9633,215,93,2025-08-06 20:56:05,1,1,1,책 제목 253,공지영,역사,23120
83,B5211,275,83,2025-08-17 18:26:03,1,0,1,책 제목 582,정세랑,추리,22755
12,B2844,31,44,2025-08-23 13:48:20,0,0,0,책 제목 129,김훈,로맨스,18325
78,B4848,20,11,2025-08-15 00:12:48,0,0,0,책 제목 862,베르나르 베르베르,역사,19972
74,B1982,19,41,2025-08-14 11:02:16,0,0,0,책 제목 611,한강,철학,11750
72,B3321,224,85,2025-08-24 04:30:26,1,1,1,책 제목 302,정세랑,로맨스,19127
27,B5455,81,17,2025-08-12 19:15:05,0,0,0,책 제목 8,김훈,로맨스,19787
5,B8955,64,17,2025-08-26 17:52:24,0,0,0,책 제목 890,히가시노 게이고,추리,21831
91,B2496,204,74,2025-08-23 15:21:49,1,0,1,책 제목 165,한강,추리,24139
9,B4143,76,20,2025-08-30 11:56:40,0,0,0,책 제목 867,김훈,SF,21530
29,B5300,48,33,2025-08-08 06:39:18,0,0,0,책 제목 635,공지영,자기계발,21821
49,B3235,41,29,2025-08-09 02:29:06,0,0,0,책 제목 494,김훈,추리,22766
60,B7904,58,21,2025-08-14 19:48:27,0,0,0,책 제목 173,김훈,로맨스,14799
31,B9673,49,26,2025-08-01 07:42:18,0,0,0,책 제목 326,정세랑,자기계발,13925
70,B7775,216,97,2025-08-28 18:16:46,1,0,1,책 제목 619,무라카미 하루키,역사,16936
96,B1034,75,25,2025-08-29 02:51:35,0,0,0,책 제목 284,무라카미 하루키,자기계발,15909
57,B7531,288,75,2025-08-16 20:21:17,1,1,1,책 제목 14,공지영,자기계발,11159
38,B7669,97,5,2025-08-04 20:49:14,0,0,0,책 제목 582,베르나르 베르베르,자기계발,24679
34,B1381,76,48,2025-08-13 10:54:08,0,0,0,책 제목 424,공지영,에세이,20794
43,B6448,201,93,2025-08-19 11:34:13,1,1,1,책 제목 858,한강,소설,19915
93,B5266,256,71,2025-08-19 14:18:54,1,0,1,책 제목 101,히가시노 게이고,추리,15243
88,B5132,15,37,2025-08-11 23:58:12,0,0,0,책 제목 548,정세랑,역사,23421
86,B8295,77,15,2025-08-29 09:23:59,0,0,0,책 제목 346,한강,철학,15938
22,B4764,243,85,2025-08-18 17:19:41,1,1,1,책 제목 583,무라카미 하루키,소설,24758
28,B2902,83,32,2025-08-07 04:50:27,0,0,0,책 제목 65,정세랑,로맨스,23993
95,B5826,121,85,2025-08-14 10:17:28,1,1,1,책 제목 387,히가시노 게이고,철학,13137
58,B8962,54,36,2025-08-19 07:10:41,0,0,0,책 제목 219,무라카미 하루키,로맨스,23727
42,B9515,86,10,2025-08-04 14:06:03,0,0,0,책 제목 674,히가시노 게이고,SF,22085
87,B4017,16,10,2025-08-06 17:06:10,0,0,0,책 제목 36,베르나르 베르베르,로맨스,19790
77,B1611,11,15,2025-08-14 15:24:02,0,0,0,책 제목 662,공지영,역사,17910
53,B5962,41,45,2025-08-02 11:51:41,0,0,0,책 제목 734,공지영,에세이,17601
92,B5655,125,86,2025-08-10 19:32:22,1,0,1,책 제목 395,김훈,SF,15388
89,B3623,171,88,2025-08-19 16:09:34,1,1,1,책 제목 267,히가시노 게이고,자기계발,15442
79,B8627,18,7,2025-08-08 20:21:03,0,0,0,책 제목 788,조정래,소설,19869
68,B7320,57,35,2025-08-20 22:53:58,0,0,0,책 제목 761,정세랑,소설,16125
63,B5086,275,92,2025-08-08 09:31:44,1,0,1,책 제목 380,공지영,SF,19461
24,B1136,267,92,2025-08-30 16:41:27,1,1,1,책 제목 644,조정래,자기계발,14485
42,B5253,101,99,2025-08-27 16:23:33,1,1,1,책 제목 384,한강,에세이,20805
100,B2238,224,79,2025-08-29 16:50:40,1,1,1,책 제목 890,히가시노 게이고,자기계발,19036
36,B4025,267,82,2025-08-30 20:18:02,1,1,1,책 제목 427,한강,추리,17891
87,B5372,124,93,2025-08-19 00:12:59,1,1,1,책 제목 264,베르나르 베르베르,로맨스,20001
75,B8844,269,97,2025-08-08 15:25:27,1,1,1,책 제목 733,히가시노 게이고,로맨스,12369
52,B4944,218,94,2025-08-09 05:45:43,1,1,1,책 제목 784,정세랑,로맨스,11230
53,B2852,73,22,2025-08-03 03:39:24,0,0,0,책 제목 660,히가시노 게이고,역사,19211
1,B5240,70,45,2025-08-08 03:45:08,0,0,0,책 제목 779,김훈,소설,12673
8,B8795,56,19,2025-08-16 19:40:51,0,0,0,책 제목 307,정세랑,자기계발,16794
61,B9034,98,27,2025-08-25 17:28:11,0,0,0,책 제목 140,히가시노 게이고,자기계발,19373
65,B4783,76,19,2025-08-07 00:49:57,0,0,0,책 제목 186,조정래,SF,15993
38,B5108,53,25,2025-08-19 19:10:24,0,0,0,책 제목 386,베르나르 베르베르,추리,15988
29,B7799,11,41,2025-08-22 09:55:31,0,0,0,책 제목 591,한강,SF,12376
1,B3911,176,78,2025-08-30 02:58:11,1,0,1,책 제목 177,조정래,에세이,21873
65,B3432,72,11,2025-08-15 23:45:25,0,0,0,책 제목 946,김훈,역사,13475
19,B3171,250,88,2025-08-25 06:23:14,1,1,1,책 제목 394,김훈,역사,20145
15,B8588,46,3,2025-08-25 15:07:48,0,0,0,책 제목 721,한강,SF,20884
41,B2302,52,45,2025-08-11 23:38:53,0,0,0,책 제목 243,무라카미 하루키,추리,17226
74,B8981,7,17,2025-08-25 17:35:19,0,0,0,책 제목 145,공지영,철학,23166
44,B6800,199,99,2025-08-16 08:39:08,1,1,1,책 제목 19,한강,소설,11810
81,B7744,14,19,2025-08-03 01:13:36,0,0,0,책 제목 798,베르나르 베르베르,로맨스,22620
57,B1724,84,42,2025-08-11 12:32:01,0,0,0,책 제목 957,공지영,추리,10437
27,B6745,166,70,2025-08-08 23:09:12,1,0,1,책 제목 60,정세랑,SF,19764
89,B4997,16,20,2025-08-01 04:03:53,0,0,0,책 제목 339,베르나르 베르베르,추리,23628
49,B9194,66,2,2025-08-08 05:22:32,0,0,0,책 제목 844,김훈,SF,21954
47,B3308,146,74,2025-08-02 00:25:55,1,0,1,책 제목 920,공지영,로맨스,13594
53,B4486,76,9,2025-08-06 19:18:23,0,0,0,책 제목 555,정세랑,에세이,13527
35,B5692,85,30,2025-08-08 01:34:01,0,0,0,책 제목 93,조정래,에세이,21696
95,B8363,17,32,2025-08-24 20:44:52,0,0,0,책 제목 17,히가시노 게이고,자기계발,17287
26,B3955,260,72,2025-08-12 03:59:55,1,1,1,책 제목 615,조정래,자기계발,23986
44,B1078,155,70,2025-08-11 12:19:40,1,0,1,책 제목 386,정세랑,로맨스,10504
47,B5088,108,86,2025-08-04 15:30:18,1,1,1,책 제목 699,조정래,로맨스,13551
70,B6410,248,99,2025-08-22 12:19:28,1,1,1,책 제목 961,정세랑,철학,21360
23,B8491,282,97,2025-08-01 20:33:17,1,0,1,책 제목 71,정세랑,에세이,10631
30,B9501,18,28,2025-08-21 10:59:41,0,0,0,책 제목 529,김훈,역사,15906
14,B9382,212,87,2025-08-04 11:31:49,1,1,1,책 제목 931,한강,역사,19138
94,B8524,94,46,2025-08-18 17:54:46,0,0,0,책 제목 805,히가시노 게이고,자기계발,14240
23,B8730,110,91,2025-08-10 02:55:40,1,1,1,책 제목 878,무라카미 하루키,추리,13630
97,B6794,31,47,2025-08-15 05:39:19,0,0,0,책 제목 993,무라카미 하루키,로맨스,17574
37,B1991,218,76,2025-08-04 13:01:34,1,0,1,책 제목 192,무라카미 하루키,로맨스,17697
10,B3887,97,5,2025-08-12 16:08:27,0,0,0,책 제목 979,히가시노 게이고,추리,14184
39,B8069,228,89,2025-08-16 21:59:07,1,1,1,책 제목 182,베르나르 베르베르,철학,24166
26,B7219,33,16,2025-08-05 05:40:47,0,0,0,책 제목 389,정세랑,자기계발,20886
65,B9330,57,35,2025-08-15 10:18:49,0,0,0,책 제목 356,베르나르 베르베르,SF,22756
56,B4420,279,79,2025-08-17 15:35:33,1,1,1,책 제목 521,정세랑,자기계발,13854
46,B3901,295,96,2025-08-09 21:23:43,1,0,1,책 제목 897,공지영,로맨스,21069
78,B3766,93,31,2025-08-12 02:08:21,0,0,0,책 제목 81,조정래,추리,18186
18,B5534,191,86,2025-08-01 01:08:58,1,1,1,책 제목 373,히가시노 게이고,SF,12424
60,B2919,198,81,2025-08-14 09:32:02,1,0,1,책 제목 244,공지영,역사,11132
98,B4016,20,39,2025-08-06 15:32:27,0,0,0,책 제목 286,베르나르 베르베르,에세이,12850
28,B1814,170,96,2025-08-01 16:36:18,1,1,1,책 제목 839,김훈,추리,23065
36,B5133,151,74,2025-08-26 09:20:54,1,0,1,책 제목 509,조정래,자기계발,13332
18,B3231,115,92,2025-08-04 03:59:46,1,1,1,책 제목 272,무라카미 하루키,SF,23521
14,B5950,234,72,2025-08-20 04:54:40,1,1,1,책 제목 164,히가시노 게이고,에세이,14735
30,B5006,160,74,2025-08-06 04:32:57,1,1,1,책 제목 855,히가시노 게이고,자기계발,21500
99,B5215,65,11,2025-08-15 05:25:33,0,0,0,책 제목 562,김훈,에세이,21025
23,B1912,281,87,2025-08-15 04:53:42,1,1,1,책 제목 295,무라카미 하루키,역사,19290
31,B6137,186,93,2025-08-12 00:08:42,1,0,1,책 제목 787,정세랑,철학,15741
59,B1690,111,84,2025-08-08 17:28:09,1,0,1,책 제목 663,정세랑,SF,20917
33,B9347,13,46,2025-08-16 23:56:52,0,0,0,책 제목 126,김훈,역사,23928
88,B9231,273,83,2025-08-16 17:33:51,1,0,1,책 제목 805,조정래,자기계발,17427
73,B8364,294,81,2025-08-26 01:12:47,1,0,1,책 제목 621,히가시노 게이고,추리,13506
76,B3138,112,86,2025-08-12 00:45:22,1,1,1,책 제목 255,히가시노 게이고,철학,23299
51,B5951,63,6,2025-08-18 21:31:28,0,0,0,책 제목 556,김훈,역사,20767
99,B5655,91,29,2025-08-20 11:04:36,0,0,0,책 제목 687,김훈,소설,10392
39,B2559,140,73,2025-08-02 21:30:34,1,1,1,책 제목 569,정세랑,SF,18259
3,B6627,83,33,2025-08-30 10:26:13,0,0,0,책 제목 559,한강,로맨스,16639
45,B3643,224,75,2025-08-10 12:18:55,1,0,1,책 제목 743,히가시노 게이고,에세이,24362
40,B2699,114,98,2025-08-26 00:32:04,1,0,1,책 제목 778,조정래,SF,21420
95,B2581,37,46,2025-08-17 12:12:40,0,0,0,책 제목 525,정세랑,자기계발,23542
91,B7469,51,16,2025-08-16 16:58:05,0,0,0,책 제목 9,공지영,소설,11033
6,B8893,138,77,2025-08-05 09:02:45,1,0,1,책 제목 949,정세랑,철학,22385
30,B3940,200,78,2025-08-08 23:58:15,1,0,1,책 제목 443,김훈,추리,24527
8,B2219,25,23,2025-08-01 19:11:33,0,0,0,책 제목 342,조정래,자기계발,13587
49,B9526,235,91,2025-08-05 02:37:34,1,1,1,책 제목 340,베르나르 베르베르,에세이,16328
30,B7544,183,76,2025-08-04 06:36:46,1,1,1,책 제목 21,히가시노 게이고,역사,21669
54,B9899,79,9,2025-08-25 13:03:38,0,0,0,책 제목 851,공지영,소설,18250
50,B2801,51,43,2025-08-07 14:11:43,0,0,0,책 제목 233,정세랑,추리,20393
46,B7165,292,90,2025-08-21 18:20:29,1,1,1,책 제목 228,김훈,소설,24286
41,B1569,114,81,2025-08-28 12:32:15,1,1,1,책 제목 560,공지영,자기계발,13610
30,B8955,132,82,2025-08-29 20:48:53,1,0,1,책 제목 128,김훈,로맨스,12438
39,B4832,18,31,2025-08-16 12:04:47,0,0,0,책 제목 317,한강,로맨스,13759
29,B9875,86,40,2025-08-02 08:28:28,0,0,0,책 제목 633,김훈,에세이,10233
6,B5646,178,92,2025-08-19 03:35:46,1,0,1,책 제목 722,한강,자기계발,18319
33,B4828,109,99,2025-08-03 18:33:28,1,0,1,책 제목 439,김훈,추리,16899
21,B3148,66,28,2025-08-25 14:47:49,0,0,0,책 제목 604,공지영,에세이,10832
75,B7764,52,40,2025-08-12 01:03:47,0,0,0,책 제목 26,정세랑,에세이,23493
60,B5788,25,35,2025-08-15 11:17:20,0,0,0,책 제목 795,한강,역사,10131
51,B6808,99,2,2025-08-30 07:08:46,0,0,0,책 제목 295,공지영,SF,23141
43,B5530,195,94,2025-08-22 13:07:07,1,1,1,책 제목 43,한강,역사,19533
34,B4424,114,73,2025-08-02 13:04:58,1,1,1,책 제목 999,베르나르 베르베르,로맨스,18264
25,B3568,31,9,2025-08-16 04:45:22,0,0,0,책 제목 272,조정래,소설,24038
57,B7027,17,26,2025-08-13 07:05:07,0,0,0,책 제목 557,정세랑,철학,19959
36,B2013,119,86,2025-08-28 00:00:11,1,0,1,책 제목 414,무라카미 하루키,에세이,22846
43,B5581,200,96,2025-08-07 15:13:09,1,0,1,책 제목 413,정세랑,역사,11682
38,B5910,72,21,2025-08-27 14:01:48,0,0,0,책 제목 368,히가시노 게이고,소설,22495
39,B3698,178,96,2025-08-11 07:04:53,1,0,1,책 제목 252,베르나르 베르베르,에세이,12994
99,B4542,155,84,2025-08-14 22:38:00,1,1,1,책 제목 812,조정래,로맨스,15078
42,B6727,65,39,2025-08-09 21:36:16,0,0,0,책 제목 567,김훈,소설,13495
97,B7352,81,24,2025-08-08 05:29:48,0,0,0,책 제목 90,무라카미 하루키,에세이,11425
92,B5651,72,40,2025-08-27 10:49:22,0,0,0,책 제목 193,정세랑,소설,18462
39,B7525,12,37,2025-08-19 09:13:24,0,0,0,책 제목 779,무라카미 하루키,철학,12908
8,B7648,292,88,2025-08-22 03:08:26,1,1,1,책 제목 116,무라카미 하루키,자기계발,21126
92,B2025,10,33,2025-08-18 07:29:02,0,0,0,책 제목 783,베르나르 베르베르,철학,16989
32,B1181,27,20,2025-08-15 13:07:27,0,0,0,책 제목 413,한강,소설,16152
78,B9548,204,97,2025-08-28 18:00:38,1,1,1,책 제목 841,히가시노 게이고,소설,14072
50,B4048,193,84,2025-08-15 14:06:26,1,1,1,책 제목 63,한강,SF,16966
34,B2296,219,99,2025-08-27 23:50:14,1,0,1,책 제목 138,베르나르 베르베르,추리,19242
80,B7132,42,47,2025-08-26 01:30:56,0,0,0,책 제목 435,공지영,에세이,15302
31,B6741,229,82,2025-08-01 01:28:07,1,0,1,책 제목 119,히가시노 게이고,자기계발,21905
29,B3098,18,21,2025-08-12 10:38:42,0,0,0,책 제목 144,히가시노 게이고,추리,15782
52,B5055,245,88,2025-08-18 06:52:31,1,1,1,책 제목 376,무라카미 하루키,SF,18385
68,B7551,55,16,2025-08-17 11:37:21,0,0,0,책 제목 904,조정래,로맨스,11690
44,B6970,221,98,2025-08-14 21:48:20,1,1,1,책 제목 258,정세랑,SF,16313
47,B3437,116,97,2025-08-29 14:06:10,1,1,1,책 제목 968,김훈,소설,15229
19,B2140,83,16,2025-08-11 23:47:36,0,0,0,책 제목 722,김훈,추리,21340
24,B4873,178,87,2025-08-08 05:04:50,1,1,1,책 제목 354,김훈,로맨스,24109
58,B4273,38,6,2025-08-03 19:04:42,0,0,0,책 제목 213,정세랑,소설,21934
31,B5546,20,34,2025-08-02 15:04:48,0,0,0,책 제목 543,조정래,SF,20440
77,B4493,91,8,2025-08-04 07:34:13,0,0,0,책 제목 251,조정래,에세이,10808
99,B9511,218,91,2025-08-27 04:24:52,1,1,1,책 제목 249,무라카미 하루키,역사,16869
43,B4569,40,43,2025-08-27 16:21:29,0,0,0,책 제목 476,정세랑,에세이,16238
78,B2225,295,86,2025-08-20 22:16:33,1,1,1,책 제목 956,무라카미 하루키,에세이,13243
43,B4781,22,22,2025-08-04 20:01:41,0,0,0,책 제목 684,조정래,추리,21648
93,B9750,116,86,2025-08-19 08:54:21,1,0,1,책 제목 82,공지영,로맨스,18787
92,B6775,106,99,2025-08-19 13:34:10,1,1,1,책 제목 1,히가시노 게이고,SF,20544
73,B2123,59,36,2025-08-16 13:16:03,0,0,0,책 제목 100,무라카미 하루키,SF,15271
57,B4691,263,89,2025-08-07 23:54:13,1,0,1,책 제목 89,베르나르 베르베르,에세이,18386
16,B5961,34,7,2025-08-17 21:55:50,0,0,0,책 제목 587,조정래,자기계발,24398
48,B4535,222,79,2025-08-15 03:52:00,1,0,1,책 제목 942,한강,역사,23429
79,B7671,59,45,2025-08-03 11:19:56,0,0,0,책 제목 229,정세랑,SF,12979
30,B6070,64,33,2025-08-04 03:26:49,0,0,0,책 제목 268,공지영,자기계발,10559
4,B9499,65,12,2025-08-18 06:31:13,0,0,0,책 제목 898,한강,소설,23435
35,B6068,269,88,2025-08-11 18:49:35,1,0,1,책 제목 216,한강,로맨스,14151
33,B2813,17,25,2025-08-20 15:10:35,0,0,0,책 제목 867,조정래,소설,24219
43,B2131,22,48,2025-08-19 09:07:29,0,0,0,책 제목 942,공지영,추리,19024
11,B3922,230,84,2025-08-25 16:40:20,1,0,1,책 제목 500,정세랑,추리,24314
93,B5523,30,8,2025-08-23 06:14:58,0,0,0,책 제목 433,한강,SF,14415
24,B7719,133,70,2025-08-12 04:01:58,1,0,1,책 제목 484,베르나르 베르베르,소설,15238
37,B7413,67,48,2025-08-16 15:01:33,0,0,0,책 제목 628,한강,철학,20251
54,B9170,55,41,2025-08-23 09:09:24,0,0,0,책 제목 163,무라카미 하루키,소설,20995
59,B2394,90,12,2025-08-11 17:36:06,0,0,0,책 제목 366,한강,자기계발,23703
70,B4834,128,88,2025-08-28 09:18:24,1,0,1,책 제목 125,공지영,역사,21021
37,B4642,91,32,2025-08-27 05:38:45,0,0,0,책 제목 925,정세랑,철학,18055
77,B5411,261,98,2025-08-14 19:04:15,1,1,1,책 제목 397,베르나르 베르베르,철학,10238
18,B5089,275,90,2025-08-30 21:15:15,1,1,1,책 제목 728,베르나르 베르베르,SF,23600
61,B6537,41,31,2025-08-16 04:04:06,0,0,0,책 제목 580,김훈,에세이,18572
61,B2254,36,23,2025-08-23 23:45:14,0,0,0,책 제목 562,공지영,로맨스,20719
7,B5400,133,78,2025-08-21 13:18:42,1,1,1,책 제목 822,김훈,에세이,23230
88,B4423,179,72,2025-08-27 17:01:37,1,1,1,책 제목 389,공지영,추리,11898
13,B8098,144,82,2025-08-06 10:36:32,1,0,1,책 제목 441,정세랑,SF,24678
54,B7462,194,86,2025-08-14 04:04:48,1,0,1,책 제목 921,정세랑,에세이,22234
16,B2699,253,80,2025-08-18 06:15:41,1,1,1,책 제목 569,히가시노 게이고,소설,22907
9,B8517,85,20,2025-08-08 23:26:37,0,0,0,책 제목 957,공지영,SF,15263
84,B3118,135,93,2025-08-07 06:11:17,1,0,1,책 제목 24,히가시노 게이고,철학,17489
60,B1601,248,86,2025-08-10 23:54:23,1,1,1,책 제목 421,히가시노 게이고,자기계발,12852
20,B6402,189,82,2025-08-29 21:35:01,1,0,1,책 제목 956,한강,소설,14677
45,B8428,178,91,2025-08-15 19:19:40,1,0,1,책 제목 552,조정래,에세이,17226
5,B5006,38,36,2025-08-02 16:28:13,0,0,0,책 제목 178,정세랑,로맨스,21334
21,B2583,287,81,2025-08-16 16:00:49,1,0,1,책 제목 968,조정래,역사,22621
37,B7831,206,96,2025-08-16 22:07:25,1,1,1,책 제목 743,공지영,로맨스,13306
78,B4883,83,3,2025-08-05 10:04:16,0,0,0,책 제목 108,정세랑,소설,16264
40,B2375,114,84,2025-08-16 05:35:28,1,0,1,책 제목 877,무라카미 하루키,소설,20227
52,B5983,43,40,2025-08-26 15:37:39,0,0,0,책 제목 770,정세랑,로맨스,17960
67,B1262,65,22,2025-08-12 02:00:42,0,0,0,책 제목 892,정세랑,자기계발,23854
32,B9864,41,20,2025-08-11 05:37:17,0,0,0,책 제목 267,무라카미 하루키,추리,17514
23,B9803,131,72,2025-08-21 19:10:01,1,1,1,책 제목 796,정세랑,에세이,14482
44,B2683,114,81,2025-08-14 04:00:13,1,0,1,책 제목 66,베르나르 베르베르,추리,23304
48,B5910,31,24,2025-08-30 06:54:09,0,0,0,책 제목 741,공지영,에세이,11717
100,B5504,98,49,2025-08-08 02:08:15,0,0,0,책 제목 175,무라카미 하루키,자기계발,18480
15,B7784,182,80,2025-08-07 11:16:03,1,1,1,책 제목 31,베르나르 베르베르,추리,13490
91,B7802,247,97,2025-08-26 13:48:19,1,1,1,책 제목 360,조정래,자기계발,16546
1,B1799,93,46,2025-08-10 17:29:57,0,0,0,책 제목 2,무라카미 하루키,철학,24538
75,B4482,192,71,2025-08-24 05:49:05,1,1,1,책 제목 806,김훈,에세이,20741
40,B9397,152,72,2025-08-06 16:30:50,1,0,1,책 제목 675,공지영,에세이,20573
40,B5603,35,12,2025-08-20 00:06:13,0,0,0,책 제목 587,무라카미 하루키,역사,12978
63,B9482,93,30,2025-08-17 03:55:38,0,0,0,책 제목 943,히가시노 게이고,에세이,24628
49,B8772,296,80,2025-08-05 20:54:48,1,1,1,책 제목 981,베르나르 베르베르,자기계발,15649
16,B4778,94,39,2025-08-10 19:00:56,0,0,0,책 제목 43,베르나르 베르베르,추리,22641
82,B9710,23,29,2025-08-15 14:15:45,0,0,0,책 제목 162,조정래,추리,16349
97,B7734,68,2,2025-08-23 21:39:05,0,0,0,책 제목 226,공지영,소설,24916
84,B7493,152,71,2025-08-08 06:41:01,1,0,1,책 제목 674,히가시노 게이고,자기계발,13818
87,B5607,162,91,2025-08-22 19:24:36,1,0,1,책 제목 595,조정래,추리,12433
98,B7235,53,25,2025-08-02 22:23:11,0,0,0,책 제목 490,공지영,에세이,21630
69,B8969,86,2,2025-08-27 05:36:38,0,0,0,책 제목 323,무라카미 하루키,소설,16766
32,B2223,229,97,2025-08-25 12:25:24,1,0,1,책 제목 230,무라카미 하루키,SF,21555
20,B2408,78,18,2025-08-29 08:16:06,0,0,0,책 제목 299,한강,SF,16818
100,B9267,222,77,2025-08-23 19:49:18,1,1,1,책 제목 968,한강,소설,23247
80,B7415,32,5,2025-08-18 14:31:33,0,0,0,책 제목 678,무라카미 하루키,역사,15558
73,B9022,44,37,2025-08-02 09:53:46,0,0,0,책 제목 944,조정래,자기계발,23886
32,B4801,141,99,2025-08-16 18:17:51,1,0,1,책 제목 203,김훈,에세이,11227
96,B1298,140,84,2025-08-26 22:31:25,1,1,1,책 제목 584,한강,자기계발,10666
16,B4671,222,87,2025-08-11 23:56:02,1,0,1,책 제목 456,히가시노 게이고,철학,16852
24,B6526,6,38,2025-08-20 11:29:24,0,0,0,책 제목 739,한강,로맨스,19604
64,B2334,221,81,2025-08-19 05:21:26,1,0,1,책 제목 635,조정래,철학,18041
64,B2885,79,48,2025-08-27 18:52:52,0,0,0,책 제목 297,무라카미 하루키,철학,21846
4,B3726,36,21,2025-08-13 19:32:57,0,0,0,책 제목 567,무라카미 하루키,추리,24648
8,B4048,7,25,2025-08-28 22:44:57,0,0,0,책 제목 395,김훈,자기계발,10690
3,B9057,254,90,2025-08-06 10:42:09,1,1,1,책 제목 815,한강,철학,11628
79,B7456,178,89,2025-08-06 13:40:15,1,0,1,책 제목 273,조정래,역사,22508
92,B6191,93,48,2025-08-22 04:48:36,0,0,0,책 제목 481,정세랑,역사,19377
24,B5005,47,7,2025-08-17 14:30:36,0,0,0,책 제목 994,공지영,추리,18916
27,B8608,91,3,2025-08-03 15:39:31,0,0,0,책 제목 397,김훈,소설,23391
62,B9993,218,90,2025-08-26 02:04:38,1,1,1,책 제목 991,조정래,자기계발,20527
1,B5669,81,46,2025-08-04 07:35:39,0,0,0,책 제목 161,히가시노 게이고,역사,12372
100,B4441,123,97,2025-08-18 06:48:13,1,1,1,책 제목 506,히가시노 게이고,에세이,21794
15,B7064,191,90,2025-08-16 17:15:26,1,1,1,책 제목 750,무라카미 하루키,역사,23907
30,B5723,217,90,2025-08-09 11:18:19,1,1,1,책 제목 128,무라카미 하루키,추리,15348
6,B3823,11,21,2025-08-04 10:20:12,0,0,0,책 제목 643,히가시노 게이고,SF,19034
18,B9718,86,0,2025-08-22 15:11:25,0,0,0,책 제목 845,김훈,자기계발,10864
33,B7223,14,10,2025-08-13 18:20:01,0,0,0,책 제목 673,한강,철학,19697
56,B4342,267,88,2025-08-17 21:14:17,1,0,1,책 제목 109,공지영,철학,15254
41,B1421,231,97,2025-08-06 02:48:56,1,1,1,책 제목 764,정세랑,로맨스,21084
56,B5653,116,91,2025-08-04 17:28:57,1,0,1,책 제목 768,한강,자기계발,23964
55,B8378,162,95,2025-08-22 09:43:15,1,0,1,책 제목 973,조정래,역사,13927
9,B5717,133,83,2025-08-26 20:37:16,1,0,1,책 제목 760,김훈,SF,10963
36,B8056,121,86,2025-08-24 02:00:49,1,1,1,책 제목 782,한강,에세이,11192
86,B8665,29,30,2025-08-04 01:09:29,0,0,0,책 제목 944,한강,SF,22196
100,B3344,95,48,2025-08-03 22:12:53,0,0,0,책 제목 5,한강,에세이,10837
76,B2270,16,5,2025-08-19 10:16:50,0,0,0,책 제목 608,무라카미 하루키,에세이,12282
89,B2480,31,38,2025-08-09 13:17:06,0,0,0,책 제목 281,공지영,로맨스,22312
34,B8336,27,29,2025-08-20 06:51:53,0,0,0,책 제목 742,김훈,역사,20567
10,B8693,253,95,2025-08-02 14:35:25,1,1,1,책 제목 639,조정래,추리,22379
30,B2633,246,81,2025-08-21 12:43:52,1,0,1,책 제목 680,조정래,자기계발,12502
9,B6086,296,79,2025-08-09 00:00:52,1,1,1,책 제목 176,정세랑,추리,18671
30,B7112,48,21,2025-08-08 07:07:38,0,0,0,책 제목 365,히가시노 게이고,에세이,12013
61,B4798,146,84,2025-08-18 22:36:24,1,1,1,책 제목 36,김훈,로맨스,22946
79,B5364,107,71,2025-08-01 09:41:51,1,0,1,책 제목 288,히가시노 게이고,로맨스,15207
37,B7017,147,90,2025-08-25 01:40:10,1,0,1,책 제목 869,김훈,철학,11271
29,B5739,11,37,2025-08-17 17:08:52,0,0,0,책 제목 125,무라카미 하루키,추리,21772
4,B4638,283,72,2025-08-25 18:39:54,1,1,1,책 제목 533,한강,자기계발,19179
47,B8441,21,48,2025-08-12 06:21:23,0,0,0,책 제목 772,한강,역사,12896
98,B5847,122,98,2025-08-01 08:15:25,1,1,1,책 제목 643,조정래,소설,15926
66,B1363,216,84,2025-08-02 06:56:01,1,0,1,책 제목 596,무라카미 하루키,로맨스,15811
37,B3523,11,1,2025-08-11 00:42:05,0,0,0,책 제목 191,조정래,역사,15196
21,B3358,126,74,2025-08-05 11:52:29,1,1,1,책 제목 633,공지영,자기계발,24153
34,B2013,161,91,2025-08-08 04:56:45,1,0,1,책 제목 89,한강,역사,14599
93,B3845,5,36,2025-08-10 02:35:18,0,0,0,책 제목 283,히가시노 게이고,철학,17378
1,B5004,85,38,2025-08-26 23:20:55,0,0,0,책 제목 150,베르나르 베르베르,로맨스,16338
86,B4972,208,93,2025-08-22 23:37:23,1,0,1,책 제목 656,김훈,철학,17863
55,B7890,139,86,2025-08-12 02:50:12,1,0,1,책 제목 915,한강,자기계발,11382
82,B4411,228,96,2025-08-29 14:52:04,1,1,1,책 제목 32,공지영,역사,24260
38,B8234,68,42,2025-08-07 16:19:18,0,0,0,책 제목 442,공지영,소설,18232
34,B7207,101,98,2025-08-20 14:01:50,1,0,1,책 제목 267,김훈,에세이,16579
4,B5249,265,87,2025-08-29 12:58:32,1,0,1,책 제목 621,정세랑,자기계발,17552
63,B4936,76,34,2025-08-28 04:06:41,0,0,0,책 제목 178,조정래,자기계발,12436
19,B4401,29,12,2025-08-17 07:40:38,0,0,0,책 제목 517,한강,소설,20324
1,B6711,233,73,2025-08-27 14:51:39,1,1,1,책 제목 890,베르나르 베르베르,SF,16344
2,B3556,150,76,2025-08-30 22:30:44,1,0,1,책 제목 211,조정래,SF,21080
73,B6540,244,76,2025-08-18 23:10:26,1,1,1,책 제목 160,베르나르 베르베르,역사,11787
93,B7805,247,93,2025-08-30 17:17:02,1,0,1,책 제목 146,정세랑,추리,19135
37,B7604,260,82,2025-08-23 13:02:43,1,0,1,책 제목 304,김훈,자기계발,17833
1,B5897,10,34,2025-08-12 15:15:44,0,0,0,책 제목 429,베르나르 베르베르,SF,20257
56,B1513,113,93,2025-08-26 16:22:58,1,1,1,책 제목 279,정세랑,자기계발,12667
77,B4311,29,1,2025-08-25 21:01:19,0,0,0,책 제목 505,한강,추리,19241
98,B1698,29,43,2025-08-18 11:53:22,0,0,0,책 제목 274,김훈,역사,12285
59,B4587,260,71,2025-08-04 03:14:06,1,1,1,책 제목 243,공지영,자기계발,10384
11,B6852,55,20,2025-08-01 17:44:39,0,0,0,책 제목 941,무라카미 하루키,소설,19408
15,B3083,112,80,2025-08-21 07:41:32,1,0,1,책 제목 512,히가시노 게이고,로맨스,19908
28,B9227,74,11,2025-08-12 09:16:10,0,0,0,책 제목 800,정세랑,로맨스,11832
32,B1952,78,23,2025-08-04 02:28:36,0,0,0,책 제목 213,히가시노 게이고,로맨스,10858
50,B2863,48,31,2025-08-13 12:35:21,0,0,0,책 제목 647,한강,에세이,14927
84,B3326,57,7,2025-08-19 02:35:47,0,0,0,책 제목 476,김훈,에세이,17642
100,B8468,44,44,2025-08-08 13:09:28,0,0,0,책 제목 403,공지영,에세이,10104
82,B1961,229,86,2025-08-05 17:01:24,1,0,1,책 제목 88,한강,역사,23261
38,B3022,173,79,2025-08-13 03:22:46,1,0,1,책 제목 992,무라카미 하루키,로맨스,15615
32,B4045,20,19,2025-08-13 13:37:32,0,0,0,책 제목 637,김훈,철학,11755
41,B7043,30,7,2025-08-14 20:01:08,0,0,0,책 제목 692,히가시노 게이고,에세이,24077
88,B1965,283,73,2025-08-05 16:43:24,1,0,1,책 제목 624,김훈,로맨스,17062
17,B5410,46,19,2025-08-16 07:23:21,0,0,0,책 제목 310,공지영,추리,14228
59,B1817,95,17,2025-08-04 22:38:36,0,0,0,책 제목 3,히가시노 게이고,에세이,20083
88,B2130,134,87,2025-08-20 14:42:28,1,1,1,책 제목 671,김훈,철학,21740
5,B6714,166,79,2025-08-24 03:03:17,1,0,1,책 제목 665,히가시노 게이고,역사,16780
58,B3811,76,47,2025-08-11 09:00:45,0,0,0,책 제목 87,무라카미 하루키,SF,12016
64,B9326,203,97,2025-08-10 10:02:18,1,0,1,책 제목 758,공지영,에세이,13531
65,B9790,55,27,2025-08-16 19:45:07,0,0,0,책 제목 379,공지영,에세이,10595
82,B1996,51,8,2025-08-12 20:34:06,0,0,0,책 제목 898,김훈,자기계발,12337
48,B3799,236,97,2025-08-08 14:13:50,1,0,1,책 제목 482,베르나르 베르베르,역사,17291
38,B4377,172,84,2025-08-27 17:21:52,1,0,1,책 제목 163,베르나르 베르베르,자기계발,18056
48,B4842,19,4,2025-08-27 19:05:38,0,0,0,책 제목 992,히가시노 게이고,역사,21556
29,B3343,252,93,2025-08-08 16:27:56,1,0,1,책 제목 489,히가시노 게이고,에세이,16971
79,B6389,111,72,2025-08-06 16:24:32,1,1,1,책 제목 688,한강,역사,15536
4,B9348,92,4,2025-08-27 17:09:39,0,0,0,책 제목 403,조정래,자기계발,21878
35,B5794,73,41,2025-08-19 19:13:58,0,0,0,책 제목 663,한강,SF,13628
51,B5982,25,7,2025-08-10 10:41:57,0,0,0,책 제목 26,김훈,로맨스,11982
44,B5119,196,78,2025-08-30 20:23:34,1,0,1,책 제목 727,조정래,철학,20754
28,B2458,7,39,2025-08-18 11:06:37,0,0,0,책 제목 423,무라카미 하루키,소설,21112
54,B6796,28,33,2025-08-19 19:25:48,0,0,0,책 제목 219,조정래,역사,17080
91,B5793,68,16,2025-08-20 05:50:56,0,0,0,책 제목 967,정세랑,에세이,21665
1,B5959,8,29,2025-08-12 17:16:07,0,0,0,책 제목 378,무라카미 하루키,소설,18275
92,B5642,204,70,2025-08-17 22:03:40,1,1,1,책 제목 333,히가시노 게이고,로맨스,16413
65,B4894,54,4,2025-08-08 15:56:53,0,0,0,책 제목 566,한강,로맨스,17709
83,B4782,59,37,2025-08-08 21:16:16,0,0,0,책 제목 260,김훈,로맨스,21936
75,B3160,62,38,2025-08-23 09:44:14,0,0,0,책 제목 206,정세랑,추리,20195
68,B5369,260,86,2025-08-09 15:44:12,1,0,1,책 제목 116,조정래,철학,24385
81,B9449,26,35,2025-08-08 16:44:38,0,0,0,책 제목 148,정세랑,에세이,22089
49,B2293,159,98,2025-08-23 10:35:04,1,1,1,책 제목 76,한강,추리,11440
72,B3758,35,11,2025-08-05 23:59:25,0,0,0,책 제목 256,공지영,에세이,22221
55,B9286,186,83,2025-08-28 02:52:16,1,0,1,책 제목 743,정세랑,역사,23841
59,B9363,88,32,2025-08-20 03:10:05,0,0,0,책 제목 29,한강,로맨스,11079
48,B9946,103,99,2025-08-15 11:08:48,1,0,1,책 제목 210,무라카미 하루키,로맨스,14976
6,B1272,216,73,2025-08-21 15:58:36,1,1,1,책 제목 741,한강,추리,23027
70,B8279,47,6,2025-08-25 08:56:17,0,0,0,책 제목 367,히가시노 게이고,추리,16431
64,B9279,29,6,2025-08-06 19:17:57,0,0,0,책 제목 607,무라카미 하루키,SF,22955
29,B1647,76,29,2025-08-30 04:46:35,0,0,0,책 제목 594,공지영,추리,10308
4,B7967,83,23,2025-08-24 16:39:12,0,0,0,책 제목 55,베르나르 베르베르,추리,11406
97,B6721,49,41,2025-08-20 03:00:33,0,0,0,책 제목 466,베르나르 베르베르,역사,24590
95,B4045,53,48,2025-08-21 01:54:32,0,0,0,책 제목 766,무라카미 하루키,자기계발,23322
85,B6295,221,78,2025-08-11 17:28:41,1,1,1,책 제목 514,김훈,로맨스,19427
38,B9239,55,31,2025-08-22 14:22:41,0,0,0,책 제목 972,김훈,에세이,11960
90,B5286,15,9,2025-08-02 13:55:59,0,0,0,책 제목 499,공지영,SF,13514
85,B9225,86,11,2025-08-25 22:33:48,0,0,0,책 제목 422,한강,에세이,21560
21,B1998,37,35,2025-08-10 00:34:40,0,0,0,책 제목 994,공지영,로맨스,18340
66,B6435,179,86,2025-08-25 20:17:54,1,0,1,책 제목 380,공지영,추리,10857
8,B5061,18,13,2025-08-24 17:55:23,0,0,0,책 제목 985,김훈,SF,24117
38,B9245,235,95,2025-08-26 20:44:53,1,1,1,책 제목 485,무라카미 하루키,소설,23721
87,B3724,141,72,2025-08-02 17:01:58,1,1,1,책 제목 535,김훈,추리,24075
68,B7075,231,77,2025-08-14 04:21:22,1,0,1,책 제목 933,공지영,에세이,22188
68,B5422,286,96,2025-08-10 04:23:12,1,1,1,책 제목 375,히가시노 게이고,SF,13004
57,B8132,188,85,2025-08-24 14:15:40,1,0,1,책 제목 821,무라카미 하루키,로맨스,20824
15,B4215,75,19,2025-08-19 08:42:09,0,0,0,책 제목 613,정세랑,철학,14130
31,B6967,15,19,2025-08-26 15:02:58,0,0,0,책 제목 766,한강,에세이,19268
75,B5931,17,39,2025-08-10 15:14:01,0,0,0,책 제목 500,베르나르 베르베르,자기계발,20769
57,B4217,90,29,2025-08-11 23:55:28,0,0,0,책 제목 226,베르나르 베르베르,추리,24228
14,B6590,45,23,2025-08-18 20:00:08,0,0,0,책 제목 884,조정래,소설,20367
25,B2596,70,10,2025-08-07 18:05:26,0,0,0,책 제목 625,베르나르 베르베르,자기계발,23665
97,B4683,149,81,2025-08-30 03:04:27,1,1,1,책 제목 30,베르나르 베르베르,에세이,11689
47,B5674,81,13,2025-08-09 13:52:45,0,0,0,책 제목 600,히가시노 게이고,소설,18009
12,B5099,288,95,2025-08-17 17:44:10,1,0,1,책 제목 808,한강,철학,24458
27,B5781,111,92,2025-08-19 03:27:08,1,1,1,책 제목 540,조정래,소설,11560
55,B1285,152,76,2025-08-03 14:15:37,1,1,1,책 제목 430,정세랑,로맨스,19900
47,B8482,144,71,2025-08-22 20:26:47,1,1,1,책 제목 993,김훈,에세이,16726
44,B9765,60,32,2025-08-16 13:14:39,0,0,0,책 제목 34,김훈,자기계발,23306
43,B5619,270,90,2025-08-05 09:34:29,1,1,1,책 제목 249,김훈,역사,14136
33,B7184,10,26,2025-08-16 21:13:27,0,0,0,책 제목 801,히가시노 게이고,철학,13723
27,B8519,223,70,2025-08-21 16:05:10,1,0,1,책 제목 909,한강,로맨스,17643
99,B2691,16,12,2025-08-19 01:22:35,0,0,0,책 제목 646,공지영,철학,20240
56,B7289,192,82,2025-08-23 22:06:47,1,1,1,책 제목 501,정세랑,로맨스,10946
66,B9494,122,90,2025-08-08 17:25:40,1,0,1,책 제목 854,히가시노 게이고,소설,10234
46,B5562,175,95,2025-08-08 16:34:28,1,1,1,책 제목 218,공지영,철학,22178
32,B3184,222,75,2025-08-03 11:44:08,1,1,1,책 제목 814,공지영,소설,16917
83,B7722,72,25,2025-08-27 15:34:32,0,0,0,책 제목 847,김훈,소설,18221
47,B8706,46,40,2025-08-22 17:05:39,0,0,0,책 제목 292,무라카미 하루키,자기계발,12070
78,B3584,142,90,2025-08-27 08:52:28,1,1,1,책 제목 311,히가시노 게이고,자기계발,13718
62,B6916,50,28,2025-08-25 19:45:51,0,0,0,책 제목 785,조정래,추리,11013
95,B7014,86,8,2025-08-30 09:50:40,0,0,0,책 제목 629,한강,역사,17892
81,B5162,245,86,2025-08-16 20:32:51,1,0,1,책 제목 620,공지영,소설,17036
31,B9588,43,31,2025-08-11 09:08:01,0,0,0,책 제목 858,공지영,역사,21300
23,B3553,148,90,2025-08-09 21:38:17,1,0,1,책 제목 884,공지영,철학,18895
60,B2485,20,46,2025-08-25 13:16:12,0,0,0,책 제목 932,히가시노 게이고,SF,21379
45,B8707,118,86,2025-08-21 01:50:35,1,1,1,책 제목 646,공지영,소설,18096
21,B3816,53,48,2025-08-14 18:38:03,0,0,0,책 제목 572,히가시노 게이고,철학,19964
30,B9615,5,24,2025-08-24 14:46:43,0,0,0,책 제목 658,김훈,추리,11986
51,B1493,121,77,2025-08-09 15:31:48,1,0,1,책 제목 260,정세랑,소설,20350
95,B9798,119,87,2025-08-01 08:55:01,1,1,1,책 제목 678,히가시노 게이고,자기계발,12775
44,B2606,26,13,2025-08-05 06:04:42,0,0,0,책 제목 748,무라카미 하루키,자기계발,17309
74,B3939,43,8,2025-08-12 06:44:05,0,0,0,책 제목 412,무라카미 하루키,로맨스,22696
71,B7975,260,73,2025-08-11 03:50:44,1,0,1,책 제목 590,무라카미 하루키,SF,14911
16,B8407,37,36,2025-08-25 10:27:58,0,0,0,책 제목 772,정세랑,추리,22894
49,B4663,290,87,2025-08-27 14:43:55,1,1,1,책 제목 360,공지영,철학,10161
3,B8830,18,32,2025-08-18 06:00:24,0,0,0,책 제목 665,조정래,로맨스,15192
89,B8617,213,74,2025-08-03 13:01:47,1,1,1,책 제목 192,무라카미 하루키,SF,21873
8,B5014,121,73,2025-08-17 20:54:00,1,1,1,책 제목 720,공지영,SF,12352
59,B7938,201,79,2025-08-26 09:09:02,1,1,1,책 제목 60,공지영,에세이,16719
4,B1408,68,10,2025-08-06 13:19:29,0,0,0,책 제목 19,공지영,철학,22489
93,B4882,164,86,2025-08-07 10:38:38,1,1,1,책 제목 553,김훈,에세이,16707
6,B8717,48,10,2025-08-24 18:38:20,0,0,0,책 제목 842,히가시노 게이고,자기계발,11725
34,B4268,218,94,2025-08-14 11:33:15,1,1,1,책 제목 69,무라카미 하루키,소설,23074
39,B3391,30,13,2025-08-19 14:54:45,0,0,0,책 제목 816,조정래,SF,13782
28,B4670,60,37,2025-08-01 23:21:46,0,0,0,책 제목 252,베르나르 베르베르,역사,22482
18,B1508,41,47,2025-08-16 18:13:26,0,0,0,책 제목 537,무라카미 하루키,소설,15120
49,B1801,114,86,2025-08-18 08:41:11,1,0,1,책 제목 307,조정래,소설,17569
81,B4470,269,87,2025-08-19 16:21:39,1,1,1,책 제목 534,정세랑,철학,12547
16,B9754,20,28,2025-08-12 02:50:55,0,0,0,책 제목 701,히가시노 게이고,SF,20827
17,B7383,90,23,2025-08-28 02:47:34,0,0,0,책 제목 471,조정래,에세이,20529
85,B4628,7,41,2025-08-21 17:17:08,0,0,0,책 제목 345,조정래,역사,17394
4,B4278,185,81,2025-08-17 16:33:05,1,1,1,책 제목 287,정세랑,역사,12007
65,B8922,25,16,2025-08-08 21:43:06,0,0,0,책 제목 105,베르나르 베르베르,추리,12233
38,B4485,37,7,2025-08-01 16:25:55,0,0,0,책 제목 21,한강,역사,10527
72,B4862,218,78,2025-08-21 14:21:25,1,1,1,책 제목 877,공지영,SF,21897
35,B8546,10,12,2025-08-28 09:59:47,0,0,0,책 제목 24,정세랑,로맨스,23112
29,B4605,10,42,2025-08-09 12:06:09,0,0,0,책 제목 2,히가시노 게이고,자기계발,20846
56,B8296,133,77,2025-08-30 03:42:50,1,0,1,책 제목 291,베르나르 베르베르,자기계발,16869
96,B3377,24,17,2025-08-14 11:30:50,0,0,0,책 제목 699,한강,자기계발,20744
43,B7552,142,99,2025-08-01 16:49:05,1,0,1,책 제목 658,히가시노 게이고,역사,15179
34,B2462,50,8,2025-08-12 11:18:40,0,0,0,책 제목 874,공지영,자기계발,13118
100,B8112,37,31,2025-08-09 10:55:59,0,0,0,책 제목 466,베르나르 베르베르,소설,23823
49,B2789,89,36,2025-08-14 05:36:07,0,0,0,책 제목 974,공지영,에세이,20414
29,B9768,162,78,2025-08-04 03:52:26,1,1,1,책 제목 201,무라카미 하루키,자기계발,23947
43,B6746,142,89,2025-08-04 01:52:52,1,0,1,책 제목 808,히가시노 게이고,자기계발,11968
98,B1594,11,39,2025-08-26 09:37:01,0,0,0,책 제목 668,공지영,소설,24182
80,B2328,58,16,2025-08-19 14:40:47,0,0,0,책 제목 773,베르나르 베르베르,에세이,24252
60,B8271,228,92,2025-08-04 10:46:26,1,0,1,책 제목 534,무라카미 하루키,자기계발,23261
41,B9885,240,78,2025-08-27 17:43:02,1,0,1,책 제목 218,조정래,자기계발,13342
61,B4726,73,4,2025-08-18 19:32:32,0,0,0,책 제목 117,베르나르 베르베르,추리,14637
8,B1925,83,15,2025-08-13 08:22:17,0,0,0,책 제목 935,공지영,역사,18567
80,B9195,137,74,2025-08-13 03:48:13,1,1,1,책 제목 692,정세랑,로맨스,14234
29,B9317,104,86,2025-08-05 13:33:43,1,1,1,책 제목 516,히가시노 게이고,역사,23331
57,B6042,8,28,2025-08-27 10:39:58,0,0,0,책 제목 13,김훈,자기계발,14524
73,B4738,146,70,2025-08-27 19:24:40,1,0,1,책 제목 436,베르나르 베르베르,SF,15485
63,B2551,179,87,2025-08-24 17:08:11,1,0,1,책 제목 899,김훈,로맨스,14470
56,B7350,287,76,2025-08-21 20:41:06,1,0,1,책 제목 718,정세랑,SF,14143
97,B6947,250,84,2025-08-15 05:52:26,1,1,1,책 제목 204,무라카미 하루키,역사,23002
86,B6286,20,11,2025-08-11 03:25:32,0,0,0,책 제목 14,김훈,자기계발,17871
87,B2903,28,9,2025-08-10 08:00:34,0,0,0,책 제목 478,베르나르 베르베르,자기계발,11559
5,B6775,224,75,2025-08-30 21:15:17,1,0,1,책 제목 740,히가시노 게이고,철학,14114
69,B5948,199,76,2025-08-22 01:00:36,1,0,1,책 제목 487,조정래,역사,19166
73,B4616,262,88,2025-08-23 15:40:33,1,0,1,책 제목 828,김훈,SF,20503
16,B7239,119,87,2025-08-18 06:04:47,1,1,1,책 제목 114,한강,자기계발,22553
15,B7031,286,71,2025-08-13 10:22:15,1,1,1,책 제목 479,한강,SF,17291
41,B1158,26,31,2025-08-23 16:25:28,0,0,0,책 제목 111,조정래,소설,20236
31,B6715,81,31,2025-08-02 04:37:01,0,0,0,책 제목 89,무라카미 하루키,SF,13271
74,B4255,30,36,2025-08-20 13:48:06,0,0,0,책 제목 858,무라카미 하루키,역사,19436
92,B9440,70,25,2025-08-11 02:00:17,0,0,0,책 제목 350,히가시노 게이고,로맨스,23305
39,B1760,71,10,2025-08-20 15:00:25,0,0,0,책 제목 820,베르나르 베르베르,로맨스,19112
48,B1579,141,96,2025-08-29 00:04:53,1,1,1,책 제목 136,조정래,SF,12657
85,B1613,26,32,2025-08-17 17:03:48,0,0,0,책 제목 708,한강,소설,13046
29,B2728,139,80,2025-08-16 11:45:06,1,1,1,책 제목 662,정세랑,역사,13901
82,B7121,288,91,2025-08-26 22:52:45,1,0,1,책 제목 245,히가시노 게이고,SF,19344
36,B8825,171,76,2025-08-13 14:18:07,1,0,1,책 제목 501,한강,역사,21954
94,B2131,118,80,2025-08-05 17:25:02,1,0,1,책 제목 372,조정래,에세이,11003
32,B1040,42,7,2025-08-23 23:30:04,0,0,0,책 제목 917,조정래,자기계발,18738
100,B7532,187,99,2025-08-28 00:45:41,1,0,1,책 제목 106,정세랑,철학,10454
1,B8448,89,47,2025-08-19 11:09:10,0,0,0,책 제목 861,무라카미 하루키,로맨스,23509
26,B5541,55,15,2025-08-06 23:15:29,0,0,0,책 제목 694,히가시노 게이고,자기계발,10390
20,B4107,289,74,2025-08-06 00:30:16,1,0,1,책 제목 123,공지영,철학,18623
49,B3083,120,89,2025-08-29 12:38:42,1,1,1,책 제목 443,공지영,SF,15842
85,B8380,45,36,2025-08-16 21:29:28,0,0,0,책 제목 654,조정래,자기계발,20793
48,B1329,232,89,2025-08-17 23:01:31,1,1,1,책 제목 478,정세랑,소설,16656
16,B6396,28,39,2025-08-27 01:57:02,0,0,0,책 제목 613,한강,소설,15588
84,B1009,74,48,2025-08-18 20:53:12,0,0,0,책 제목 748,베르나르 베르베르,소설,14260
31,B5078,98,29,2025-08-11 19:48:00,0,0,0,책 제목 204,한강,로맨스,21942
16,B6251,51,2,2025-08-04 10:25:51,0,0,0,책 제목 34,히가시노 게이고,자기계발,12903
36,B8693,84,29,2025-08-21 05:34:31,0,0,0,책 제목 373,조정래,역사,11098
16,B4101,179,96,2025-08-22 14:41:46,1,0,1,책 제목 35,히가시노 게이고,추리,11481
56,B6148,261,73,2025-08-04 14:49:39,1,1,1,책 제목 670,공지영,추리,17680
70,B9051,64,0,2025-08-25 13:35:47,0,0,0,책 제목 300,베르나르 베르베르,로맨스,13818
79,B2081,17,45,2025-08-25 09:10:22,0,0,0,책 제목 812,히가시노 게이고,SF,10465
52,B7635,70,38,2025-08-01 10:01:20,0,0,0,책 제목 191,한강,SF,23329
55,B6127,82,17,2025-08-23 00:34:31,0,0,0,책 제목 89,베르나르 베르베르,자기계발,18809
7,B6218,250,82,2025-08-13 04:48:16,1,1,1,책 제목 750,한강,SF,21510
65,B5352,60,13,2025-08-17 06:34:45,0,0,0,책 제목 498,무라카미 하루키,철학,20985
58,B6545,88,0,2025-08-14 02:43:29,0,0,0,책 제목 182,김훈,에세이,18168
26,B7605,21,9,2025-08-10 16:02:38,0,0,0,책 제목 383,김훈,철학,15435
58,B1827,94,16,2025-08-29 06:47:11,0,0,0,책 제목 955,정세랑,역사,10250
95,B4779,266,71,2025-08-14 09:05:33,1,0,1,책 제목 107,공지영,역사,20832
46,B7711,147,79,2025-08-23 22:42:19,1,0,1,책 제목 602,김훈,철학,19548
93,B3337,85,26,2025-08-01 20:05:56,0,0,0,책 제목 566,조정래,추리,15546
80,B1265,22,1,2025-08-19 17:35:05,0,0,0,책 제목 998,공지영,추리,16606
59,B9604,14,11,2025-08-06 04:11:35,0,0,0,책 제목 736,무라카미 하루키,에세이,21846
53,B6888,75,31,2025-08-28 12:22:27,0,0,0,책 제목 766,조정래,역사,22563
14,B7720,67,9,2025-08-16 09:20:11,0,0,0,책 제목 289,정세랑,철학,12963
3,B8401,208,89,2025-08-12 23:44:51,1,1,1,책 제목 149,무라카미 하루키,로맨스,23577
93,B8419,71,49,2025-08-27 03:31:32,0,0,0,책 제목 367,정세랑,SF,19925
6,B7667,30,2,2025-08-24 12:12:23,0,0,0,책 제목 258,조정래,추리,17619
68,B7909,68,13,2025-08-08 15:19:26,0,0,0,책 제목 442,베르나르 베르베르,철학,14478
89,B2946,265,92,2025-08-04 16:35:53,1,1,1,책 제목 403,조정래,에세이,13590
25,B3477,11,49,2025-08-16 07:54:13,0,0,0,책 제목 117,무라카미 하루키,자기계발,14071
3,B9951,161,98,2025-08-14 02:37:38,1,0,1,책 제목 342,베르나르 베르베르,소설,12745
99,B7239,208,86,2025-08-23 08:08:02,1,1,1,책 제목 342,조정래,추리,23735
36,B9875,69,14,2025-08-26 03:50:27,0,0,0,책 제목 261,히가시노 게이고,역사,16331
32,B7058,171,97,2025-08-20 10:28:48,1,0,1,책 제목 716,정세랑,자기계발,10112
26,B8208,252,82,2025-08-09 21:08:06,1,0,1,책 제목 958,정세랑,추리,24125
48,B6819,241,76,2025-08-20 14:41:30,1,1,1,책 제목 735,히가시노 게이고,추리,14488
35,B8231,240,71,2025-08-19 07:17:00,1,0,1,책 제목 662,베르나르 베르베르,역사,14916
13,B1102,118,74,2025-08-18 08:42:14,1,1,1,책 제목 220,공지영,자기계발,12567
63,B5036,40,35,2025-08-19 21:36:52,0,0,0,책 제목 674,베르나르 베르베르,추리,24158
81,B7745,200,95,2025-08-22 08:52:37,1,0,1,책 제목 422,무라카미 하루키,에세이,21779
22,B2510,207,88,2025-08-09 23:21:32,1,1,1,책 제목 645,무라카미 하루키,소설,21576
90,B5663,278,76,2025-08-11 02:52:51,1,0,1,책 제목 856,무라카미 하루키,역사,11757
70,B7965,167,91,2025-08-07 00:16:25,1,0,1,책 제목 556,정세랑,소설,16320
53,B9964,37,30,2025-08-04 21:45:30,0,0,0,책 제목 915,조정래,소설,21317
57,B3437,277,96,2025-08-10 07:44:57,1,1,1,책 제목 744,한강,자기계발,19409
84,B7587,159,93,2025-08-29 07:09:35,1,1,1,책 제목 634,히가시노 게이고,역사,21141
40,B3583,37,7,2025-08-19 14:38:15,0,0,0,책 제목 555,히가시노 게이고,에세이,20161
37,B1468,7,9,2025-08-24 09:54:22,0,0,0,책 제목 23,조정래,로맨스,16263
70,B9680,74,2,2025-08-05 11:45:02,0,0,0,책 제목 619,베르나르 베르베르,소설,15322
53,B5433,7,8,2025-08-13 00:27:37,0,0,0,책 제목 535,공지영,로맨스,14136
1,B7316,126,78,2025-08-25 18:32:01,1,0,1,책 제목 305,히가시노 게이고,SF,15593
32,B6677,237,84,2025-08-06 14:17:22,1,1,1,책 제목 195,정세랑,철학,21171
60,B9414,252,83,2025-08-07 07:04:58,1,0,1,책 제목 739,무라카미 하루키,자기계발,23878
30,B7873,207,84,2025-08-25 04:01:37,1,0,1,책 제목 734,공지영,에세이,16957
25,B1059,145,73,2025-08-02 04:09:36,1,1,1,책 제목 43,한강,에세이,23598
42,B5334,78,5,2025-08-05 00:02:24,0,0,0,책 제목 467,한강,에세이,23362
83,B1065,107,71,2025-08-17 09:33:48,1,0,1,책 제목 818,정세랑,추리,17789
18,B7818,245,89,2025-08-03 02:22:40,1,1,1,책 제목 855,정세랑,철학,12810
62,B4456,127,83,2025-08-01 14:25:34,1,0,1,책 제목 439,베르나르 베르베르,철학,14946
54,B5897,202,95,2025-08-19 04:06:46,1,0,1,책 제목 843,베르나르 베르베르,에세이,14426
23,B7856,21,39,2025-08-08 03:07:50,0,0,0,책 제목 993,김훈,소설,24136
40,B8310,20,7,2025-08-14 12:19:34,0,0,0,책 제목 782,정세랑,철학,21948
51,B3663,115,70,2025-08-01 08:50:52,1,0,1,책 제목 727,히가시노 게이고,역사,20102
49,B5315,57,38,2025-08-08 06:29:11,0,0,0,책 제목 186,정세랑,자기계발,16732
52,B7865,223,81,2025-08-17 21:05:16,1,0,1,책 제목 830,조정래,로맨스,11789
89,B6782,213,84,2025-08-28 19:15:10,1,1,1,책 제목 450,정세랑,철학,14683
40,B5681,297,89,2025-08-19 15:42:15,1,0,1,책 제목 831,무라카미 하루키,추리,23722
69,B8625,254,71,2025-08-26 20:29:55,1,0,1,책 제목 792,무라카미 하루키,추리,24947
48,B9756,291,87,2025-08-23 06:13:37,1,1,1,책 제목 407,공지영,추리,19603
38,B7216,71,40,2025-08-27 08:39:06,0,0,0,책 제목 895,한강,SF,24548
58,B3766,217,93,2025-08-26 15:26:43,1,0,1,책 제목 571,공지영,추리,15232
20,B6682,49,13,2025-08-06 10:05:04,0,0,0,책 제목 264,베르나르 베르베르,SF,11884
51,B2554,177,78,2025-08-08 06:34:34,1,0,1,책 제목 145,베르나르 베르베르,에세이,23742
73,B7493,45,18,2025-08-23 20:45:56,0,0,0,책 제목 400,한강,소설,10886
18,B9922,5,4,2025-08-30 08:26:55,0,0,0,책 제목 511,김훈,에세이,18974
100,B7979,32,44,2025-08-13 19:15:36,0,0,0,책 제목 595,정세랑,에세이,10375
96,B6984,267,75,2025-08-26 02:02:34,1,1,1,책 제목 747,공지영,로맨스,10610
50,B6087,58,4,2025-08-09 22:02:49,0,0,0,책 제목 898,김훈,철학,16632
15,B7622,142,84,2025-08-14 03:22:51,1,0,1,책 제목 939,무라카미 하루키,역사,11319
65,B2763,94,13,2025-08-19 22:44:54,0,0,0,책 제목 469,한강,철학,18860
87,B5875,68,9,2025-08-06 03:58:20,0,0,0,책 제목 533,정세랑,철학,23986
100,B6589,115,87,2025-08-02 23:29:08,1,1,1,책 제목 651,베르나르 베르베르,에세이,19141
81,B4656,171,76,2025-08-07 10:21:50,1,0,1,책 제목 396,한강,자기계발,11902
91,B9014,218,76,2025-08-26 01:27:31,1,0,1,책 제목 397,조정래,소설,13292
60,B4328,5,34,2025-08-02 04:45:35,0,0,0,책 제목 282,히가시노 게이고,SF,17965
21,B8806,147,72,2025-08-21 02:31:15,1,1,1,책 제목 530,조정래,소설,15806
6,B8492,174,77,2025-08-06 02:30:48,1,1,1,책 제목 83,베르나르 베르베르,로맨스,21767
8,B8772,18,33,2025-08-01 04:31:44,0,0,0,책 제목 198,조정래,소설,21294
33,B8992,159,89,2025-08-20 18:07:06,1,0,1,책 제목 619,김훈,에세이,21385
44,B8333,193,87,2025-08-29 09:51:38,1,0,1,책 제목 23,조정래,철학,24292
54,B8022,277,70,2025-08-19 13:25:46,1,1,1,책 제목 405,김훈,추리,21333
93,B4064,51,14,2025-08-26 21:42:34,0,0,0,책 제목 337,김훈,소설,13285
27,B7093,32,20,2025-08-13 21:56:10,0,0,0,책 제목 320,무라카미 하루키,로맨스,22270
53,B3136,73,9,2025-08-07 09:58:00,0,0,0,책 제목 145,무라카미 하루키,역사,22236
4,B1602,42,40,2025-08-17 06:46:59,0,0,0,책 제목 87,공지영,역사,14890
84,B1733,60,40,2025-08-18 22:02:11,0,0,0,책 제목 764,조정래,철학,24376
3,B7591,66,37,2025-08-09 00:37:44,0,0,0,책 제목 495,무라카미 하루키,역사,24218
62,B7091,277,74,2025-08-10 14:13:11,1,1,1,책 제목 938,김훈,에세이,13415
96,B8424,180,92,2025-08-24 09:20:36,1,0,1,책 제목 597,베르나르 베르베르,로맨스,12421
52,B8803,70,5,2025-08-07 00:09:45,0,0,0,책 제목 566,베르나르 베르베르,추리,11059
74,B5875,259,73,2025-08-16 15:35:44,1,0,1,책 제목 979,무라카미 하루키,철학,21234
68,B2491,145,93,2025-08-21 01:34:53,1,1,1,책 제목 734,조정래,철학,11868
5,B1732,182,96,2025-08-22 11:26:59,1,0,1,책 제목 595,한강,자기계발,10600
39,B9043,68,36,2025-08-09 00:15:01,0,0,0,책 제목 847,히가시노 게이고,소설,20514
27,B4301,229,98,2025-08-05 11:09:37,1,0,1,책 제목 654,김훈,소설,12082
35,B9529,51,29,2025-08-15 14:23:22,0,0,0,책 제목 415,무라카미 하루키,자기계발,20452
47,B4399,89,38,2025-08-05 22:53:11,0,0,0,책 제목 87,공지영,로맨스,18992
2,B3596,42,0,2025-08-23 00:12:43,0,0,0,책 제목 788,김훈,철학,17928
69,B7363,146,91,2025-08-24 17:56:51,1,1,1,책 제목 470,조정래,철학,21814
71,B6673,12,17,2025-08-23 08:29:35,0,0,0,책 제목 658,베르나르 베르베르,역사,10004
98,B3781,17,11,2025-08-14 09:22:08,0,0,0,책 제목 782,조정래,추리,24047
64,B8182,283,88,2025-08-04 01:23:43,1,0,1,책 제목 312,김훈,추리,12717
97,B6372,88,5,2025-08-06 14:07:50,0,0,0,책 제목 227,한강,SF,14864
34,B9738,211,73,2025-08-12 12:17:33,1,1,1,책 제목 725,김훈,역사,16986
97,B9079,75,29,2025-08-26 03:14:01,0,0,0,책 제목 752,김훈,소설,18381
48,B6465,167,83,2025-08-13 20:41:28,1,0,1,책 제목 114,베르나르 베르베르,자기계발,15089
64,B5363,217,86,2025-08-26 13:42:53,1,1,1,책 제목 501,히가시노 게이고,철학,12551
11,B3877,265,76,2025-08-06 01:01:24,1,0,1,책 제목 746,김훈,역사,17870
12,B5192,97,44,2025-08-06 12:30:44,0,0,0,책 제목 325,김훈,자기계발,12049
14,B7904,180,95,2025-08-07 19:29:39,1,0,1,책 제목 316,무라카미 하루키,철학,23568
64,B1216,6,46,2025-08-28 00:08:11,0,0,0,책 제목 512,무라카미 하루키,자기계발,20653
3,B5494,291,84,2025-08-07 08:32:28,1,1,1,책 제목 650,정세랑,철학,14811
58,B3331,76,20,2025-08-22 11:45:59,0,0,0,책 제목 671,정세랑,소설,10069
58,B8584,93,35,2025-08-06 11:21:59,0,0,0,책 제목 596,김훈,자기계발,10916
12,B3258,15,25,2025-08-07 01:56:43,0,0,0,책 제목 420,김훈,SF,14578
65,B6178,214,94,2025-08-07 09:42:23,1,0,1,책 제목 41,한강,로맨스,20123
73,B1746,265,77,2025-08-11 00:56:32,1,0,1,책 제목 638,한강,SF,10240
85,B6156,94,15,2025-08-10 21:43:37,0,0,0,책 제목 773,무라카미 하루키,역사,15228
7,B2939,72,20,2025-08-02 01:27:45,0,0,0,책 제목 942,정세랑,추리,20534
76,B3860,124,95,2025-08-24 14:41:44,1,1,1,책 제목 459,정세랑,에세이,12181
14,B5472,21,44,2025-08-13 16:43:54,0,0,0,책 제목 454,한강,역사,17069
100,B9352,106,72,2025-08-30 11:13:46,1,1,1,책 제목 394,정세랑,SF,15870
78,B5660,186,79,2025-08-12 20:42:19,1,1,1,책 제목 482,조정래,역사,10525
14,B1081,282,78,2025-08-05 19:23:04,1,1,1,책 제목 264,베르나르 베르베르,철학,14583
15,B2667,263,73,2025-08-18 20:01:29,1,1,1,책 제목 820,공지영,추리,20026
46,B6550,166,89,2025-08-18 19:58:44,1,0,1,책 제목 883,한강,소설,19821
96,B9268,130,98,2025-08-02 09:21:02,1,1,1,책 제목 929,한강,SF,22100
85,B8218,68,45,2025-08-27 20:17:42,0,0,0,책 제목 822,공지영,추리,14216
57,B2094,229,89,2025-08-03 23:15:08,1,0,1,책 제목 775,무라카미 하루키,역사,10775
38,B5248,82,16,2025-08-14 05:19:14,0,0,0,책 제목 293,히가시노 게이고,역사,19600
9,B8940,11,40,2025-08-18 17:08:43,0,0,0,책 제목 577,무라카미 하루키,역사,11181
80,B3282,97,31,2025-08-09 10:44:47,0,0,0,책 제목 608,히가시노 게이고,에세이,21572
94,B2030,265,99,2025-08-23 12:41:44,1,0,1,책 제목 319,한강,SF,23364
29,B7235,155,70,2025-08-17 11:59:01,1,1,1,책 제목 377,히가시노 게이고,에세이,12105
29,B4818,188,89,2025-08-20 14:46:54,1,1,1,책 제목 242,한강,철학,10451
98,B4373,23,8,2025-08-05 12:27:27,0,0,0,책 제목 619,정세랑,추리,19330
10,B8914,286,89,2025-08-08 02:03:01,1,0,1,책 제목 579,베르나르 베르베르,SF,16236
2,B9683,33,5,2025-08-30 08:48:59,0,0,0,책 제목 132,김훈,SF,16928
84,B1474,102,86,2025-08-04 12:21:04,1,0,1,책 제목 418,조정래,소설,19291
69,B5025,36,48,2025-08-04 06:30:48,0,0,0,책 제목 441,공지영,역사,20196
75,B5468,290,93,2025-08-22 19:09:36,1,0,1,책 제목 254,히가시노 게이고,SF,18105
93,B1155,242,78,2025-08-28 16:13:39,1,0,1,책 제목 907,조정래,SF,12761
93,B9436,208,95,2025-08-19 02:38:38,1,0,1,책 제목 799,조정래,철학,21551
32,B5889,175,95,2025-08-14 20:58:54,1,1,1,책 제목 767,무라카미 하루키,추리,24376
39,B1437,28,44,2025-08-14 08:11:42,0,0,0,책 제목 683,베르나르 베르베르,자기계발,24837
37,B4678,70,15,2025-08-15 05:27:01,0,0,0,책 제목 863,정세랑,역사,19965
40,B8897,83,12,2025-08-15 02:24:44,0,0,0,책 제목 531,무라카미 하루키,소설,20839
43,B9164,195,77,2025-08-20 18:49:35,1,1,1,책 제목 265,공지영,추리,24473
30,B2271,291,76,2025-08-04 06:00:52,1,1,1,책 제목 935,베르나르 베르베르,추리,22819
61,B6734,296,78,2025-08-10 10:51:38,1,1,1,책 제목 432,김훈,소설,20991
32,B5040,100,93,2025-08-25 09:11:32,1,0,1,책 제목 242,베르나르 베르베르,에세이,14611
58,B1973,207,71,2025-08-12 17:13:04,1,1,1,책 제목 20,공지영,철학,10630
90,B3822,255,87,2025-08-23 10:35:00,1,0,1,책 제목 402,베르나르 베르베르,소설,21312
67,B7640,270,77,2025-08-13 18:38:33,1,0,1,책 제목 222,한강,에세이,22312
59,B9128,48,27,2025-08-27 16:53:56,0,0,0,책 제목 662,베르나르 베르베르,SF,13439
29,B1273,245,71,2025-08-23 06:51:04,1,0,1,책 제목 57,히가시노 게이고,로맨스,18236
63,B4746,31,24,2025-08-05 16:21:34,0,0,0,책 제목 295,조정래,철학,23242
14,B2292,120,79,2025-08-25 00:23:40,1,1,1,책 제목 432,베르나르 베르베르,철학,12672
72,B1328,137,86,2025-08-10 10:13:42,1,1,1,책 제목 417,히가시노 게이고,SF,23399
74,B3794,76,23,2025-08-05 07:12:37,0,0,0,책 제목 892,한강,역사,18444
19,B6614,7,27,2025-08-22 21:41:48,0,0,0,책 제목 843,베르나르 베르베르,SF,16998
80,B2314,129,79,2025-08-19 12:39:01,1,0,1,책 제목 241,히가시노 게이고,로맨스,18849
13,B9503,64,9,2025-08-16 12:27:04,0,0,0,책 제목 931,히가시노 게이고,철학,16174
11,B1034,49,10,2025-08-18 06:45:56,0,0,0,책 제목 987,베르나르 베르베르,역사,19408
87,B6101,283,96,2025-08-04 21:59:25,1,0,1,책 제목 690,한강,추리,17160
55,B8502,249,72,2025-08-11 14:02:45,1,0,1,책 제목 902,정세랑,추리,11742
100,B7997,62,18,2025-08-26 15:15:04,0,0,0,책 제목 503,히가시노 게이고,소설,24310
16,B9708,86,45,2025-08-11 11:59:13,0,0,0,책 제목 14,조정래,철학,21300
23,B5876,276,89,2025-08-25 10:22:12,1,0,1,책 제목 477,베르나르 베르베르,추리,16589
18,B7078,221,84,2025-08-17 09:39:18,1,1,1,책 제목 825,무라카미 하루키,자기계발,10924
15,B7914,28,34,2025-08-28 04:07:08,0,0,0,책 제목 960,정세랑,소설,18619
59,B5224,100,82,2025-08-02 13:05:54,1,1,1,책 제목 207,조정래,철학,18058
81,B1477,138,95,2025-08-06 21:09:13,1,1,1,책 제목 792,무라카미 하루키,소설,18865
7,B3310,139,82,2025-08-04 10:11:06,1,0,1,책 제목 793,한강,자기계발,20625
76,B2451,87,2,2025-08-13 09:54:16,0,0,0,책 제목 130,조정래,로맨스,12659
92,B2974,46,18,2025-08-16 23:58:31,0,0,0,책 제목 699,베르나르 베르베르,SF,16321
48,B5482,70,18,2025-08-19 03:17:23,0,0,0,책 제목 290,정세랑,역사,11721
51,B7905,14,21,2025-08-12 08:31:33,0,0,0,책 제목 751,한강,에세이,23240
51,B3320,76,47,2025-08-21 03:21:21,0,0,0,책 제목 959,한강,소설,16028
6,B6745,77,19,2025-08-29 15:04:07,0,0,0,책 제목 96,조정래,SF,14376
14,B6403,250,71,2025-08-13 19:05:34,1,1,1,책 제목 574,히가시노 게이고,역사,10154
89,B7562,35,21,2025-08-28 10:59:48,0,0,0,책 제목 139,히가시노 게이고,에세이,23998
81,B1263,208,70,2025-08-24 17:16:05,1,1,1,책 제목 732,한강,철학,18691
3,B4275,164,77,2025-08-15 21:15:25,1,1,1,책 제목 425,무라카미 하루키,소설,14495
75,B2110,82,43,2025-08-04 11:26:46,0,0,0,책 제목 90,베르나르 베르베르,소설,20057
95,B2561,16,29,2025-08-21 03:19:55,0,0,0,책 제목 142,히가시노 게이고,소설,12010
86,B9138,48,15,2025-08-16 12:19:49,0,0,0,책 제목 907,정세랑,철학,19611
36,B8037,26,40,2025-08-22 13:27:50,0,0,0,책 제목 343,베르나르 베르베르,에세이,15190
27,B7266,52,11,2025-08-26 13:42:55,0,0,0,책 제목 70,히가시노 게이고,철학,24168
73,B2798,93,18,2025-08-06 13:43:58,0,0,0,책 제목 57,베르나르 베르베르,에세이,23849
2,B6569,12,25,2025-08-07 13:26:59,0,0,0,책 제목 3,베르나르 베르베르,소설,17727
25,B2385,56,1,2025-08-26 22:07:45,0,0,0,책 제목 710,조정래,역사,14218
97,B6977,49,29,2025-08-18 15:23:25,0,0,0,책 제목 485,조정래,철학,15065
20,B8067,10,43,2025-08-22 02:28:54,0,0,0,책 제목 229,베르나르 베르베르,에세이,10561
65,B6241,149,77,2025-08-27 04:43:49,1,1,1,책 제목 482,베르나르 베르베르,소설,16468
69,B1230,84,12,2025-08-09 15:19:15,0,0,0,책 제목 652,한강,에세이,18102
79,B4276,95,20,2025-08-03 22:34:03,0,0,0,책 제목 989,무라카미 하루키,철학,14222
95,B6395,207,81,2025-08-04 01:55:50,1,1,1,책 제목 683,무라카미 하루키,에세이,11625
72,B3372,51,18,2025-08-17 13:30:41,0,0,0,책 제목 166,히가시노 게이고,철학,21435
39,B1906,46,6,2025-08-30 13:38:48,0,0,0,책 제목 655,정세랑,SF,10282
21,B3704,125,71,2025-08-10 09:41:01,1,0,1,책 제목 731,베르나르 베르베르,역사,23025
22,B7117,99,6,2025-08-28 03:26:10,0,0,0,책 제목 567,정세랑,자기계발,14382
16,B5552,48,27,2025-08-12 15:05:35,0,0,0,책 제목 420,조정래,추리,23388
81,B7369,209,77,2025-08-20 13:43:12,1,0,1,책 제목 380,베르나르 베르베르,추리,14056
31,B2281,94,32,2025-08-03 19:25:18,0,0,0,책 제목 120,김훈,로맨스,22655
27,B1082,91,19,2025-08-27 20:04:28,0,0,0,책 제목 612,한강,로맨스,15674
6,B8035,35,41,2025-08-16 14:33:36,0,0,0,책 제목 49,김훈,에세이,12888
89,B8110,20,23,2025-08-22 04:30:41,0,0,0,책 제목 268,히가시노 게이고,SF,21085
25,B4458,106,78,2025-08-11 17:57:06,1,0,1,책 제목 726,히가시노 게이고,로맨스,18007
94,B1047,171,70,2025-08-25 21:51:39,1,0,1,책 제목 805,베르나르 베르베르,자기계발,19476
21,B4480,78,42,2025-08-12 15:00:11,0,0,0,책 제목 479,히가시노 게이고,철학,16597
4,B4733,259,92,2025-08-26 15:19:27,1,1,1,책 제목 953,김훈,추리,13394
94,B2015,291,81,2025-08-04 06:22:20,1,0,1,책 제목 179,베르나르 베르베르,에세이,12618
85,B6024,22,22,2025-08-23 05:47:00,0,0,0,책 제목 311,히가시노 게이고,추리,24986
10,B3226,6,42,2025-08-19 18:27:51,0,0,0,책 제목 527,무라카미 하루키,역사,17140
15,B5694,52,11,2025-08-30 07:45:26,0,0,0,책 제목 397,정세랑,자기계발,24030
56,B6476,77,31,2025-08-22 17:53:18,0,0,0,책 제목 863,무라카미 하루키,에세이,13044
21,B7722,60,11,2025-08-20 21:24:24,0,0,0,책 제목 84,한강,추리,22006
24,B7101,213,82,2025-08-07 04:47:06,1,1,1,책 제목 158,한강,추리,10412
49,B8776,235,93,2025-08-21 06:42:06,1,0,1,책 제목 562,조정래,철학,15258
38,B7226,85,35,2025-08-08 18:16:48,0,0,0,책 제목 655,김훈,로맨스,15773
40,B9858,10,37,2025-08-04 11:52:31,0,0,0,책 제목 351,베르나르 베르베르,역사,23617
12,B2234,255,99,2025-08-23 20:39:14,1,1,1,책 제목 371,히가시노 게이고,에세이,16406
73,B2862,274,86,2025-08-23 12:28:12,1,1,1,책 제목 760,무라카미 하루키,역사,20669
24,B2448,282,72,2025-08-21 22:22:46,1,0,1,책 제목 532,김훈,SF,24605
52,B2939,34,7,2025-08-03 11:03:48,0,0,0,책 제목 799,히가시노 게이고,자기계발,10789
37,B7042,135,97,2025-08-27 20:30:20,1,1,1,책 제목 742,정세랑,추리,22363
93,B4183,248,79,2025-08-16 10:45:42,1,0,1,책 제목 284,정세랑,추리,17993
64,B4319,294,85,2025-08-12 17:59:57,1,1,1,책 제목 305,무라카미 하루키,철학,12547
36,B8558,166,93,2025-08-01 03:08:23,1,1,1,책 제목 687,조정래,자기계발,24177
18,B2141,37,20,2025-08-25 22:38:11,0,0,0,책 제목 786,베르나르 베르베르,자기계발,13874
87,B7618,95,43,2025-08-19 09:52:25,0,0,0,책 제목 29,김훈,역사,11379
1,B3843,74,2,2025-08-07 11:59:08,0,0,0,책 제목 193,조정래,역사,19730
49,B9547,256,84,2025-08-02 16:08:59,1,0,1,책 제목 179,베르나르 베르베르,철학,24626
77,B9354,285,81,2025-08-27 16:21:16,1,0,1,책 제목 449,김훈,로맨스,21493
7,B6872,294,86,2025-08-27 09:06:43,1,0,1,책 제목 439,김훈,추리,16979
25,B1305,64,45,2025-08-15 11:08:19,0,0,0,책 제목 344,한강,추리,15692
93,B9170,37,12,2025-08-02 07:57:22,0,0,0,책 제목 64,정세랑,소설,23234
64,B4141,75,26,2025-08-02 15:38:48,0,0,0,책 제목 958,무라카미 하루키,SF,23089
14,B3029,286,89,2025-08-08 14:22:01,1,0,1,책 제목 208,한강,추리,10129
99,B9024,122,88,2025-08-23 10:32:42,1,0,1,책 제목 56,히가시노 게이고,SF,13712
87,B7531,275,96,2025-08-07 00:49:56,1,0,1,책 제목 790,김훈,철학,17382
62,B7951,188,98,2025-08-15 01:47:33,1,0,1,책 제목 61,무라카미 하루키,자기계발,20355
91,B4124,80,0,2025-08-08 11:45:22,0,0,0,책 제목 238,정세랑,추리,23844
53,B2996,21,0,2025-08-09 03:42:17,0,0,0,책 제목 840,정세랑,SF,11806
56,B1977,212,79,2025-08-13 17:54:27,1,1,1,책 제목 900,조정래,철학,17845
80,B5107,46,38,2025-08-03 22:16:57,0,0,0,책 제목 645,히가시노 게이고,추리,22848
68,B5926,28,34,2025-08-17 13:09:22,0,0,0,책 제목 231,김훈,철학,20563
20,B4465,47,30,2025-08-14 19:09:08,0,0,0,책 제목 557,조정래,소설,21545
31,B3352,17,22,2025-08-18 06:37:49,0,0,0,책 제목 782,공지영,역사,18885
18,B5260,41,11,2025-08-06 16:31:53,0,0,0,책 제목 996,조정래,추리,18060
11,B6922,102,72,2025-08-10 04:28:39,1,1,1,책 제목 729,공지영,소설,10892
85,B1836,30,29,2025-08-21 01:02:45,0,0,0,책 제목 797,베르나르 베르베르,자기계발,19554
17,B4942,160,98,2025-08-14 02:46:23,1,0,1,책 제목 753,히가시노 게이고,로맨스,14951
37,B8124,84,30,2025-08-07 14:35:53,0,0,0,책 제목 251,김훈,SF,21419
20,B8836,157,86,2025-08-14 10:18:14,1,0,1,책 제목 532,한강,자기계발,19012
30,B7116,259,87,2025-08-19 12:53:16,1,0,1,책 제목 170,히가시노 게이고,에세이,16777
54,B4075,172,76,2025-08-14 22:54:23,1,1,1,책 제목 290,김훈,에세이,10552
71,B9676,280,85,2025-08-13 05:54:39,1,0,1,책 제목 894,조정래,철학,21551
63,B6127,64,31,2025-08-18 20:00:50,0,0,0,책 제목 87,베르나르 베르베르,에세이,21796
58,B7618,56,18,2025-08-12 15:41:31,0,0,0,책 제목 315,김훈,역사,22024
74,B7645,148,86,2025-08-05 03:38:10,1,1,1,책 제목 417,한강,역사,16059
91,B6567,168,95,2025-08-09 07:11:44,1,0,1,책 제목 975,히가시노 게이고,SF,15126
92,B3674,241,87,2025-08-30 08:06:43,1,1,1,책 제목 239,히가시노 게이고,자기계발,14529
50,B4035,30,16,2025-08-15 00:56:53,0,0,0,책 제목 304,한강,추리,19724
17,B8854,21,39,2025-08-25 23:43:08,0,0,0,책 제목 194,공지영,역사,19273
51,B9942,5,10,2025-08-20 09:56:16,0,0,0,책 제목 124,공지영,역사,18875
76,B9402,120,88,2025-08-25 03:01:48,1,1,1,책 제목 121,무라카미 하루키,SF,22466
60,B8303,26,21,2025-08-15 14:27:48,0,0,0,책 제목 514,히가시노 게이고,에세이,14646
28,B1187,134,76,2025-08-26 00:55:49,1,1,1,책 제목 116,공지영,SF,12472
52,B3429,45,16,2025-08-17 15:58:38,0,0,0,책 제목 488,공지영,SF,11245
87,B2673,56,15,2025-08-09 14:14:36,0,0,0,책 제목 307,김훈,소설,20169
6,B8007,17,38,2025-08-02 22:16:02,0,0,0,책 제목 746,한강,에세이,20550
74,B5355,26,3,2025-08-10 10:25:22,0,0,0,책 제목 444,히가시노 게이고,로맨스,10065
27,B8982,13,47,2025-08-01 03:20:26,0,0,0,책 제목 563,정세랑,SF,17843
72,B2656,97,2,2025-08-02 12:55:15,0,0,0,책 제목 273,정세랑,추리,10073
90,B1821,151,92,2025-08-13 06:15:25,1,0,1,책 제목 3,한강,SF,15827
76,B1066,13,2,2025-08-29 08:20:05,0,0,0,책 제목 566,무라카미 하루키,SF,23337
86,B8298,225,77,2025-08-08 05:01:33,1,0,1,책 제목 747,베르나르 베르베르,역사,17527
31,B8341,157,75,2025-08-08 22:38:10,1,1,1,책 제목 175,김훈,추리,18081
100,B3616,33,42,2025-08-24 09:29:23,0,0,0,책 제목 780,정세랑,자기계발,19353
42,B8014,101,70,2025-08-03 00:54:36,1,1,1,책 제목 5,조정래,SF,11949
85,B7267,227,83,2025-08-14 00:48:01,1,1,1,책 제목 194,조정래,자기계발,12869
59,B9603,259,95,2025-08-18 00:51:07,1,0,1,책 제목 434,베르나르 베르베르,역사,19359
59,B7992,38,3,2025-08-11 23:30:14,0,0,0,책 제목 874,정세랑,로맨스,19664
21,B7162,241,72,2025-08-11 01:36:47,1,1,1,책 제목 19,무라카미 하루키,SF,16892
85,B6113,49,3,2025-08-09 11:28:04,0,0,0,책 제목 832,베르나르 베르베르,추리,14604
72,B8391,62,19,2025-08-27 22:48:01,0,0,0,책 제목 185,히가시노 게이고,역사,18580
1,B8577,123,71,2025-08-15 23:42:09,1,1,1,책 제목 670,공지영,철학,24226
63,B4153,261,96,2025-08-04 10:55:12,1,0,1,책 제목 348,무라카미 하루키,철학,16783
7,B8130,32,17,2025-08-02 15:25:00,0,0,0,책 제목 157,무라카미 하루키,에세이,24820
59,B7778,70,35,2025-08-17 00:35:25,0,0,0,책 제목 694,한강,철학,12831
62,B3887,200,90,2025-08-21 03:42:53,1,0,1,책 제목 301,정세랑,SF,22336
18,B9395,173,71,2025-08-11 00:11:30,1,0,1,책 제목 281,김훈,철학,22924
79,B6914,105,91,2025-08-25 03:01:44,1,0,1,책 제목 262,히가시노 게이고,역사,21985
46,B5451,76,31,2025-08-05 21:09:03,0,0,0,책 제목 73,히가시노 게이고,SF,17002
80,B6478,290,97,2025-08-28 15:08:32,1,0,1,책 제목 222,무라카미 하루키,소설,17576
88,B4778,285,76,2025-08-11 07:04:25,1,1,1,책 제목 739,조정래,철학,19348
96,B2547,150,99,2025-08-10 04:05:30,1,0,1,책 제목 487,정세랑,에세이,12011
5,B2838,127,74,2025-08-14 03:26:04,1,1,1,책 제목 314,공지영,에세이,22880
88,B8639,63,28,2025-08-12 18:26:23,0,0,0,책 제목 20,공지영,역사,17605
56,B2259,185,85,2025-08-16 11:36:08,1,1,1,책 제목 234,베르나르 베르베르,에세이,20738
76,B6878,167,72,2025-08-10 09:38:03,1,0,1,책 제목 815,조정래,철학,24895
20,B5575,10,20,2025-08-25 16:52:02,0,0,0,책 제목 195,무라카미 하루키,소설,20787
53,B4765,193,91,2025-08-18 14:19:33,1,0,1,책 제목 336,한강,에세이,14384
62,B5010,134,89,2025-08-15 05:28:56,1,1,1,책 제목 235,조정래,추리,11625
87,B9056,125,77,2025-08-16 23:58:16,1,0,1,책 제목 507,히가시노 게이고,추리,13560
74,B7222,52,7,2025-08-11 17:21:42,0,0,0,책 제목 583,한강,자기계발,22522
60,B8957,38,5,2025-08-01 13:03:23,0,0,0,책 제목 465,김훈,로맨스,24434
19,B2503,52,6,2025-08-09 19:12:10,0,0,0,책 제목 314,정세랑,SF,10142
76,B6671,202,99,2025-08-11 16:13:46,1,0,1,책 제목 464,무라카미 하루키,철학,23639
39,B2439,203,75,2025-08-23 21:44:39,1,1,1,책 제목 544,김훈,철학,16166
84,B8060,290,71,2025-08-20 23:29:59,1,1,1,책 제목 205,조정래,역사,23565
29,B1453,232,96,2025-08-26 23:32:27,1,1,1,책 제목 970,조정래,역사,11424
38,B5668,64,39,2025-08-29 21:53:22,0,0,0,책 제목 932,무라카미 하루키,철학,21498
87,B2434,50,35,2025-08-11 15:37:47,0,0,0,책 제목 548,무라카미 하루키,소설,14005
44,B3758,21,4,2025-08-16 03:04:06,0,0,0,책 제목 197,베르나르 베르베르,역사,15585
12,B9999,28,26,2025-08-16 14:17:01,0,0,0,책 제목 731,공지영,로맨스,13385
72,B8452,83,23,2025-08-17 06:34:06,0,0,0,책 제목 354,베르나르 베르베르,추리,14237
3,B3161,148,90,2025-08-28 13:56:02,1,1,1,책 제목 974,베르나르 베르베르,철학,19665
99,B9010,175,99,2025-08-27 01:00:41,1,1,1,책 제목 955,공지영,소설,15093
50,B6352,257,91,2025-08-17 08:47:02,1,0,1,책 제목 892,조정래,소설,10162
28,B7258,161,86,2025-08-01 10:55:53,1,0,1,책 제목 971,베르나르 베르베르,로맨스,22851
3,B3215,197,70,2025-08-14 19:31:42,1,1,1,책 제목 852,김훈,철학,17325
91,B9581,22,44,2025-08-10 12:57:35,0,0,0,책 제목 213,김훈,소설,15622
94,B9528,16,10,2025-08-11 07:59:03,0,0,0,책 제목 172,정세랑,철학,19784
30,B2978,217,73,2025-08-22 08:18:18,1,1,1,책 제목 109,무라카미 하루키,에세이,15599
47,B2944,54,41,2025-08-10 04:15:55,0,0,0,책 제목 910,김훈,소설,15003
100,B1938,78,1,2025-08-17 04:44:27,0,0,0,책 제목 27,무라카미 하루키,소설,24230
46,B8084,239,91,2025-08-24 09:36:10,1,0,1,책 제목 334,한강,SF,19702
76,B8082,97,24,2025-08-22 19:38:38,0,0,0,책 제목 230,공지영,자기계발,18724
21,B6558,42,36,2025-08-20 10:17:33,0,0,0,책 제목 338,베르나르 베르베르,철학,23944
24,B4419,125,80,2025-08-04 07:37:43,1,0,1,책 제목 503,히가시노 게이고,소설,21115
54,B1636,253,74,2025-08-26 11:24:04,1,1,1,책 제목 741,히가시노 게이고,추리,23109
88,B5122,9,12,2025-08-25 21:21:57,0,0,0,책 제목 733,히가시노 게이고,소설,21268
6,B7815,194,86,2025-08-08 00:50:12,1,1,1,책 제목 753,무라카미 하루키,역사,24653
50,B7115,28,33,2025-08-01 07:22:47,0,0,0,책 제목 739,조정래,추리,21371
11,B6300,187,73,2025-08-24 21:11:39,1,0,1,책 제목 918,김훈,SF,20426
78,B5498,9,21,2025-08-17 01:19:28,0,0,0,책 제목 983,히가시노 게이고,에세이,15738
42,B8581,99,17,2025-08-06 20:10:55,0,0,0,책 제목 844,히가시노 게이고,에세이,18167
40,B5422,120,77,2025-08-02 15:13:34,1,1,1,책 제목 592,한강,에세이,10365
85,B7285,203,80,2025-08-09 07:50:07,1,1,1,책 제목 931,베르나르 베르베르,소설,20233
99,B7794,65,45,2025-08-16 17:18:13,0,0,0,책 제목 704,김훈,소설,20584
29,B1706,63,16,2025-08-23 08:31:46,0,0,0,책 제목 492,조정래,SF,24261
68,B8378,268,83,2025-08-14 23:55:37,1,1,1,책 제목 349,김훈,자기계발,23893
13,B8268,92,26,2025-08-16 19:09:41,0,0,0,책 제목 791,한강,자기계발,19283
35,B9792,19,43,2025-08-28 11:29:11,0,0,0,책 제목 843,김훈,에세이,13401
19,B4859,156,90,2025-08-11 05:39:37,1,0,1,책 제목 762,한강,추리,23224
16,B9203,15,11,2025-08-11 06:39:37,0,0,0,책 제목 859,무라카미 하루키,철학,13057
1,B1950,268,96,2025-08-11 00:20:56,1,0,1,책 제목 875,히가시노 게이고,철학,23493
7,B1079,138,85,2025-08-13 11:13:29,1,0,1,책 제목 596,베르나르 베르베르,추리,18111
18,B5935,299,82,2025-08-28 01:26:45,1,1,1,책 제목 732,김훈,역사,23370
90,B6251,88,6,2025-08-01 20:25:27,0,0,0,책 제목 576,조정래,자기계발,23988
16,B6948,129,85,2025-08-20 06:54:31,1,1,1,책 제목 888,조정래,자기계발,17186
80,B3863,261,88,2025-08-01 00:54:27,1,1,1,책 제목 609,무라카미 하루키,역사,10825
80,B4713,74,14,2025-08-24 12:07:51,0,0,0,책 제목 386,베르나르 베르베르,로맨스,12198
60,B4767,102,99,2025-08-12 09:22:36,1,0,1,책 제목 55,조정래,소설,20759
63,B8219,118,78,2025-08-24 11:44:10,1,0,1,책 제목 882,베르나르 베르베르,추리,22150
85,B9255,150,87,2025-08-18 14:37:46,1,1,1,책 제목 226,한강,추리,16268
68,B4513,53,29,2025-08-16 01:50:19,0,0,0,책 제목 637,무라카미 하루키,추리,13093
74,B6852,68,9,2025-08-24 02:32:46,0,0,0,책 제목 345,히가시노 게이고,철학,14777
10,B3364,241,73,2025-08-20 14:02:08,1,0,1,책 제목 922,베르나르 베르베르,자기계발,15782
16,B3663,213,91,2025-08-12 00:54:52,1,1,1,책 제목 642,무라카미 하루키,로맨스,15845
10,B5247,32,33,2025-08-24 22:45:02,0,0,0,책 제목 463,공지영,자기계발,11024
92,B9291,27,33,2025-08-06 03:45:44,0,0,0,책 제목 868,무라카미 하루키,철학,11860
53,B4311,84,1,2025-08-03 07:46:38,0,0,0,책 제목 43,무라카미 하루키,철학,11883
93,B7342,31,1,2025-08-29 13:58:04,0,0,0,책 제목 739,정세랑,SF,19983
26,B7681,178,81,2025-08-11 22:21:01,1,0,1,책 제목 243,한강,SF,19080
44,B9830,7,25,2025-08-22 22:46:49,0,0,0,책 제목 151,한강,자기계발,21217
61,B3453,177,74,2025-08-04 01:03:51,1,1,1,책 제목 458,한강,SF,13104
47,B3107,177,76,2025-08-16 15:13:36,1,0,1,책 제목 418,정세랑,추리,14633
70,B5146,181,84,2025-08-16 07:28:25,1,1,1,책 제목 990,히가시노 게이고,역사,24552
52,B3569,7,40,2025-08-24 00:26:53,0,0,0,책 제목 782,조정래,자기계발,12473
86,B4065,38,42,2025-08-22 03:23:49,0,0,0,책 제목 834,조정래,자기계발,19969
6,B7493,87,28,2025-08-21 03:37:50,0,0,0,책 제목 464,무라카미 하루키,로맨스,11506
100,B2495,22,43,2025-08-20 23:14:42,0,0,0,책 제목 777,정세랑,역사,21640
92,B1957,233,96,2025-08-10 08:46:18,1,0,1,책 제목 252,공지영,자기계발,12454
98,B3687,22,30,2025-08-20 12:39:24,0,0,0,책 제목 136,김훈,로맨스,15229
55,B7025,220,76,2025-08-17 21:55:31,1,1,1,책 제목 848,한강,에세이,20693
75,B1843,86,48,2025-08-17 22:13:37,0,0,0,책 제목 147,무라카미 하루키,로맨스,24086
80,B7134,47,17,2025-08-08 09:05:47,0,0,0,책 제목 711,베르나르 베르베르,로맨스,12500
75,B2802,66,22,2025-08-01 23:05:00,0,0,0,책 제목 175,공지영,로맨스,23093
56,B7460,168,93,2025-08-05 19:16:48,1,0,1,책 제목 841,무라카미 하루키,역사,19977
81,B8904,27,18,2025-08-20 09:39:33,0,0,0,책 제목 243,김훈,SF,11420
85,B4137,97,43,2025-08-26 22:41:18,0,0,0,책 제목 560,히가시노 게이고,철학,13932
92,B8736,27,3,2025-08-22 17:44:52,0,0,0,책 제목 136,조정래,철학,17396
28,B5756,53,32,2025-08-23 01:03:31,0,0,0,책 제목 481,김훈,추리,14195
29,B2498,91,41,2025-08-29 09:20:58,0,0,0,책 제목 532,조정래,소설,21857
26,B8325,293,88,2025-08-03 23:05:48,1,0,1,책 제목 124,정세랑,추리,23577
22,B5810,40,6,2025-08-24 07:12:02,0,0,0,책 제목 491,베르나르 베르베르,소설,11446
95,B9257,70,37,2025-08-13 03:48:02,0,0,0,책 제목 878,김훈,로맨스,17399
1,B6194,55,3,2025-08-09 04:09:28,0,0,0,책 제목 871,정세랑,소설,24159
87,B6600,138,95,2025-08-13 21:02:28,1,0,1,책 제목 584,무라카미 하루키,자기계발,15330
31,B8882,295,83,2025-08-07 23:32:31,1,0,1,책 제목 995,김훈,철학,18518
37,B1883,266,71,2025-08-30 05:56:44,1,1,1,책 제목 496,무라카미 하루키,역사,14200
47,B1244,33,41,2025-08-26 19:55:37,0,0,0,책 제목 895,히가시노 게이고,역사,10495
41,B9284,111,79,2025-08-16 00:17:56,1,0,1,책 제목 770,조정래,로맨스,12289
6,B4505,125,88,2025-08-20 01:03:57,1,1,1,책 제목 269,김훈,소설,21745
13,B5751,41,36,2025-08-28 16:25:38,0,0,0,책 제목 470,조정래,역사,17614
70,B9489,24,18,2025-08-17 14:11:22,0,0,0,책 제목 138,무라카미 하루키,철학,19063
7,B9850,278,97,2025-08-21 10:56:53,1,0,1,책 제목 911,무라카미 하루키,철학,23210
64,B7986,61,20,2025-08-23 06:25:21,0,0,0,책 제목 212,조정래,에세이,23410
90,B9960,186,80,2025-08-27 08:33:46,1,0,1,책 제목 806,베르나르 베르베르,추리,15014
83,B8321,205,84,2025-08-02 23:12:14,1,0,1,책 제목 144,정세랑,추리,16974
66,B3251,44,2,2025-08-26 06:41:20,0,0,0,책 제목 666,조정래,SF,24017
36,B5708,293,77,2025-08-17 01:29:44,1,0,1,책 제목 105,공지영,로맨스,14897
15,B9302,115,81,2025-08-22 05:44:28,1,1,1,책 제목 106,김훈,소설,19269
63,B6851,27,26,2025-08-23 04:55:17,0,0,0,책 제목 765,무라카미 하루키,역사,19353
44,B6845,216,70,2025-08-05 16:58:36,1,0,1,책 제목 426,한강,SF,14070
74,B4961,51,43,2025-08-03 21:31:59,0,0,0,책 제목 537,조정래,자기계발,14365
34,B6829,160,70,2025-08-21 02:07:25,1,0,1,책 제목 661,공지영,추리,16111
51,B2028,281,90,2025-08-08 01:46:53,1,0,1,책 제목 492,조정래,역사,10822
90,B6456,253,73,2025-08-11 00:18:59,1,1,1,책 제목 630,조정래,소설,24549
61,B7680,121,94,2025-08-11 12:13:37,1,0,1,책 제목 879,한강,역사,20602
14,B2350,127,74,2025-08-03 18:36:19,1,1,1,책 제목 471,베르나르 베르베르,로맨스,20101
75,B7648,84,44,2025-08-07 03:12:34,0,0,0,책 제목 153,무라카미 하루키,SF,14354
79,B3824,95,14,2025-08-12 10:47:49,0,0,0,책 제목 273,김훈,에세이,16877
46,B1816,99,33,2025-08-13 04:02:21,0,0,0,책 제목 378,히가시노 게이고,자기계발,20306
47,B5455,239,89,2025-08-07 05:41:24,1,0,1,책 제목 828,정세랑,추리,10804
43,B2832,23,2,2025-08-08 19:30:25,0,0,0,책 제목 978,무라카미 하루키,소설,14710
58,B1301,162,73,2025-08-15 07:00:16,1,1,1,책 제목 881,김훈,SF,13335
56,B9499,81,12,2025-08-18 13:22:05,0,0,0,책 제목 814,김훈,소설,19173
97,B6115,15,47,2025-08-07 09:42:40,0,0,0,책 제목 741,정세랑,로맨스,10949
52,B5947,204,86,2025-08-25 07:25:43,1,0,1,책 제목 631,무라카미 하루키,SF,10392
35,B6626,52,45,2025-08-23 03:21:18,0,0,0,책 제목 784,조정래,철학,20164
77,B6813,13,8,2025-08-21 11:45:58,0,0,0,책 제목 476,조정래,로맨스,18584
77,B8938,114,99,2025-08-01 23:30:54,1,1,1,책 제목 799,히가시노 게이고,역사,13005
21,B6227,10,14,2025-08-20 11:47:18,0,0,0,책 제목 403,무라카미 하루키,에세이,10120
83,B2455,23,35,2025-08-21 11:19:13,0,0,0,책 제목 7,김훈,철학,24157
8,B5129,172,89,2025-08-25 15:41:58,1,0,1,책 제목 317,정세랑,추리,21393
24,B2725,104,73,2025-08-16 11:22:01,1,0,1,책 제목 424,한강,SF,13331
63,B8285,13,17,2025-08-25 05:12:12,0,0,0,책 제목 645,공지영,철학,14473
54,B9145,32,30,2025-08-08 08:47:18,0,0,0,책 제목 947,한강,SF,15615
14,B1265,105,72,2025-08-30 00:57:59,1,0,1,책 제목 270,정세랑,에세이,13420
51,B4421,185,94,2025-08-05 02:46:52,1,1,1,책 제목 413,베르나르 베르베르,로맨스,22237
14,B3222,89,10,2025-08-14 17:07:16,0,0,0,책 제목 40,베르나르 베르베르,역사,18802
28,B2719,87,7,2025-08-04 00:55:30,0,0,0,책 제목 180,정세랑,역사,20233
25,B2979,43,27,2025-08-22 11:36:21,0,0,0,책 제목 589,한강,SF,23222
99,B2163,83,15,2025-08-10 12:41:05,0,0,0,책 제목 55,무라카미 하루키,로맨스,24090
53,B8359,287,75,2025-08-16 05:38:23,1,0,1,책 제목 880,베르나르 베르베르,에세이,14897
53,B1093,64,32,2025-08-09 18:33:39,0,0,0,책 제목 367,정세랑,추리,13305
6,B4136,65,9,2025-08-18 21:35:57,0,0,0,책 제목 298,정세랑,에세이,19328
87,B6981,234,81,2025-08-23 17:45:24,1,1,1,책 제목 516,공지영,추리,13398
57,B8468,94,23,2025-08-10 19:53:48,0,0,0,책 제목 795,공지영,로맨스,17391
61,B3743,222,80,2025-08-05 01:14:28,1,1,1,책 제목 357,히가시노 게이고,추리,18881
69,B8448,239,85,2025-08-18 23:35:44,1,1,1,책 제목 899,무라카미 하루키,에세이,17148
83,B8055,273,95,2025-08-08 12:56:46,1,1,1,책 제목 497,한강,철학,13041
70,B4992,275,90,2025-08-02 18:15:17,1,0,1,책 제목 663,정세랑,소설,19399
10,B2386,11,15,2025-08-09 23:44:04,0,0,0,책 제목 774,조정래,SF,10783
94,B1264,32,47,2025-08-26 02:04:21,0,0,0,책 제목 855,히가시노 게이고,로맨스,22446
20,B9091,138,85,2025-08-18 01:03:28,1,1,1,책 제목 143,히가시노 게이고,소설,17024
50,B2812,24,14,2025-08-02 14:25:07,0,0,0,책 제목 224,베르나르 베르베르,추리,16837
61,B5183,178,78,2025-08-16 23:09:50,1,0,1,책 제목 449,공지영,추리,12070
81,B3074,164,80,2025-08-30 01:45:10,1,1,1,책 제목 862,조정래,로맨스,24928
33,B6945,32,43,2025-08-27 23:05:14,0,0,0,책 제목 979,무라카미 하루키,로맨스,10400
89,B5983,52,43,2025-08-05 10:58:25,0,0,0,책 제목 170,베르나르 베르베르,추리,18278
66,B5174,289,86,2025-08-29 00:33:32,1,0,1,책 제목 572,공지영,추리,22605
50,B4419,158,76,2025-08-28 21:03:50,1,1,1,책 제목 189,무라카미 하루키,역사,13112
99,B8685,64,2,2025-08-21 07:56:48,0,0,0,책 제목 865,무라카미 하루키,에세이,19971
46,B8420,263,96,2025-08-11 02:41:38,1,1,1,책 제목 48,히가시노 게이고,역사,15043
74,B7279,80,47,2025-08-24 09:22:17,0,0,0,책 제목 981,베르나르 베르베르,자기계발,18301
28,B3796,47,41,2025-08-25 04:02:20,0,0,0,책 제목 715,공지영,로맨스,11848
70,B8032,212,79,2025-08-30 18:52:11,1,0,1,책 제목 4,히가시노 게이고,소설,15696
82,B2573,61,15,2025-08-08 11:04:51,0,0,0,책 제목 876,조정래,로맨스,21231
84,B9607,197,85,2025-08-09 15:26:00,1,1,1,책 제목 139,무라카미 하루키,소설,13871
58,B6568,92,11,2025-08-03 07:25:42,0,0,0,책 제목 952,김훈,자기계발,10022
44,B5518,233,70,2025-08-14 18:40:56,1,1,1,책 제목 238,히가시노 게이고,SF,16043
64,B4754,52,21,2025-08-16 16:55:48,0,0,0,책 제목 675,무라카미 하루키,소설,13771
64,B5053,79,23,2025-08-28 17:17:47,0,0,0,책 제목 215,베르나르 베르베르,역사,24174
17,B4258,252,91,2025-08-13 12:55:29,1,1,1,책 제목 526,무라카미 하루키,에세이,24252
62,B1087,57,25,2025-08-10 21:34:03,0,0,0,책 제목 944,한강,에세이,18747
81,B8334,248,87,2025-08-08 00:38:52,1,0,1,책 제목 802,무라카미 하루키,로맨스,10151
32,B5067,75,35,2025-08-28 11:46:03,0,0,0,책 제목 9,한강,에세이,23349
24,B9218,197,70,2025-08-17 15:13:08,1,0,1,책 제목 238,무라카미 하루키,소설,11537
8,B8551,255,85,2025-08-04 12:44:23,1,0,1,책 제목 531,무라카미 하루키,에세이,11601
16,B4650,37,40,2025-08-24 09:08:21,0,0,0,책 제목 538,한강,로맨스,16387
85,B5798,157,70,2025-08-01 23:59:06,1,0,1,책 제목 944,공지영,자기계발,11551
71,B7304,67,24,2025-08-17 02:15:02,0,0,0,책 제목 731,공지영,철학,22846
47,B3449,62,39,2025-08-05 15:50:41,0,0,0,책 제목 474,무라카미 하루키,소설,19629
20,B2510,59,43,2025-08-29 21:50:38,0,0,0,책 제목 517,한강,철학,13841
2,B5416,75,9,2025-08-30 10:52:35,0,0,0,책 제목 290,베르나르 베르베르,로맨스,20401
35,B4631,49,21,2025-08-10 01:55:16,0,0,0,책 제목 561,히가시노 게이고,역사,20590
29,B9987,155,81,2025-08-17 16:07:14,1,1,1,책 제목 405,베르나르 베르베르,소설,21684
31,B4234,285,92,2025-08-09 00:19:13,1,0,1,책 제목 765,무라카미 하루키,소설,10596
85,B4750,65,6,2025-08-07 02:18:21,0,0,0,책 제목 429,공지영,로맨스,19505
54,B5272,288,79,2025-08-02 19:14:43,1,0,1,책 제목 449,무라카미 하루키,소설,15203
46,B7684,203,73,2025-08-14 12:04:30,1,0,1,책 제목 885,공지영,소설,18923
90,B1448,19,49,2025-08-25 07:34:55,0,0,0,책 제목 324,베르나르 베르베르,역사,24540
83,B9523,98,9,2025-08-15 04:35:37,0,0,0,책 제목 116,정세랑,SF,23274
47,B9294,58,33,2025-08-16 10:53:04,0,0,0,책 제목 443,김훈,로맨스,13460
76,B5473,49,3,2025-08-16 18:51:04,0,0,0,책 제목 282,공지영,SF,17837
77,B5912,90,0,2025-08-24 12:06:52,0,0,0,책 제목 839,정세랑,로맨스,22595
99,B9073,166,95,2025-08-03 22:58:13,1,1,1,책 제목 663,베르나르 베르베르,SF,24287
51,B3131,97,19,2025-08-26 22:31:41,0,0,0,책 제목 275,김훈,자기계발,24239
96,B8143,296,81,2025-08-28 19:33:35,1,0,1,책 제목 356,정세랑,추리,20457
47,B4482,45,29,2025-08-09 07:16:08,0,0,0,책 제목 55,한강,추리,17600
37,B9225,219,70,2025-08-22 09:06:31,1,0,1,책 제목 450,베르나르 베르베르,자기계발,22915
22,B4692,33,2,2025-08-25 03:43:21,0,0,0,책 제목 951,공지영,역사,12663
86,B8438,234,88,2025-08-18 08:34:58,1,0,1,책 제목 745,히가시노 게이고,로맨스,21754
58,B2934,268,82,2025-08-25 07:55:46,1,0,1,책 제목 110,히가시노 게이고,역사,14234
61,B3876,254,79,2025-08-01 02:59:45,1,0,1,책 제목 420,베르나르 베르베르,철학,16691
13,B3621,90,19,2025-08-11 00:42:52,0,0,0,책 제목 588,베르나르 베르베르,소설,11043
11,B5277,7,26,2025-08-29 06:29:07,0,0,0,책 제목 947,김훈,SF,18168
28,B8779,31,46,2025-08-01 11:02:39,0,0,0,책 제목 11,조정래,SF,10114
76,B8703,124,73,2025-08-23 02:38:52,1,1,1,책 제목 750,정세랑,SF,15660
36,B5039,127,72,2025-08-19 08:37:30,1,1,1,책 제목 212,김훈,SF,19381
65,B9011,215,94,2025-08-14 00:37:04,1,1,1,책 제목 106,무라카미 하루키,소설,14780
19,B8497,77,11,2025-08-10 18:23:30,0,0,0,책 제목 65,김훈,추리,14542
11,B3587,90,4,2025-08-22 05:42:07,0,0,0,책 제목 890,조정래,SF,16834
68,B7627,48,44,2025-08-06 11:36:58,0,0,0,책 제목 177,무라카미 하루키,추리,12511
3,B1994,51,45,2025-08-30 19:31:58,0,0,0,책 제목 158,베르나르 베르베르,자기계발,15375
51,B9453,185,90,2025-08-01 14:13:46,1,0,1,책 제목 141,무라카미 하루키,역사,17992
51,B3207,106,77,2025-08-08 09:05:09,1,0,1,책 제목 976,무라카미 하루키,로맨스,14565
46,B8533,162,80,2025-08-22 07:02:45,1,1,1,책 제목 84,무라카미 하루키,로맨스,12713
82,B8305,90,42,2025-08-20 04:07:35,0,0,0,책 제목 223,김훈,자기계발,19274
26,B6852,23,13,2025-08-19 15:03:11,0,0,0,책 제목 323,정세랑,자기계발,13029
86,B5554,69,20,2025-08-22 16:02:34,0,0,0,책 제목 951,한강,역사,17529
41,B6948,205,90,2025-08-25 12:50:44,1,1,1,책 제목 1000,히가시노 게이고,추리,20266
46,B6459,107,82,2025-08-17 18:46:31,1,0,1,책 제목 85,김훈,역사,20717
54,B2528,54,47,2025-08-30 00:32:04,0,0,0,책 제목 767,히가시노 게이고,소설,18135
60,B4368,135,82,2025-08-20 06:05:42,1,1,1,책 제목 719,히가시노 게이고,SF,18895
59,B4505,33,4,2025-08-16 23:10:04,0,0,0,책 제목 889,조정래,소설,10768
77,B4119,6,39,2025-08-23 11:28:40,0,0,0,책 제목 976,히가시노 게이고,추리,22826
55,B4016,13,16,2025-08-01 15:10:45,0,0,0,책 제목 540,김훈,철학,17232
84,B5472,193,99,2025-08-12 02:53:31,1,0,1,책 제목 32,조정래,에세이,22682
66,B5471,150,98,2025-08-30 14:54:32,1,0,1,책 제목 854,공지영,철학,13797
86,B4900,205,76,2025-08-05 14:31:31,1,1,1,책 제목 128,공지영,SF,11170
63,B1474,62,43,2025-08-04 13:45:10,0,0,0,책 제목 559,조정래,자기계발,13544
9,B5284,56,12,2025-08-04 06:50:16,0,0,0,책 제목 832,무라카미 하루키,자기계발,15812
15,B2754,86,0,2025-08-28 14:18:38,0,0,0,책 제목 7,베르나르 베르베르,추리,12658
44,B9106,187,80,2025-08-29 10:00:57,1,0,1,책 제목 581,베르나르 베르베르,에세이,12575
4,B8595,143,96,2025-08-17 13:57:52,1,1,1,책 제목 299,한강,에세이,17118
98,B1545,141,78,2025-08-27 11:37:08,1,0,1,책 제목 280,베르나르 베르베르,에세이,23829
35,B1774,95,26,2025-08-08 21:35:27,0,0,0,책 제목 113,히가시노 게이고,소설,12515
99,B4351,97,30,2025-08-12 09:47:43,0,0,0,책 제목 872,무라카미 하루키,자기계발,18646
68,B3550,110,87,2025-08-09 02:54:52,1,0,1,책 제목 146,김훈,역사,20142
98,B9633,175,91,2025-08-02 06:35:55,1,0,1,책 제목 78,히가시노 게이고,자기계발,16317
35,B5349,34,8,2025-08-22 07:24:09,0,0,0,책 제목 520,공지영,로맨스,22673
89,B1324,25,43,2025-08-17 00:56:17,0,0,0,책 제목 38,한강,소설,18669
62,B9838,101,86,2025-08-01 13:38:35,1,1,1,책 제목 363,김훈,철학,19087
26,B6346,282,97,2025-08-21 00:18:42,1,1,1,책 제목 114,김훈,자기계발,22861
50,B4718,208,79,2025-08-20 11:23:40,1,1,1,책 제목 320,김훈,로맨스,15214
77,B7016,134,91,2025-08-29 06:27:12,1,1,1,책 제목 260,정세랑,소설,14051
31,B8967,191,95,2025-08-28 22:41:12,1,0,1,책 제목 288,김훈,역사,15109
65,B6996,111,86,2025-08-04 13:43:43,1,0,1,책 제목 378,정세랑,추리,20123
88,B9891,80,3,2025-08-23 16:30:20,0,0,0,책 제목 461,한강,철학,11992
59,B7777,66,25,2025-08-08 12:35:01,0,0,0,책 제목 574,공지영,SF,24799
44,B7774,206,74,2025-08-15 06:05:34,1,0,1,책 제목 213,공지영,로맨스,16116
36,B9319,78,32,2025-08-16 03:49:12,0,0,0,책 제목 82,정세랑,추리,16183
14,B8421,157,95,2025-08-12 06:36:05,1,0,1,책 제목 114,한강,에세이,24640
81,B7071,249,74,2025-08-12 22:31:59,1,1,1,책 제목 785,김훈,소설,18503
37,B2101,151,94,2025-08-16 18:55:33,1,1,1,책 제목 538,무라카미 하루키,SF,17648
59,B9094,238,89,2025-08-12 21:41:34,1,1,1,책 제목 234,히가시노 게이고,자기계발,15330
72,B5871,40,32,2025-08-24 20:03:37,0,0,0,책 제목 717,정세랑,철학,21687
87,B5489,17,1,2025-08-06 03:17:33,0,0,0,책 제목 599,조정래,역사,20295
11,B1294,181,82,2025-08-22 09:37:19,1,1,1,책 제목 26,정세랑,추리,24536
47,B2379,35,32,2025-08-06 04:42:14,0,0,0,책 제목 232,조정래,추리,13677
44,B9291,48,0,2025-08-24 07:23:03,0,0,0,책 제목 713,정세랑,로맨스,18015
39,B2589,37,22,2025-08-06 08:09:25,0,0,0,책 제목 845,조정래,에세이,13892
66,B2826,158,95,2025-08-12 12:06:18,1,1,1,책 제목 489,베르나르 베르베르,추리,14876
48,B9956,52,4,2025-08-15 00:52:20,0,0,0,책 제목 199,무라카미 하루키,에세이,17487
63,B2542,79,11,2025-08-16 20:07:45,0,0,0,책 제목 910,정세랑,추리,12653
65,B1584,259,97,2025-08-04 05:33:35,1,0,1,책 제목 639,조정래,소설,13690
72,B8263,255,90,2025-08-02 20:39:35,1,0,1,책 제목 98,한강,추리,19337
12,B3339,193,90,2025-08-27 09:03:43,1,1,1,책 제목 232,김훈,철학,23878
14,B4392,38,0,2025-08-02 22:36:49,0,0,0,책 제목 644,공지영,로맨스,13284
19,B5834,245,73,2025-08-06 17:16:18,1,1,1,책 제목 796,히가시노 게이고,철학,13500
79,B8474,16,8,2025-08-17 17:12:39,0,0,0,책 제목 95,조정래,에세이,11674
55,B6274,71,17,2025-08-21 14:24:52,0,0,0,책 제목 63,베르나르 베르베르,로맨스,16642
1,B7763,191,70,2025-08-18 18:39:23,1,1,1,책 제목 644,한강,역사,15300
87,B8346,105,82,2025-08-03 04:36:47,1,1,1,책 제목 811,히가시노 게이고,추리,17027
16,B7636,149,72,2025-08-18 22:01:15,1,1,1,책 제목 398,히가시노 게이고,SF,12428
23,B6685,211,98,2025-08-16 18:06:52,1,1,1,책 제목 413,히가시노 게이고,로맨스,22702
85,B8015,187,90,2025-08-27 07:12:35,1,1,1,책 제목 606,베르나르 베르베르,추리,21111
26,B9913,239,74,2025-08-02 08:43:16,1,0,1,책 제목 755,공지영,로맨스,23471
32,B6313,221,89,2025-08-25 18:23:46,1,0,1,책 제목 710,공지영,에세이,22884
78,B5267,287,93,2025-08-16 21:49:32,1,0,1,책 제목 995,김훈,소설,22962
88,B7304,187,81,2025-08-04 18:51:09,1,1,1,책 제목 314,김훈,로맨스,16949
13,B8850,168,80,2025-08-25 07:56:31,1,0,1,책 제목 493,한강,자기계발,14897
3,B6271,153,99,2025-08-24 18:39:36,1,1,1,책 제목 321,베르나르 베르베르,철학,11800
14,B6454,82,23,2025-08-12 10:24:46,0,0,0,책 제목 981,공지영,추리,22914
93,B8120,244,79,2025-08-19 01:08:32,1,0,1,책 제목 417,조정래,추리,13579
28,B1988,186,82,2025-08-19 20:52:49,1,0,1,책 제목 645,정세랑,SF,13976
90,B1498,12,23,2025-08-06 16:04:18,0,0,0,책 제목 189,무라카미 하루키,역사,21736
4,B1750,125,94,2025-08-15 03:41:09,1,1,1,책 제목 811,조정래,역사,20478
13,B8508,68,16,2025-08-04 03:44:27,0,0,0,책 제목 414,조정래,철학,22762
35,B4822,137,88,2025-08-01 12:37:55,1,1,1,책 제목 613,베르나르 베르베르,추리,20990
54,B2389,30,22,2025-08-09 10:04:28,0,0,0,책 제목 874,한강,SF,10234
75,B7315,13,19,2025-08-22 23:47:37,0,0,0,책 제목 320,한강,추리,22881
63,B2358,44,38,2025-08-12 07:31:09,0,0,0,책 제목 613,공지영,SF,15373
41,B8898,43,23,2025-08-05 06:12:48,0,0,0,책 제목 591,무라카미 하루키,로맨스,19611
28,B9814,38,45,2025-08-07 18:54:30,0,0,0,책 제목 711,한강,추리,20556
23,B1107,288,98,2025-08-19 22:22:45,1,1,1,책 제목 539,정세랑,소설,18923
61,B6204,154,89,2025-08-27 20:03:40,1,1,1,책 제목 807,김훈,철학,23971
32,B9500,54,20,2025-08-01 07:15:19,0,0,0,책 제목 470,베르나르 베르베르,SF,13056
63,B3790,48,42,2025-08-30 15:17:38,0,0,0,책 제목 622,히가시노 게이고,추리,21525
89,B9784,39,1,2025-08-09 20:00:10,0,0,0,책 제목 267,정세랑,로맨스,17848
20,B6526,64,34,2025-08-08 09:31:08,0,0,0,책 제목 557,한강,SF,15161
71,B7752,15,5,2025-08-28 04:33:23,0,0,0,책 제목 116,공지영,에세이,24690
33,B8723,177,80,2025-08-27 18:27:37,1,0,1,책 제목 149,조정래,자기계발,14185
77,B7157,54,25,2025-08-05 15:02:49,0,0,0,책 제목 913,한강,자기계발,10757
26,B7769,82,24,2025-08-14 01:49:35,0,0,0,책 제목 892,한강,추리,11460
79,B5387,178,96,2025-08-10 13:45:50,1,1,1,책 제목 81,베르나르 베르베르,자기계발,10996
11,B8608,271,70,2025-08-16 13:50:01,1,0,1,책 제목 124,공지영,에세이,19706
4,B4138,292,86,2025-08-01 10:06:53,1,1,1,책 제목 138,김훈,철학,22816
74,B4121,50,37,2025-08-03 11:25:33,0,0,0,책 제목 292,무라카미 하루키,역사,14023
72,B7185,157,86,2025-08-17 00:20:40,1,0,1,책 제목 999,히가시노 게이고,에세이,16049
48,B2959,30,49,2025-08-20 15:33:10,0,0,0,책 제목 650,정세랑,역사,23671
33,B3999,29,13,2025-08-10 20:32:43,0,0,0,책 제목 245,베르나르 베르베르,추리,13110
88,B6358,26,17,2025-08-25 23:14:19,0,0,0,책 제목 734,정세랑,SF,10873
42,B1963,20,21,2025-08-10 06:01:28,0,0,0,책 제목 559,베르나르 베르베르,에세이,17741
44,B6430,269,77,2025-08-21 13:16:07,1,0,1,책 제목 767,공지영,SF,14815
78,B4203,46,40,2025-08-05 02:23:02,0,0,0,책 제목 738,조정래,에세이,24606
75,B3149,290,81,2025-08-10 06:08:07,1,0,1,책 제목 455,베르나르 베르베르,철학,14567
7,B8260,290,91,2025-08-02 09:00:34,1,1,1,책 제목 772,베르나르 베르베르,자기계발,21928
6,B4735,93,15,2025-08-05 13:44:25,0,0,0,책 제목 754,한강,자기계발,12642
78,B1263,79,42,2025-08-09 22:36:32,0,0,0,책 제목 48,김훈,에세이,22773
1,B2452,286,71,2025-08-18 19:26:54,1,1,1,책 제목 241,한강,에세이,22541
52,B3282,99,29,2025-08-15 07:31:04,0,0,0,책 제목 435,조정래,소설,20958
72,B5112,250,92,2025-08-27 14:53:18,1,0,1,책 제목 225,한강,SF,16090
38,B3623,189,72,2025-08-02 15:34:43,1,0,1,책 제목 372,김훈,역사,12911
40,B7170,52,9,2025-08-06 03:30:48,0,0,0,책 제목 64,히가시노 게이고,철학,14131
11,B2030,73,33,2025-08-21 06:44:49,0,0,0,책 제목 50,정세랑,추리,11868
19,B9777,70,5,2025-08-07 02:42:48,0,0,0,책 제목 729,무라카미 하루키,SF,20686
7,B9558,247,74,2025-08-12 12:37:23,1,1,1,책 제목 788,무라카미 하루키,SF,20971
54,B5893,54,3,2025-08-03 11:26:08,0,0,0,책 제목 640,김훈,로맨스,17345
5,B9212,225,91,2025-08-13 08:50:32,1,0,1,책 제목 636,베르나르 베르베르,소설,22775
57,B9988,21,26,2025-08-27 03:39:15,0,0,0,책 제목 154,김훈,역사,23330
70,B8572,190,83,2025-08-24 20:48:07,1,1,1,책 제목 640,무라카미 하루키,역사,10690
13,B4298,99,39,2025-08-23 19:44:53,0,0,0,책 제목 977,정세랑,추리,20742
48,B3389,118,95,2025-08-14 01:26:11,1,1,1,책 제목 717,공지영,에세이,24873
25,B9208,86,34,2025-08-04 10:16:17,0,0,0,책 제목 893,베르나르 베르베르,추리,22445
99,B8093,66,47,2025-08-17 16:16:48,0,0,0,책 제목 955,공지영,에세이,24312
41,B6935,75,40,2025-08-23 06:16:18,0,0,0,책 제목 720,공지영,SF,21849
92,B3683,218,98,2025-08-17 01:10:52,1,1,1,책 제목 255,김훈,역사,11098
97,B8964,283,94,2025-08-14 09:09:51,1,1,1,책 제목 634,히가시노 게이고,추리,21180
64,B5315,49,15,2025-08-24 22:52:22,0,0,0,책 제목 392,조정래,자기계발,18431
100,B9264,51,2,2025-08-11 07:47:35,0,0,0,책 제목 313,공지영,철학,18667
30,B8021,99,15,2025-08-28 08:11:53,0,0,0,책 제목 666,한강,철학,14341
59,B9060,33,47,2025-08-12 11:33:13,0,0,0,책 제목 409,한강,로맨스,15794
22,B5515,95,16,2025-08-10 05:10:29,0,0,0,책 제목 587,히가시노 게이고,추리,14210
9,B9460,272,82,2025-08-28 18:39:00,1,1,1,책 제목 986,무라카미 하루키,소설,22435
73,B6156,25,49,2025-08-20 15:40:19,0,0,0,책 제목 142,한강,철학,17151
70,B5381,92,42,2025-08-17 05:09:25,0,0,0,책 제목 930,공지영,자기계발,14883
17,B1035,291,99,2025-08-16 12:47:37,1,0,1,책 제목 315,정세랑,에세이,15482
43,B7219,229,94,2025-08-23 19:34:37,1,0,1,책 제목 368,히가시노 게이고,철학,17452
90,B5031,138,70,2025-08-08 13:43:44,1,0,1,책 제목 125,한강,소설,15789
75,B8469,109,73,2025-08-25 04:42:27,1,1,1,책 제목 684,히가시노 게이고,자기계발,18851
68,B5783,249,85,2025-08-12 05:40:34,1,1,1,책 제목 845,한강,역사,17789
69,B1370,233,98,2025-08-24 15:35:21,1,1,1,책 제목 425,무라카미 하루키,로맨스,20640
11,B8876,69,21,2025-08-26 16:59:46,0,0,0,책 제목 101,히가시노 게이고,자기계발,15221
44,B6682,89,38,2025-08-22 13:13:35,0,0,0,책 제목 611,정세랑,소설,12515
28,B6324,29,18,2025-08-23 00:41:43,0,0,0,책 제목 348,공지영,로맨스,15255
65,B4560,271,72,2025-08-11 11:52:19,1,1,1,책 제목 4,정세랑,역사,21769
84,B9049,97,18,2025-08-01 20:26:08,0,0,0,책 제목 87,무라카미 하루키,추리,19408
36,B6369,108,93,2025-08-18 09:53:04,1,1,1,책 제목 573,히가시노 게이고,로맨스,12027
36,B4794,111,91,2025-08-29 01:06:24,1,1,1,책 제목 51,한강,소설,18073
19,B7659,102,78,2025-08-08 04:02:49,1,1,1,책 제목 248,김훈,철학,14109
63,B9423,285,74,2025-08-08 06:44:45,1,1,1,책 제목 98,베르나르 베르베르,로맨스,20229
2,B7216,111,99,2025-08-01 18:08:38,1,1,1,책 제목 898,베르나르 베르베르,자기계발,21649
9,B9030,131,76,2025-08-09 01:01:32,1,1,1,책 제목 574,공지영,소설,15101
93,B4616,254,92,2025-08-28 08:00:32,1,1,1,책 제목 138,베르나르 베르베르,철학,15373
48,B1130,53,13,2025-08-06 10:03:44,0,0,0,책 제목 374,공지영,SF,11232
33,B7318,47,48,2025-08-04 10:07:53,0,0,0,책 제목 5,히가시노 게이고,SF,17254
50,B5659,209,79,2025-08-24 12:40:16,1,0,1,책 제목 599,정세랑,추리,22601
71,B6991,63,5,2025-08-22 07:06:08,0,0,0,책 제목 418,한강,에세이,12397
96,B8808,149,93,2025-08-18 08:00:18,1,1,1,책 제목 719,공지영,자기계발,13683
84,B6076,90,11,2025-08-25 17:03:32,0,0,0,책 제목 343,히가시노 게이고,자기계발,16022
59,B6771,217,74,2025-08-10 02:17:13,1,0,1,책 제목 746,베르나르 베르베르,추리,10086
57,B1624,52,7,2025-08-10 02:17:18,0,0,0,책 제목 731,베르나르 베르베르,자기계발,14151
71,B6077,219,92,2025-08-23 17:14:49,1,1,1,책 제목 892,김훈,자기계발,16318
33,B6032,276,89,2025-08-28 22:02:29,1,0,1,책 제목 48,정세랑,에세이,18533
21,B2425,191,94,2025-08-29 18:06:53,1,0,1,책 제목 64,정세랑,로맨스,17392
52,B4713,32,0,2025-08-24 13:18:35,0,0,0,책 제목 836,무라카미 하루키,역사,21690
32,B4793,234,94,2025-08-23 01:15:24,1,0,1,책 제목 982,무라카미 하루키,자기계발,22307
47,B3120,94,17,2025-08-08 01:57:48,0,0,0,책 제목 984,조정래,역사,21926
35,B4080,286,84,2025-08-26 14:19:09,1,1,1,책 제목 606,베르나르 베르베르,소설,12792
96,B3502,6,40,2025-08-22 04:04:34,0,0,0,책 제목 937,공지영,자기계발,23434
36,B2993,32,35,2025-08-05 21:11:03,0,0,0,책 제목 985,정세랑,철학,12063
36,B4273,170,95,2025-08-28 09:31:48,1,1,1,책 제목 370,히가시노 게이고,소설,22692
7,B7522,20,42,2025-08-24 23:09:29,0,0,0,책 제목 355,조정래,역사,18656
22,B8104,48,38,2025-08-16 11:26:58,0,0,0,책 제목 225,조정래,철학,24961
17,B8827,25,12,2025-08-26 11:54:48,0,0,0,책 제목 447,무라카미 하루키,SF,18330
93,B6188,163,76,2025-08-10 19:25:16,1,0,1,책 제목 120,정세랑,철학,21469
44,B1098,105,81,2025-08-17 12:41:18,1,0,1,책 제목 339,조정래,철학,13365
20,B9865,273,87,2025-08-02 10:42:12,1,0,1,책 제목 171,히가시노 게이고,추리,17763
51,B7512,216,87,2025-08-01 14:19:27,1,0,1,책 제목 882,무라카미 하루키,소설,19309
28,B2232,87,46,2025-08-16 14:34:43,0,0,0,책 제목 989,김훈,철학,11501
66,B3126,93,19,2025-08-02 13:30:24,0,0,0,책 제목 560,공지영,자기계발,17728
33,B6914,210,96,2025-08-02 03:58:54,1,1,1,책 제목 941,김훈,추리,20246
38,B7912,48,38,2025-08-05 13:39:58,0,0,0,책 제목 172,한강,추리,24374
51,B1983,77,45,2025-08-14 03:28:50,0,0,0,책 제목 297,히가시노 게이고,추리,21934
84,B5677,34,12,2025-08-18 15:30:16,0,0,0,책 제목 593,한강,철학,13026
28,B8226,240,94,2025-08-04 10:06:39,1,1,1,책 제목 849,히가시노 게이고,자기계발,10529
17,B6524,82,30,2025-08-04 18:00:58,0,0,0,책 제목 745,한강,로맨스,24736
94,B4559,29,15,2025-08-16 23:51:20,0,0,0,책 제목 684,베르나르 베르베르,소설,23477
80,B9321,206,92,2025-08-12 10:17:51,1,1,1,책 제목 319,조정래,SF,20030
89,B4679,204,73,2025-08-05 20:48:59,1,0,1,책 제목 600,공지영,자기계발,11517
84,B6448,57,29,2025-08-19 12:56:34,0,0,0,책 제목 672,공지영,철학,11145
29,B4488,80,0,2025-08-30 00:30:13,0,0,0,책 제목 604,조정래,역사,17973
93,B3038,297,92,2025-08-13 22:50:43,1,1,1,책 제목 889,공지영,자기계발,13510
1,B4950,86,38,2025-08-26 20:51:04,0,0,0,책 제목 293,베르나르 베르베르,로맨스,15066
13,B8454,179,76,2025-08-19 16:08:45,1,0,1,책 제목 201,히가시노 게이고,SF,18264
81,B8210,103,72,2025-08-18 12:58:56,1,0,1,책 제목 540,정세랑,SF,17339
57,B8085,105,72,2025-08-08 02:46:45,1,0,1,책 제목 847,무라카미 하루키,추리,20382
46,B8072,212,80,2025-08-02 00:49:20,1,1,1,책 제목 652,베르나르 베르베르,로맨스,23135
100,B8472,104,92,2025-08-05 15:58:01,1,1,1,책 제목 951,김훈,역사,12219
19,B9883,251,88,2025-08-28 03:27:31,1,0,1,책 제목 115,베르나르 베르베르,소설,24257
80,B3107,26,47,2025-08-30 21:29:37,0,0,0,책 제목 797,베르나르 베르베르,철학,24887
54,B8829,128,97,2025-08-05 15:38:41,1,0,1,책 제목 443,정세랑,SF,20112
6,B9756,288,78,2025-08-13 16:09:39,1,1,1,책 제목 663,김훈,자기계발,19250
73,B6393,195,88,2025-08-29 13:13:45,1,1,1,책 제목 477,한강,철학,20673
3,B8850,129,86,2025-08-25 13:41:31,1,0,1,책 제목 298,김훈,소설,14825
65,B5245,79,39,2025-08-11 01:43:01,0,0,0,책 제목 977,조정래,로맨스,13751
72,B7977,40,2,2025-08-22 17:17:04,0,0,0,책 제목 994,무라카미 하루키,자기계발,12982
54,B6911,109,90,2025-08-27 02:02:02,1,1,1,책 제목 201,한강,철학,21329
74,B1400,42,3,2025-08-24 00:48:14,0,0,0,책 제목 456,조정래,철학,10087
50,B4382,97,19,2025-08-14 00:41:04,0,0,0,책 제목 538,히가시노 게이고,에세이,15608
39,B4196,259,76,2025-08-23 07:40:34,1,1,1,책 제목 731,정세랑,추리,13157
2,B9372,78,8,2025-08-18 05:12:44,0,0,0,책 제목 683,조정래,추리,20962
80,B2970,164,87,2025-08-02 07:20:16,1,0,1,책 제목 71,정세랑,추리,24090
53,B7748,284,77,2025-08-25 11:33:46,1,1,1,책 제목 853,정세랑,추리,23579
4,B7672,72,30,2025-08-01 11:17:13,0,0,0,책 제목 838,조정래,자기계발,22118
19,B2459,50,48,2025-08-14 09:27:40,0,0,0,책 제목 769,공지영,자기계발,24212
17,B4719,267,76,2025-08-11 06:25:21,1,0,1,책 제목 931,조정래,SF,21111
13,B7582,230,99,2025-08-11 02:37:00,1,1,1,책 제목 954,김훈,소설,15480
9,B1939,47,15,2025-08-01 13:02:20,0,0,0,책 제목 187,김훈,철학,21878
22,B5163,92,27,2025-08-14 02:59:02,0,0,0,책 제목 51,정세랑,역사,15738
8,B7095,7,46,2025-08-11 07:08:14,0,0,0,책 제목 18,한강,자기계발,10524
26,B4721,115,93,2025-08-27 10:58:23,1,0,1,책 제목 773,공지영,자기계발,15878
65,B8359,72,29,2025-08-12 08:48:19,0,0,0,책 제목 985,정세랑,로맨스,22674
99,B9927,169,78,2025-08-25 08:38:03,1,0,1,책 제목 524,베르나르 베르베르,철학,14283
85,B9225,85,40,2025-08-04 01:52:56,0,0,0,책 제목 439,히가시노 게이고,에세이,22467
61,B6570,59,19,2025-08-03 12:42:27,0,0,0,책 제목 842,무라카미 하루키,철학,20923
79,B6898,102,70,2025-08-28 18:08:03,1,0,1,책 제목 399,무라카미 하루키,철학,23794
78,B1713,105,76,2025-08-23 21:31:21,1,1,1,책 제목 295,공지영,소설,23042
33,B7147,218,71,2025-08-29 08:18:49,1,0,1,책 제목 105,공지영,에세이,17547
82,B4752,84,14,2025-08-02 03:39:56,0,0,0,책 제목 763,조정래,추리,11654
92,B2452,262,92,2025-08-01 20:41:00,1,0,1,책 제목 589,조정래,로맨스,14330
86,B3890,177,93,2025-08-20 21:58:04,1,0,1,책 제목 856,한강,소설,16809
66,B9596,157,74,2025-08-29 02:31:11,1,0,1,책 제목 393,한강,추리,20045
50,B9057,89,21,2025-08-05 14:06:59,0,0,0,책 제목 946,공지영,추리,21089
79,B1609,175,79,2025-08-04 18:48:36,1,1,1,책 제목 931,히가시노 게이고,에세이,19610
7,B5375,59,7,2025-08-16 08:11:39,0,0,0,책 제목 398,무라카미 하루키,역사,11888
89,B6054,93,32,2025-08-01 21:55:47,0,0,0,책 제목 120,한강,자기계발,14284
22,B6481,245,71,2025-08-11 14:51:12,1,0,1,책 제목 280,공지영,소설,11205
53,B7623,95,49,2025-08-25 01:07:25,0,0,0,책 제목 441,정세랑,철학,18831
26,B1341,89,48,2025-08-30 17:59:08,0,0,0,책 제목 170,정세랑,추리,16784
64,B8756,160,93,2025-08-29 05:10:38,1,0,1,책 제목 445,한강,철학,15167
100,B3761,28,43,2025-08-28 03:11:37,0,0,0,책 제목 955,정세랑,자기계발,22091
59,B5645,97,17,2025-08-16 03:53:09,0,0,0,책 제목 74,공지영,역사,14838
64,B7682,85,13,2025-08-03 09:08:39,0,0,0,책 제목 266,공지영,철학,18120
88,B2891,76,30,2025-08-12 23:13:01,0,0,0,책 제목 713,한강,로맨스,15281
88,B7993,216,88,2025-08-12 00:21:01,1,0,1,책 제목 678,무라카미 하루키,추리,21593
68,B8740,24,37,2025-08-19 14:12:05,0,0,0,책 제목 984,정세랑,에세이,22312
68,B1175,244,95,2025-08-18 10:47:10,1,0,1,책 제목 868,한강,철학,22144
44,B4032,83,4,2025-08-26 15:16:19,0,0,0,책 제목 174,공지영,에세이,23817
1,B1929,67,31,2025-08-22 10:40:29,0,0,0,책 제목 405,히가시노 게이고,로맨스,18620
70,B2309,29,4,2025-08-03 12:29:27,0,0,0,책 제목 42,김훈,철학,22242
99,B3445,74,36,2025-08-20 23:14:44,0,0,0,책 제목 114,김훈,소설,11528
71,B3347,57,22,2025-08-30 12:02:45,0,0,0,책 제목 638,김훈,역사,19675
51,B1311,85,31,2025-08-17 20:34:58,0,0,0,책 제목 728,베르나르 베르베르,역사,15463
39,B2368,243,84,2025-08-25 12:06:31,1,1,1,책 제목 183,정세랑,소설,13793
66,B7473,263,91,2025-08-20 11:07:21,1,0,1,책 제목 86,히가시노 게이고,추리,12649
94,B2285,74,7,2025-08-11 10:22:27,0,0,0,책 제목 121,공지영,철학,12328
25,B8100,253,71,2025-08-08 14:28:04,1,0,1,책 제목 856,무라카미 하루키,자기계발,12120
67,B8988,195,72,2025-08-30 05:03:22,1,0,1,책 제목 578,공지영,에세이,14188
28,B3787,16,48,2025-08-27 20:52:34,0,0,0,책 제목 210,베르나르 베르베르,소설,20155
47,B6937,145,73,2025-08-21 08:55:43,1,1,1,책 제목 628,히가시노 게이고,역사,22695
85,B3813,251,92,2025-08-26 16:59:52,1,1,1,책 제목 598,정세랑,추리,23046
75,B1141,287,94,2025-08-11 19:08:03,1,1,1,책 제목 257,한강,추리,20512
68,B7548,38,5,2025-08-22 20:21:57,0,0,0,책 제목 720,정세랑,SF,22332
62,B3229,219,75,2025-08-12 05:00:52,1,0,1,책 제목 710,히가시노 게이고,에세이,18245
14,B7250,190,71,2025-08-20 17:09:37,1,1,1,책 제목 807,공지영,추리,17373
95,B7618,113,96,2025-08-25 01:13:27,1,0,1,책 제목 427,무라카미 하루키,추리,23170
98,B8949,9,38,2025-08-26 01:32:01,0,0,0,책 제목 309,김훈,역사,15285
24,B7005,249,85,2025-08-11 01:59:18,1,0,1,책 제목 804,한강,SF,18970
73,B7909,13,14,2025-08-09 01:57:47,0,0,0,책 제목 451,조정래,역사,10919
77,B7888,40,36,2025-08-20 12:55:24,0,0,0,책 제목 566,정세랑,추리,19524
18,B6392,9,49,2025-08-04 02:48:09,0,0,0,책 제목 940,조정래,에세이,12902
58,B8879,48,41,2025-08-23 18:28:45,0,0,0,책 제목 794,한강,로맨스,18243
87,B5389,69,47,2025-08-21 04:22:25,0,0,0,책 제목 321,김훈,로맨스,15175
70,B6565,137,77,2025-08-20 23:21:30,1,1,1,책 제목 698,공지영,소설,13972
73,B4747,151,78,2025-08-16 13:40:05,1,1,1,책 제목 616,정세랑,역사,23678
29,B2053,299,86,2025-08-13 05:14:35,1,1,1,책 제목 629,김훈,에세이,13926
98,B7542,52,31,2025-08-08 12:09:27,0,0,0,책 제목 108,무라카미 하루키,철학,22978
34,B7196,17,27,2025-08-12 22:17:29,0,0,0,책 제목 151,공지영,소설,16227
2,B3958,23,22,2025-08-28 20:13:46,0,0,0,책 제목 492,히가시노 게이고,로맨스,13381
60,B3449,186,87,2025-08-21 23:42:33,1,0,1,책 제목 987,공지영,자기계발,14567
43,B8686,85,20,2025-08-15 05:29:22,0,0,0,책 제목 978,김훈,SF,14746
88,B9999,130,79,2025-08-17 17:24:25,1,1,1,책 제목 376,한강,자기계발,24367
81,B4308,262,85,2025-08-16 18:00:28,1,0,1,책 제목 694,공지영,SF,23992
35,B7978,90,17,2025-08-22 10:37:22,0,0,0,책 제목 635,공지영,추리,20832
42,B7329,30,37,2025-08-18 15:06:03,0,0,0,책 제목 36,공지영,역사,12873
44,B4251,61,43,2025-08-03 17:41:42,0,0,0,책 제목 887,히가시노 게이고,소설,10480
47,B5664,288,85,2025-08-01 23:00:06,1,1,1,책 제목 766,베르나르 베르베르,철학,21265
78,B4476,5,47,2025-08-12 13:51:34,0,0,0,책 제목 849,베르나르 베르베르,로맨스,13574
63,B1682,199,91,2025-08-07 10:23:59,1,0,1,책 제목 974,히가시노 게이고,철학,17893
42,B2499,134,74,2025-08-19 18:29:48,1,0,1,책 제목 34,무라카미 하루키,철학,10325
99,B1086,17,27,2025-08-04 03:55:06,0,0,0,책 제목 618,조정래,철학,15938
4,B7626,50,2,2025-08-09 16:32:54,0,0,0,책 제목 652,무라카미 하루키,자기계발,22071
1,B6362,219,96,2025-08-23 00:34:57,1,0,1,책 제목 920,공지영,로맨스,17437
88,B5324,205,92,2025-08-24 01:04:43,1,1,1,책 제목 518,정세랑,로맨스,23616
96,B5546,25,43,2025-08-08 23:23:29,0,0,0,책 제목 267,무라카미 하루키,자기계발,12060
86,B4448,234,83,2025-08-21 03:38:54,1,1,1,책 제목 623,한강,자기계발,18820
34,B4007,154,84,2025-08-16 05:26:13,1,0,1,책 제목 186,정세랑,자기계발,22693
72,B3282,82,10,2025-08-16 09:45:42,0,0,0,책 제목 622,공지영,역사,19244
91,B9387,63,8,2025-08-20 14:40:08,0,0,0,책 제목 442,무라카미 하루키,로맨스,24829
31,B6813,174,82,2025-08-16 15:14:10,1,1,1,책 제목 227,정세랑,역사,10011
77,B6607,26,35,2025-08-15 23:44:45,0,0,0,책 제목 189,김훈,추리,23580
59,B5364,109,94,2025-08-28 04:07:29,1,1,1,책 제목 321,베르나르 베르베르,에세이,16525
49,B2547,23,15,2025-08-24 21:33:18,0,0,0,책 제목 652,베르나르 베르베르,에세이,16850
67,B5540,41,45,2025-08-11 08:29:36,0,0,0,책 제목 44,공지영,소설,17714
6,B3058,254,95,2025-08-09 09:04:18,1,1,1,책 제목 184,히가시노 게이고,추리,23559
19,B7198,168,89,2025-08-02 05:28:01,1,0,1,책 제목 576,히가시노 게이고,추리,10197
86,B1660,230,70,2025-08-04 08:16:03,1,0,1,책 제목 729,김훈,자기계발,13864
52,B9577,90,36,2025-08-08 09:26:43,0,0,0,책 제목 493,김훈,자기계발,18495
26,B7439,95,19,2025-08-27 02:58:22,0,0,0,책 제목 382,공지영,철학,13389
80,B8280,197,91,2025-08-28 20:11:54,1,1,1,책 제목 990,공지영,역사,21961
42,B4781,129,84,2025-08-10 00:52:02,1,1,1,책 제목 184,무라카미 하루키,에세이,22734
46,B3697,36,19,2025-08-28 01:13:28,0,0,0,책 제목 767,조정래,소설,12785
72,B1029,116,74,2025-08-03 15:28:24,1,1,1,책 제목 968,한강,SF,17141
46,B3561,115,84,2025-08-24 00:50:42,1,0,1,책 제목 86,한강,철학,16008
98,B9449,62,43,2025-08-27 03:12:43,0,0,0,책 제목 356,베르나르 베르베르,자기계발,24497
73,B7332,18,36,2025-08-11 23:15:19,0,0,0,책 제목 7,베르나르 베르베르,로맨스,13404
11,B8399,51,30,2025-08-22 12:26:52,0,0,0,책 제목 266,조정래,소설,22621
65,B9418,18,47,2025-08-25 11:17:33,0,0,0,책 제목 135,한강,철학,10642
66,B2491,88,35,2025-08-30 12:48:53,0,0,0,책 제목 466,조정래,자기계발,11845
29,B8860,269,97,2025-08-07 02:23:55,1,1,1,책 제목 467,베르나르 베르베르,소설,19167
30,B2063,62,20,2025-08-20 05:08:20,0,0,0,책 제목 75,공지영,에세이,21017
45,B8325,284,74,2025-08-29 12:53:16,1,1,1,책 제목 471,한강,추리,11590
86,B4177,188,87,2025-08-22 12:46:11,1,1,1,책 제목 982,공지영,철학,12795
51,B2864,181,77,2025-08-07 21:53:38,1,1,1,책 제목 210,무라카미 하루키,역사,24056
72,B9741,225,81,2025-08-08 15:02:36,1,0,1,책 제목 603,공지영,자기계발,21475
24,B8457,73,37,2025-08-09 20:02:41,0,0,0,책 제목 918,정세랑,에세이,14729
17,B3006,285,73,2025-08-07 18:24:28,1,1,1,책 제목 621,무라카미 하루키,추리,21563
81,B7823,139,86,2025-08-19 14:21:12,1,1,1,책 제목 523,공지영,에세이,10060
87,B6079,211,84,2025-08-23 05:20:24,1,0,1,책 제목 985,히가시노 게이고,자기계발,11609
89,B6304,88,13,2025-08-11 22:32:41,0,0,0,책 제목 163,정세랑,역사,13663
72,B5145,246,80,2025-08-16 18:45:01,1,0,1,책 제목 104,한강,철학,13628
81,B4010,86,16,2025-08-27 21:06:18,0,0,0,책 제목 925,정세랑,철학,21859
87,B1639,39,0,2025-08-04 22:50:47,0,0,0,책 제목 891,한강,로맨스,13659
44,B6487,16,6,2025-08-21 20:13:51,0,0,0,책 제목 795,김훈,에세이,15114
99,B2373,56,41,2025-08-22 00:45:19,0,0,0,책 제목 797,김훈,SF,24057
85,B4820,58,30,2025-08-19 07:50:52,0,0,0,책 제목 732,베르나르 베르베르,추리,10442
85,B6823,126,79,2025-08-25 09:58:32,1,0,1,책 제목 182,한강,철학,22768
75,B8840,88,12,2025-08-30 07:20:00,0,0,0,책 제목 589,무라카미 하루키,SF,18708
61,B4131,66,46,2025-08-27 08:42:12,0,0,0,책 제목 202,무라카미 하루키,소설,22007
44,B6863,137,92,2025-08-11 02:15:43,1,0,1,책 제목 848,베르나르 베르베르,에세이,11357
79,B8350,158,83,2025-08-30 17:16:33,1,1,1,책 제목 661,한강,SF,21029
37,B3170,250,76,2025-08-12 06:25:48,1,0,1,책 제목 773,한강,에세이,11678
34,B3209,247,97,2025-08-27 10:18:40,1,1,1,책 제목 224,무라카미 하루키,역사,15063
13,B2052,85,38,2025-08-23 18:36:15,0,0,0,책 제목 125,무라카미 하루키,역사,11907
62,B7149,204,73,2025-08-05 20:24:25,1,0,1,책 제목 347,김훈,소설,15631
60,B1738,52,44,2025-08-23 03:08:44,0,0,0,책 제목 691,정세랑,로맨스,15902
41,B7913,97,40,2025-08-22 23:56:35,0,0,0,책 제목 487,히가시노 게이고,자기계발,10318
1,B5343,77,12,2025-08-16 02:02:23,0,0,0,책 제목 795,김훈,에세이,18959
72,B2952,184,98,2025-08-02 02:46:33,1,1,1,책 제목 114,히가시노 게이고,에세이,22626
68,B6956,231,92,2025-08-11 17:09:39,1,1,1,책 제목 610,공지영,에세이,11422
37,B6079,259,87,2025-08-15 00:32:49,1,1,1,책 제목 265,공지영,로맨스,16555
25,B3394,141,73,2025-08-03 04:20:56,1,0,1,책 제목 196,공지영,역사,20273
10,B9457,185,97,2025-08-21 18:24:51,1,0,1,책 제목 598,공지영,철학,22777
24,B9653,6,15,2025-08-29 22:46:54,0,0,0,책 제목 382,정세랑,소설,15876
46,B7728,106,70,2025-08-24 10:56:20,1,0,1,책 제목 716,한강,에세이,14242
79,B3389,242,90,2025-08-10 01:27:57,1,0,1,책 제목 313,김훈,SF,14009
4,B6138,8,48,2025-08-09 01:43:09,0,0,0,책 제목 494,히가시노 게이고,소설,22561
69,B4298,56,27,2025-08-09 05:33:52,0,0,0,책 제목 236,무라카미 하루키,자기계발,13088
98,B2972,121,75,2025-08-11 00:53:16,1,1,1,책 제목 938,공지영,역사,14500
92,B4768,258,83,2025-08-08 18:23:29,1,0,1,책 제목 25,정세랑,SF,14945
85,B8319,79,7,2025-08-20 17:38:16,0,0,0,책 제목 382,무라카미 하루키,역사,15977
25,B4095,162,97,2025-08-20 06:17:01,1,1,1,책 제목 652,베르나르 베르베르,철학,20276
18,B9054,24,32,2025-08-12 09:22:11,0,0,0,책 제목 131,한강,에세이,19388
48,B9229,107,98,2025-08-25 00:56:07,1,0,1,책 제목 554,김훈,에세이,17129
74,B6220,13,1,2025-08-15 12:56:22,0,0,0,책 제목 922,히가시노 게이고,로맨스,21575
79,B8950,199,72,2025-08-11 19:56:23,1,1,1,책 제목 926,무라카미 하루키,SF,24231
5,B1424,188,76,2025-08-15 20:30:40,1,1,1,책 제목 441,조정래,로맨스,14027
99,B9112,44,47,2025-08-20 09:19:50,0,0,0,책 제목 30,김훈,SF,21991
16,B6228,243,99,2025-08-02 16:12:51,1,0,1,책 제목 355,한강,로맨스,14524
28,B7328,38,35,2025-08-28 11:56:44,0,0,0,책 제목 540,김훈,추리,22824
14,B8795,237,87,2025-08-21 00:34:45,1,1,1,책 제목 129,베르나르 베르베르,SF,20878
2,B2147,187,85,2025-08-12 23:15:04,1,0,1,책 제목 558,베르나르 베르베르,로맨스,19484
65,B3818,176,93,2025-08-05 07:26:37,1,1,1,책 제목 982,무라카미 하루키,자기계발,20626
2,B4730,14,8,2025-08-03 13:57:03,0,0,0,책 제목 945,정세랑,추리,11186
96,B4732,90,25,2025-08-26 23:23:21,0,0,0,책 제목 424,공지영,소설,23131
70,B3266,25,44,2025-08-06 08:25:26,0,0,0,책 제목 899,김훈,추리,13319
25,B5486,265,77,2025-08-21 06:44:50,1,0,1,책 제목 540,공지영,소설,21375
74,B6435,147,89,2025-08-17 02:01:18,1,0,1,책 제목 774,베르나르 베르베르,소설,10152
100,B3982,288,78,2025-08-28 09:06:40,1,1,1,책 제목 701,한강,철학,17345
31,B7911,252,75,2025-08-02 17:50:53,1,1,1,책 제목 295,한강,추리,16040
88,B4239,39,30,2025-08-11 11:16:43,0,0,0,책 제목 168,한강,철학,24950
27,B7688,8,26,2025-08-06 15:22:15,0,0,0,책 제목 288,정세랑,철학,10869
29,B8390,55,3,2025-08-01 06:29:42,0,0,0,책 제목 203,무라카미 하루키,에세이,24235
56,B2875,66,35,2025-08-01 09:20:35,0,0,0,책 제목 383,공지영,철학,23779
30,B2521,200,92,2025-08-11 07:23:37,1,1,1,책 제목 320,정세랑,SF,16665
48,B8961,268,98,2025-08-29 05:10:28,1,1,1,책 제목 332,무라카미 하루키,역사,17423
87,B1877,255,77,2025-08-11 00:22:43,1,1,1,책 제목 935,한강,철학,23424
94,B5581,202,97,2025-08-30 06:09:11,1,0,1,책 제목 221,베르나르 베르베르,추리,23146
75,B8928,266,91,2025-08-28 06:23:07,1,1,1,책 제목 715,히가시노 게이고,로맨스,18535
47,B7367,228,70,2025-08-10 10:37:44,1,0,1,책 제목 319,조정래,에세이,21454
43,B3876,268,74,2025-08-19 00:05:37,1,0,1,책 제목 404,공지영,자기계발,21737
80,B5949,187,77,2025-08-08 01:26:36,1,1,1,책 제목 892,조정래,철학,20960
21,B5621,69,35,2025-08-15 11:13:53,0,0,0,책 제목 814,김훈,자기계발,15639
78,B3916,8,25,2025-08-29 00:33:08,0,0,0,책 제목 849,조정래,역사,14155
41,B3507,225,71,2025-08-21 00:47:21,1,1,1,책 제목 703,무라카미 하루키,에세이,24996
53,B4738,15,43,2025-08-09 20:36:27,0,0,0,책 제목 980,조정래,추리,22098
92,B7795,83,45,2025-08-23 17:57:05,0,0,0,책 제목 922,한강,로맨스,12415
68,B3990,127,86,2025-08-15 10:52:29,1,0,1,책 제목 693,김훈,철학,20426
96,B7817,249,88,2025-08-10 20:23:27,1,1,1,책 제목 517,정세랑,역사,16982
11,B7862,115,98,2025-08-14 00:03:09,1,0,1,책 제목 204,히가시노 게이고,철학,12479
68,B2288,242,93,2025-08-14 18:43:51,1,1,1,책 제목 917,무라카미 하루키,역사,24548
86,B5664,26,48,2025-08-24 18:19:31,0,0,0,책 제목 553,공지영,철학,10078
31,B4171,95,32,2025-08-03 01:29:17,0,0,0,책 제목 807,김훈,자기계발,12384
69,B8389,151,84,2025-08-18 09:31:01,1,0,1,책 제목 557,히가시노 게이고,SF,15162
79,B8858,62,28,2025-08-25 04:48:43,0,0,0,책 제목 387,공지영,역사,17399
20,B7147,73,48,2025-08-10 23:09:26,0,0,0,책 제목 916,무라카미 하루키,역사,15989
95,B9776,45,29,2025-08-21 07:19:26,0,0,0,책 제목 298,조정래,에세이,18705
8,B8524,257,94,2025-08-26 17:15:34,1,1,1,책 제목 213,히가시노 게이고,추리,21151
20,B8748,244,76,2025-08-05 13:35:40,1,0,1,책 제목 397,한강,자기계발,19347
85,B2558,33,11,2025-08-28 14:17:52,0,0,0,책 제목 220,김훈,철학,15935
57,B1831,114,95,2025-08-02 10:00:09,1,1,1,책 제목 693,공지영,추리,17035
86,B3271,83,45,2025-08-05 16:37:07,0,0,0,책 제목 289,정세랑,에세이,19833
5,B9676,147,98,2025-08-04 12:30:24,1,0,1,책 제목 410,공지영,역사,17177
87,B2225,196,97,2025-08-17 09:56:15,1,1,1,책 제목 277,공지영,소설,15600
53,B1655,19,37,2025-08-23 17:23:59,0,0,0,책 제목 135,정세랑,역사,14147
22,B7042,118,91,2025-08-22 02:56:04,1,1,1,책 제목 451,히가시노 게이고,자기계발,18058
11,B1172,53,27,2025-08-01 05:49:06,0,0,0,책 제목 894,히가시노 게이고,자기계발,10598
91,B5898,58,10,2025-08-18 21:12:20,0,0,0,책 제목 867,김훈,역사,20247
1,B3917,80,26,2025-08-23 12:12:21,0,0,0,책 제목 409,김훈,로맨스,12365
22,B1550,9,24,2025-08-04 12:36:43,0,0,0,책 제목 772,김훈,소설,11830
56,B8757,192,82,2025-08-20 10:08:03,1,1,1,책 제목 331,무라카미 하루키,자기계발,15033
100,B5161,168,99,2025-08-01 13:52:56,1,1,1,책 제목 698,조정래,자기계발,13832
33,B5133,158,92,2025-08-22 13:16:45,1,0,1,책 제목 282,히가시노 게이고,SF,22931
22,B6864,281,91,2025-08-16 17:57:22,1,1,1,책 제목 615,히가시노 게이고,로맨스,22154
41,B4377,175,94,2025-08-30 10:17:17,1,1,1,책 제목 429,조정래,철학,15791
70,B3138,103,88,2025-08-28 00:28:02,1,1,1,책 제목 151,무라카미 하루키,에세이,17269
73,B5331,280,93,2025-08-22 20:11:46,1,0,1,책 제목 483,공지영,철학,17725
92,B3767,69,15,2025-08-08 04:57:53,0,0,0,책 제목 796,무라카미 하루키,역사,16278
45,B8746,288,83,2025-08-05 19:44:50,1,1,1,책 제목 546,조정래,SF,17769
25,B3831,211,70,2025-08-17 00:40:22,1,1,1,책 제목 594,정세랑,추리,17226
62,B7943,280,92,2025-08-11 14:26:44,1,0,1,책 제목 449,정세랑,로맨스,24391
36,B9034,88,30,2025-08-24 20:19:16,0,0,0,책 제목 92,히가시노 게이고,역사,13543
65,B5347,9,28,2025-08-18 16:47:55,0,0,0,책 제목 68,조정래,로맨스,13188
69,B8901,47,14,2025-08-14 03:55:17,0,0,0,책 제목 149,공지영,자기계발,12446
75,B4106,262,97,2025-08-24 20:18:13,1,1,1,책 제목 420,조정래,에세이,23269
90,B6090,197,94,2025-08-18 12:18:03,1,0,1,책 제목 460,공지영,로맨스,20825
78,B4308,52,8,2025-08-02 01:57:56,0,0,0,책 제목 819,김훈,SF,13203
70,B8344,77,21,2025-08-11 22:26:33,0,0,0,책 제목 548,공지영,SF,22020
47,B6594,20,36,2025-08-27 16:54:38,0,0,0,책 제목 107,무라카미 하루키,로맨스,16476
70,B4065,159,79,2025-08-18 23:04:59,1,0,1,책 제목 323,베르나르 베르베르,소설,17587
59,B6216,43,30,2025-08-07 06:29:57,0,0,0,책 제목 522,히가시노 게이고,에세이,13117
85,B9378,73,32,2025-08-23 22:01:55,0,0,0,책 제목 944,공지영,로맨스,17453
75,B5745,107,98,2025-08-16 19:11:43,1,1,1,책 제목 984,한강,추리,12994
78,B3033,283,92,2025-08-23 17:07:14,1,0,1,책 제목 968,공지영,소설,21889
75,B2652,125,84,2025-08-01 12:13:56,1,0,1,책 제목 274,정세랑,자기계발,10985
16,B9121,31,16,2025-08-17 03:58:48,0,0,0,책 제목 301,김훈,철학,22076
44,B1376,50,21,2025-08-27 07:14:07,0,0,0,책 제목 421,무라카미 하루키,역사,19735
1,B3272,260,93,2025-08-27 07:39:18,1,1,1,책 제목 293,정세랑,역사,13361
22,B4477,21,19,2025-08-18 12:03:05,0,0,0,책 제목 291,김훈,역사,22118
90,B5396,13,11,2025-08-20 21:09:40,0,0,0,책 제목 593,김훈,에세이,13891
58,B9364,51,41,2025-08-24 17:58:53,0,0,0,책 제목 564,무라카미 하루키,SF,21039
72,B2335,126,87,2025-08-06 14:40:14,1,0,1,책 제목 724,공지영,역사,14082
33,B1375,58,39,2025-08-04 16:16:57,0,0,0,책 제목 211,정세랑,역사,13227
30,B4151,203,73,2025-08-27 06:24:24,1,0,1,책 제목 797,무라카미 하루키,로맨스,21458
65,B6810,221,92,2025-08-16 06:00:30,1,1,1,책 제목 117,베르나르 베르베르,SF,18561
58,B6954,82,22,2025-08-17 23:43:26,0,0,0,책 제목 656,베르나르 베르베르,SF,20885
42,B3236,61,4,2025-08-13 17:00:53,0,0,0,책 제목 551,히가시노 게이고,에세이,19957
6,B4810,287,91,2025-08-24 11:08:40,1,0,1,책 제목 391,무라카미 하루키,에세이,19865
36,B2722,22,34,2025-08-27 13:17:50,0,0,0,책 제목 488,한강,로맨스,21596
29,B8701,70,1,2025-08-20 22:15:42,0,0,0,책 제목 261,무라카미 하루키,역사,18598
32,B6274,93,12,2025-08-19 01:38:48,0,0,0,책 제목 742,김훈,자기계발,15729
4,B6394,153,98,2025-08-07 08:00:19,1,1,1,책 제목 873,공지영,철학,17196
13,B3122,127,75,2025-08-15 23:31:55,1,0,1,책 제목 466,정세랑,자기계발,19131
40,B5650,70,42,2025-08-09 13:34:05,0,0,0,책 제목 479,김훈,역사,19365
37,B6036,283,91,2025-08-18 00:12:19,1,0,1,책 제목 874,정세랑,로맨스,20860
48,B1959,14,37,2025-08-09 05:54:54,0,0,0,책 제목 431,공지영,로맨스,23368
58,B6769,299,86,2025-08-17 10:40:58,1,0,1,책 제목 78,베르나르 베르베르,철학,22278
89,B7257,38,44,2025-08-09 19:19:51,0,0,0,책 제목 804,공지영,추리,23576
27,B7771,228,79,2025-08-25 02:47:11,1,0,1,책 제목 408,한강,로맨스,20848
54,B8740,7,33,2025-08-21 14:29:52,0,0,0,책 제목 275,김훈,SF,15873
8,B7874,47,17,2025-08-03 13:41:11,0,0,0,책 제목 808,조정래,자기계발,15539
47,B7774,14,40,2025-08-28 08:28:24,0,0,0,책 제목 41,정세랑,로맨스,21696
59,B6212,29,39,2025-08-07 13:35:27,0,0,0,책 제목 644,베르나르 베르베르,에세이,16103
53,B7625,49,31,2025-08-19 12:34:08,0,0,0,책 제목 397,조정래,로맨스,14300
75,B4444,55,5,2025-08-29 21:13:43,0,0,0,책 제목 816,무라카미 하루키,철학,19411
53,B6498,127,89,2025-08-18 13:35:40,1,1,1,책 제목 793,공지영,소설,21981
98,B1773,267,79,2025-08-24 19:02:03,1,1,1,책 제목 903,히가시노 게이고,로맨스,14380
77,B3743,91,14,2025-08-01 23:12:56,0,0,0,책 제목 500,공지영,로맨스,14173
71,B6286,120,99,2025-08-01 09:21:31,1,0,1,책 제목 862,정세랑,역사,11125
76,B9843,45,26,2025-08-06 17:22:03,0,0,0,책 제목 383,정세랑,추리,22872
3,B9049,187,82,2025-08-12 04:06:28,1,1,1,책 제목 634,베르나르 베르베르,SF,23727
93,B9133,10,19,2025-08-24 09:11:02,0,0,0,책 제목 808,김훈,역사,10354
24,B1586,66,35,2025-08-14 07:31:51,0,0,0,책 제목 113,무라카미 하루키,에세이,16528
19,B4446,280,91,2025-08-26 14:52:53,1,1,1,책 제목 596,조정래,자기계발,11605
91,B6534,108,78,2025-08-29 16:05:54,1,0,1,책 제목 537,조정래,소설,19874
35,B7804,12,36,2025-08-11 15:12:26,0,0,0,책 제목 607,히가시노 게이고,자기계발,18539
89,B5586,116,79,2025-08-07 11:44:56,1,0,1,책 제목 942,정세랑,에세이,22086
21,B2500,32,9,2025-08-04 05:10:45,0,0,0,책 제목 719,히가시노 게이고,자기계발,13536
74,B7706,6,33,2025-08-14 16:00:59,0,0,0,책 제목 229,베르나르 베르베르,소설,10229
83,B9686,16,30,2025-08-23 00:27:33,0,0,0,책 제목 669,베르나르 베르베르,SF,19107
31,B2101,55,38,2025-08-25 13:45:20,0,0,0,책 제목 486,정세랑,소설,23356
100,B6635,146,81,2025-08-09 02:26:23,1,0,1,책 제목 38,정세랑,소설,18407
54,B4093,286,90,2025-08-27 14:25:54,1,0,1,책 제목 617,정세랑,소설,19141
48,B3454,55,11,2025-08-28 21:10:21,0,0,0,책 제목 392,공지영,SF,14214
6,B3928,117,91,2025-08-22 02:00:44,1,0,1,책 제목 55,베르나르 베르베르,철학,16256
19,B4697,273,78,2025-08-19 11:11:16,1,1,1,책 제목 641,조정래,철학,22057
7,B6164,73,9,2025-08-17 00:33:30,0,0,0,책 제목 556,베르나르 베르베르,SF,11467
70,B2252,118,72,2025-08-07 23:54:49,1,0,1,책 제목 952,히가시노 게이고,SF,24247
80,B7670,117,97,2025-08-02 04:33:00,1,0,1,책 제목 408,공지영,추리,23640
53,B2760,280,83,2025-08-23 20:24:19,1,0,1,책 제목 386,조정래,SF,16115
99,B1050,50,10,2025-08-02 12:21:18,0,0,0,책 제목 986,정세랑,추리,10839
19,B2639,54,36,2025-08-13 05:53:00,0,0,0,책 제목 61,조정래,철학,10871
81,B9785,54,41,2025-08-28 01:13:00,0,0,0,책 제목 212,무라카미 하루키,철학,22454
1,B1717,262,86,2025-08-09 15:36:50,1,1,1,책 제목 427,한강,자기계발,11939
48,B5067,230,70,2025-08-03 11:27:00,1,1,1,책 제목 36,베르나르 베르베르,추리,17385
77,B4195,50,21,2025-08-28 14:16:54,0,0,0,책 제목 659,한강,역사,17207
48,B9301,71,28,2025-08-16 19:14:25,0,0,0,책 제목 239,한강,로맨스,24355
35,B5732,16,25,2025-08-03 12:52:42,0,0,0,책 제목 840,공지영,역사,21292
49,B6167,64,34,2025-08-16 18:13:41,0,0,0,책 제목 1000,김훈,에세이,21034
89,B4629,28,17,2025-08-26 11:20:52,0,0,0,책 제목 41,히가시노 게이고,철학,13465
47,B6417,184,83,2025-08-30 16:19:55,1,1,1,책 제목 292,베르나르 베르베르,SF,10138
74,B8674,290,73,2025-08-25 18:43:28,1,0,1,책 제목 554,베르나르 베르베르,로맨스,10808
77,B5125,185,81,2025-08-20 02:33:44,1,1,1,책 제목 7,김훈,소설,12468
14,B5608,74,39,2025-08-13 13:34:03,0,0,0,책 제목 490,조정래,로맨스,19268
65,B6788,97,47,2025-08-25 23:32:24,0,0,0,책 제목 33,조정래,에세이,21534
83,B1173,86,49,2025-08-08 11:26:44,0,0,0,책 제목 181,한강,SF,17262
28,B9201,39,12,2025-08-08 04:42:27,0,0,0,책 제목 869,히가시노 게이고,추리,15534
39,B2422,269,94,2025-08-12 06:51:52,1,0,1,책 제목 631,김훈,역사,18042
6,B7166,124,71,2025-08-13 11:36:00,1,0,1,책 제목 111,정세랑,역사,14259
31,B2801,60,5,2025-08-19 14:27:25,0,0,0,책 제목 75,공지영,소설,23147
30,B5786,78,49,2025-08-07 05:39:29,0,0,0,책 제목 390,한강,SF,19027
31,B7198,180,77,2025-08-16 01:54:47,1,1,1,책 제목 625,조정래,에세이,23208
68,B5270,207,76,2025-08-14 05:24:07,1,1,1,책 제목 922,조정래,역사,16640
17,B3243,79,33,2025-08-30 10:49:04,0,0,0,책 제목 427,조정래,자기계발,10793
67,B8069,139,87,2025-08-02 15:17:29,1,1,1,책 제목 250,공지영,로맨스,14440
85,B6656,209,83,2025-08-17 05:01:05,1,1,1,책 제목 143,정세랑,추리,19943
49,B3257,291,88,2025-08-08 05:27:26,1,1,1,책 제목 254,정세랑,로맨스,20800
65,B5353,44,28,2025-08-29 08:28:31,0,0,0,책 제목 458,베르나르 베르베르,로맨스,21966
20,B3254,295,91,2025-08-17 07:53:42,1,1,1,책 제목 175,정세랑,에세이,20037
28,B4818,153,80,2025-08-06 08:07:23,1,0,1,책 제목 418,히가시노 게이고,에세이,20852
45,B8012,112,82,2025-08-09 16:34:25,1,1,1,책 제목 907,한강,자기계발,23919
91,B3878,77,6,2025-08-05 17:22:57,0,0,0,책 제목 298,무라카미 하루키,추리,15383
32,B5505,258,80,2025-08-02 13:00:48,1,0,1,책 제목 36,공지영,소설,15002
39,B2646,55,42,2025-08-06 14:28:23,0,0,0,책 제목 962,히가시노 게이고,철학,15955
34,B5736,92,1,2025-08-14 07:28:47,0,0,0,책 제목 918,무라카미 하루키,역사,12592
65,B3690,86,22,2025-08-19 09:12:01,0,0,0,책 제목 853,한강,소설,19543
40,B8157,126,96,2025-08-24 07:34:44,1,0,1,책 제목 313,조정래,에세이,14893
59,B5356,94,3,2025-08-20 20:48:54,0,0,0,책 제목 146,한강,소설,10556
42,B6877,72,33,2025-08-19 15:28:41,0,0,0,책 제목 978,히가시노 게이고,소설,10597
38,B6229,22,42,2025-08-21 21:44:02,0,0,0,책 제목 242,김훈,소설,15629
75,B3443,196,93,2025-08-23 23:08:37,1,1,1,책 제목 381,조정래,로맨스,12066
29,B7791,34,16,2025-08-24 07:36:41,0,0,0,책 제목 602,정세랑,추리,24178
69,B3200,11,35,2025-08-22 03:43:11,0,0,0,책 제목 196,베르나르 베르베르,에세이,19267
87,B4364,205,76,2025-08-05 19:18:25,1,1,1,책 제목 945,무라카미 하루키,에세이,23929
47,B6378,150,81,2025-08-28 23:09:42,1,1,1,책 제목 279,조정래,로맨스,11267
90,B7005,16,35,2025-08-20 09:04:11,0,0,0,책 제목 81,히가시노 게이고,SF,15356
37,B1116,242,93,2025-08-18 02:34:10,1,1,1,책 제목 857,무라카미 하루키,자기계발,21869
84,B2033,248,97,2025-08-16 17:18:31,1,0,1,책 제목 575,공지영,로맨스,23109
67,B6368,179,75,2025-08-17 07:40:23,1,1,1,책 제목 561,한강,소설,22812
57,B7701,189,83,2025-08-11 15:18:54,1,1,1,책 제목 964,조정래,철학,14405
51,B2936,46,18,2025-08-15 02:02:33,0,0,0,책 제목 117,김훈,역사,19860
75,B1260,28,38,2025-08-12 03:11:55,0,0,0,책 제목 944,조정래,소설,19492
15,B3175,49,14,2025-08-06 15:09:58,0,0,0,책 제목 680,공지영,에세이,15390
49,B2751,37,20,2025-08-24 08:11:59,0,0,0,책 제목 470,무라카미 하루키,자기계발,14942
83,B5808,105,85,2025-08-29 03:22:31,1,0,1,책 제목 187,공지영,소설,13962
43,B4251,47,36,2025-08-26 17:25:56,0,0,0,책 제목 197,베르나르 베르베르,추리,12510
71,B7035,27,13,2025-08-25 03:17:49,0,0,0,책 제목 657,베르나르 베르베르,자기계발,22000
20,B9890,57,24,2025-08-20 11:05:32,0,0,0,책 제목 515,정세랑,역사,12160
49,B1237,236,89,2025-08-27 12:42:31,1,0,1,책 제목 729,김훈,철학,14306
100,B1164,158,92,2025-08-17 18:43:16,1,0,1,책 제목 255,한강,자기계발,19752
60,B4593,63,4,2025-08-08 01:20:54,0,0,0,책 제목 228,정세랑,소설,23403
21,B4744,257,81,2025-08-10 20:52:26,1,1,1,책 제목 423,베르나르 베르베르,SF,22781
20,B7077,192,90,2025-08-17 18:55:03,1,1,1,책 제목 630,무라카미 하루키,에세이,18782
14,B9309,7,25,2025-08-20 04:25:28,0,0,0,책 제목 151,히가시노 게이고,철학,24588
24,B6781,181,81,2025-08-20 23:07:34,1,1,1,책 제목 904,김훈,에세이,21995
43,B9076,298,86,2025-08-07 14:27:31,1,1,1,책 제목 889,정세랑,추리,13432
95,B1437,5,42,2025-08-25 12:20:26,0,0,0,책 제목 595,정세랑,역사,23385
29,B4362,53,31,2025-08-22 03:38:48,0,0,0,책 제목 21,조정래,역사,22700
19,B6705,249,76,2025-08-08 20:32:38,1,1,1,책 제목 663,베르나르 베르베르,철학,10089
75,B9096,255,90,2025-08-16 03:54:33,1,1,1,책 제목 328,정세랑,역사,10922
94,B1524,257,75,2025-08-24 12:38:34,1,0,1,책 제목 68,정세랑,에세이,13426
34,B7688,93,48,2025-08-29 18:51:05,0,0,0,책 제목 693,무라카미 하루키,소설,18903
25,B8467,52,9,2025-08-10 09:11:53,0,0,0,책 제목 369,히가시노 게이고,로맨스,14841
22,B9019,71,4,2025-08-15 09:17:25,0,0,0,책 제목 8,베르나르 베르베르,철학,11740
65,B9346,62,23,2025-08-30 10:33:48,0,0,0,책 제목 811,정세랑,역사,20538
91,B8722,10,32,2025-08-05 09:19:39,0,0,0,책 제목 537,베르나르 베르베르,소설,11041
16,B9791,45,28,2025-08-24 01:07:06,0,0,0,책 제목 772,김훈,SF,14952
75,B1382,48,13,2025-08-21 14:26:36,0,0,0,책 제목 304,한강,에세이,10329
50,B4291,53,41,2025-08-11 11:50:44,0,0,0,책 제목 984,히가시노 게이고,SF,13584
1,B6092,250,93,2025-08-17 09:31:33,1,1,1,책 제목 977,공지영,소설,21538
66,B1085,85,20,2025-08-21 00:58:19,0,0,0,책 제목 115,정세랑,소설,15755
66,B5402,225,86,2025-08-09 05:41:56,1,0,1,책 제목 224,조정래,자기계발,24745
90,B7974,96,8,2025-08-14 18:40:11,0,0,0,책 제목 267,정세랑,철학,13908
35,B2209,275,87,2025-08-16 05:47:50,1,0,1,책 제목 547,정세랑,자기계발,14425
83,B1275,11,41,2025-08-01 00:53:32,0,0,0,책 제목 809,공지영,자기계발,12755
17,B6348,19,45,2025-08-01 06:30:46,0,0,0,책 제목 547,공지영,SF,21659
78,B4730,207,88,2025-08-18 12:35:01,1,0,1,책 제목 681,공지영,추리,13816
49,B7833,293,86,2025-08-26 22:53:53,1,0,1,책 제목 344,정세랑,에세이,12077
57,B1382,244,96,2025-08-16 22:52:49,1,1,1,책 제목 792,무라카미 하루키,에세이,19444
81,B9031,88,15,2025-08-01 18:17:47,0,0,0,책 제목 352,히가시노 게이고,추리,16860
100,B4133,10,42,2025-08-07 08:06:18,0,0,0,책 제목 626,공지영,추리,24247
95,B6826,71,44,2025-08-25 00:11:18,0,0,0,책 제목 408,김훈,소설,13620
8,B7587,72,42,2025-08-14 21:53:08,0,0,0,책 제목 719,공지영,에세이,24732
96,B8063,26,8,2025-08-11 12:01:12,0,0,0,책 제목 800,조정래,철학,10456
100,B6893,101,98,2025-08-13 14:29:23,1,0,1,책 제목 842,조정래,추리,19280
62,B1035,81,0,2025-08-04 14:41:07,0,0,0,책 제목 360,베르나르 베르베르,SF,23027
21,B5951,66,34,2025-08-03 17:12:25,0,0,0,책 제목 702,김훈,에세이,15644
20,B2615,287,87,2025-08-10 03:00:43,1,1,1,책 제목 639,무라카미 하루키,SF,11442
53,B8374,123,85,2025-08-25 15:29:42,1,1,1,책 제목 11,조정래,역사,12653
65,B8301,85,0,2025-08-14 21:10:38,0,0,0,책 제목 732,베르나르 베르베르,추리,19503
29,B6602,125,86,2025-08-19 02:46:53,1,0,1,책 제목 200,무라카미 하루키,로맨스,20886
12,B6675,70,33,2025-08-23 01:01:54,0,0,0,책 제목 530,히가시노 게이고,추리,13407
42,B4413,242,97,2025-08-28 21:05:25,1,0,1,책 제목 481,베르나르 베르베르,자기계발,10232
12,B2529,23,13,2025-08-20 19:19:03,0,0,0,책 제목 27,조정래,에세이,21536
11,B9457,76,18,2025-08-23 02:16:21,0,0,0,책 제목 93,베르나르 베르베르,역사,20350
26,B9121,59,24,2025-08-08 05:22:15,0,0,0,책 제목 283,베르나르 베르베르,역사,10271
89,B5941,76,49,2025-08-19 10:12:00,0,0,0,책 제목 802,김훈,로맨스,21370
67,B9951,181,97,2025-08-19 10:00:18,1,0,1,책 제목 168,베르나르 베르베르,SF,15806
53,B1674,208,89,2025-08-27 23:07:52,1,0,1,책 제목 558,한강,SF,23990
48,B7214,111,86,2025-08-08 19:38:30,1,0,1,책 제목 805,베르나르 베르베르,에세이,15644
90,B2240,70,22,2025-08-14 12:42:16,0,0,0,책 제목 426,정세랑,추리,14053
87,B7938,70,4,2025-08-28 15:03:56,0,0,0,책 제목 204,히가시노 게이고,추리,24176
78,B4071,95,32,2025-08-29 13:21:26,0,0,0,책 제목 449,히가시노 게이고,소설,19044
74,B4284,98,26,2025-08-24 04:04:14,0,0,0,책 제목 155,김훈,로맨스,14302
27,B2855,241,90,2025-08-02 19:54:16,1,1,1,책 제목 120,김훈,로맨스,21865
52,B7264,100,81,2025-08-28 17:14:10,1,0,1,책 제목 184,히가시노 게이고,SF,24154
37,B9601,280,87,2025-08-09 03:07:16,1,0,1,책 제목 732,김훈,로맨스,14268
98,B8022,256,79,2025-08-29 22:42:09,1,1,1,책 제목 799,공지영,역사,10517
82,B8050,92,30,2025-08-09 22:46:04,0,0,0,책 제목 770,베르나르 베르베르,SF,20170
9,B2786,149,90,2025-08-09 04:04:20,1,0,1,책 제목 882,정세랑,철학,23615
14,B8934,97,5,2025-08-21 09:30:04,0,0,0,책 제목 74,한강,역사,10784
1,B7020,294,86,2025-08-18 04:50:05,1,1,1,책 제목 793,한강,철학,21703
51,B4312,264,86,2025-08-21 21:36:48,1,1,1,책 제목 437,공지영,에세이,19847
12,B3288,238,93,2025-08-01 12:46:42,1,1,1,책 제목 297,한강,소설,10660
50,B5820,195,73,2025-08-14 10:07:42,1,1,1,책 제목 988,한강,SF,23917
80,B4196,37,37,2025-08-04 12:19:24,0,0,0,책 제목 43,베르나르 베르베르,자기계발,19632
38,B7849,267,87,2025-08-15 09:18:51,1,0,1,책 제목 659,조정래,추리,18032
15,B9414,163,72,2025-08-19 06:07:02,1,1,1,책 제목 647,베르나르 베르베르,자기계발,21921
58,B4742,92,32,2025-08-21 14:09:56,0,0,0,책 제목 913,김훈,철학,21698
64,B3362,196,90,2025-08-12 02:02:06,1,1,1,책 제목 653,한강,철학,23666
11,B8199,226,70,2025-08-11 20:27:15,1,1,1,책 제목 373,공지영,자기계발,22834
26,B5383,116,94,2025-08-13 06:35:38,1,0,1,책 제목 108,히가시노 게이고,역사,10534
16,B4465,264,70,2025-08-12 13:14:42,1,0,1,책 제목 256,정세랑,자기계발,19582
92,B3078,30,0,2025-08-10 03:44:03,0,0,0,책 제목 657,정세랑,에세이,19372
1,B1281,39,23,2025-08-04 12:29:04,0,0,0,책 제목 869,베르나르 베르베르,추리,16439
95,B4892,207,74,2025-08-12 15:04:06,1,0,1,책 제목 53,무라카미 하루키,자기계발,15315
3,B1871,257,89,2025-08-21 06:19:00,1,1,1,책 제목 786,정세랑,자기계발,21435
48,B9800,64,37,2025-08-07 03:39:22,0,0,0,책 제목 749,정세랑,추리,19935
47,B2046,219,93,2025-08-02 18:41:46,1,0,1,책 제목 969,조정래,역사,24600
48,B4566,252,70,2025-08-20 00:13:45,1,1,1,책 제목 643,한강,역사,12566
43,B1173,187,82,2025-08-05 11:42:53,1,0,1,책 제목 89,공지영,소설,12048
29,B4046,113,96,2025-08-18 08:14:52,1,1,1,책 제목 85,김훈,자기계발,21240
98,B4144,267,89,2025-08-14 05:30:52,1,1,1,책 제목 458,베르나르 베르베르,SF,14465
79,B4351,104,89,2025-08-13 02:05:27,1,0,1,책 제목 86,정세랑,자기계발,23559
43,B5101,43,39,2025-08-29 13:31:21,0,0,0,책 제목 594,조정래,자기계발,11902
100,B7032,14,28,2025-08-30 15:28:47,0,0,0,책 제목 462,조정래,추리,15089
67,B9574,23,44,2025-08-01 11:57:01,0,0,0,책 제목 88,공지영,에세이,14227
83,B7236,266,78,2025-08-03 15:38:24,1,1,1,책 제목 265,히가시노 게이고,역사,16602
96,B9117,121,80,2025-08-02 08:25:39,1,0,1,책 제목 972,김훈,SF,16809
50,B4859,230,88,2025-08-12 23:00:55,1,1,1,책 제목 180,김훈,에세이,14324
95,B9837,36,33,2025-08-23 16:33:11,0,0,0,책 제목 468,한강,자기계발,14922
2,B3284,59,36,2025-08-06 07:01:41,0,0,0,책 제목 114,조정래,추리,23055
26,B2166,56,24,2025-08-21 13:41:50,0,0,0,책 제목 339,김훈,로맨스,22399
83,B7719,65,18,2025-08-11 02:15:09,0,0,0,책 제목 799,정세랑,SF,14016
57,B7791,129,99,2025-08-14 21:44:42,1,1,1,책 제목 339,한강,에세이,11663
79,B5204,70,19,2025-08-11 11:13:21,0,0,0,책 제목 172,김훈,에세이,11536
34,B3743,61,33,2025-08-08 10:20:06,0,0,0,책 제목 473,조정래,자기계발,11081
47,B1087,151,75,2025-08-17 09:35:53,1,0,1,책 제목 148,한강,SF,15347
39,B9226,286,96,2025-08-06 12:21:53,1,1,1,책 제목 903,김훈,자기계발,16701
66,B5882,285,92,2025-08-06 15:04:35,1,0,1,책 제목 56,공지영,추리,13959
64,B9519,282,76,2025-08-12 17:05:30,1,0,1,책 제목 400,정세랑,추리,22956
16,B1030,154,77,2025-08-21 21:51:24,1,0,1,책 제목 880,조정래,역사,17618
30,B2933,251,72,2025-08-04 19:29:25,1,1,1,책 제목 484,한강,소설,10769
15,B5157,43,42,2025-08-20 21:02:34,0,0,0,책 제목 63,히가시노 게이고,SF,23502
47,B1255,218,83,2025-08-06 13:16:46,1,1,1,책 제목 910,조정래,역사,17143
42,B3488,8,48,2025-08-20 02:09:39,0,0,0,책 제목 486,공지영,로맨스,12722
42,B7848,86,12,2025-08-09 13:15:25,0,0,0,책 제목 395,히가시노 게이고,에세이,23892
30,B4258,25,0,2025-08-19 04:52:10,0,0,0,책 제목 934,김훈,철학,16034
85,B1682,81,22,2025-08-28 08:51:36,0,0,0,책 제목 869,김훈,로맨스,16875
77,B9178,39,48,2025-08-27 08:58:21,0,0,0,책 제목 459,베르나르 베르베르,자기계발,14133
12,B6980,35,36,2025-08-29 00:57:31,0,0,0,책 제목 429,베르나르 베르베르,에세이,19089
52,B4449,274,86,2025-08-22 06:29:13,1,1,1,책 제목 425,한강,로맨스,16091
68,B3122,150,80,2025-08-10 22:26:19,1,0,1,책 제목 158,베르나르 베르베르,역사,21849
2,B8597,124,84,2025-08-12 03:49:23,1,1,1,책 제목 350,공지영,로맨스,17340
97,B3678,151,70,2025-08-22 07:21:15,1,0,1,책 제목 65,조정래,추리,11211
7,B3780,5,26,2025-08-13 00:18:06,0,0,0,책 제목 557,정세랑,추리,12076
73,B8257,10,15,2025-08-03 22:46:49,0,0,0,책 제목 136,정세랑,SF,19476
93,B1322,54,49,2025-08-26 22:31:45,0,0,0,책 제목 287,공지영,로맨스,19587
56,B7998,30,28,2025-08-25 04:36:18,0,0,0,책 제목 682,한강,역사,14601
17,B8268,95,45,2025-08-25 04:34:13,0,0,0,책 제목 795,히가시노 게이고,소설,11189
23,B6274,202,83,2025-08-03 05:09:47,1,0,1,책 제목 59,정세랑,철학,21757
23,B2567,49,23,2025-08-14 17:20:22,0,0,0,책 제목 617,무라카미 하루키,SF,24987
27,B4841,104,84,2025-08-20 11:39:01,1,0,1,책 제목 307,히가시노 게이고,자기계발,11198
100,B1501,102,76,2025-08-30 11:53:41,1,1,1,책 제목 431,베르나르 베르베르,철학,15575
68,B2735,247,71,2025-08-16 03:54:37,1,0,1,책 제목 201,히가시노 게이고,SF,21261
59,B4343,206,86,2025-08-21 17:07:19,1,1,1,책 제목 52,히가시노 게이고,로맨스,15427
63,B7304,87,7,2025-08-25 15:28:33,0,0,0,책 제목 826,한강,SF,22161
61,B8223,236,95,2025-08-07 17:57:23,1,0,1,책 제목 706,조정래,철학,21472
54,B3841,230,77,2025-08-11 03:46:51,1,0,1,책 제목 138,정세랑,역사,17264
49,B6634,45,39,2025-08-04 11:21:05,0,0,0,책 제목 670,한강,로맨스,17035
81,B7855,253,75,2025-08-15 10:03:23,1,0,1,책 제목 807,무라카미 하루키,역사,10882
95,B9941,115,93,2025-08-24 19:15:01,1,1,1,책 제목 679,정세랑,로맨스,12708
56,B2599,35,36,2025-08-05 12:43:27,0,0,0,책 제목 312,조정래,SF,16009
45,B5359,197,95,2025-08-30 05:55:15,1,0,1,책 제목 365,히가시노 게이고,역사,20050
50,B5950,212,98,2025-08-16 21:10:36,1,1,1,책 제목 24,조정래,철학,14154
92,B9054,70,15,2025-08-16 02:15:40,0,0,0,책 제목 892,무라카미 하루키,자기계발,17586
20,B9463,297,77,2025-08-03 03:53:53,1,0,1,책 제목 146,한강,역사,23400
48,B1869,98,6,2025-08-15 06:24:23,0,0,0,책 제목 425,정세랑,역사,16154
55,B7987,44,2,2025-08-17 21:04:11,0,0,0,책 제목 162,무라카미 하루키,에세이,14326
94,B7556,205,73,2025-08-15 03:00:05,1,0,1,책 제목 775,김훈,철학,19692
8,B1780,177,89,2025-08-03 21:52:17,1,1,1,책 제목 606,한강,자기계발,13036
20,B1805,292,72,2025-08-23 13:11:00,1,1,1,책 제목 556,무라카미 하루키,로맨스,18110
31,B8201,41,44,2025-08-08 17:44:00,0,0,0,책 제목 681,정세랑,에세이,24746
97,B2424,28,2,2025-08-25 00:46:49,0,0,0,책 제목 825,공지영,철학,14929
8,B3288,8,15,2025-08-26 15:37:51,0,0,0,책 제목 676,공지영,자기계발,18148
33,B6655,183,85,2025-08-09 10:38:17,1,1,1,책 제목 344,정세랑,소설,10894
31,B7402,90,41,2025-08-29 14:16:02,0,0,0,책 제목 334,히가시노 게이고,자기계발,20355
71,B8300,187,74,2025-08-20 00:28:32,1,1,1,책 제목 745,베르나르 베르베르,역사,14648
86,B8742,218,75,2025-08-27 03:55:54,1,1,1,책 제목 957,베르나르 베르베르,소설,12933
51,B9905,168,74,2025-08-15 10:18:55,1,1,1,책 제목 886,히가시노 게이고,추리,23928
50,B3975,207,99,2025-08-18 03:27:15,1,1,1,책 제목 182,공지영,자기계발,10955
19,B4565,30,17,2025-08-16 13:21:31,0,0,0,책 제목 352,조정래,역사,15756
33,B3890,210,94,2025-08-17 21:18:16,1,0,1,책 제목 213,김훈,자기계발,19269
24,B5724,54,7,2025-08-26 08:02:20,0,0,0,책 제목 440,정세랑,자기계발,19487
96,B6348,47,6,2025-08-22 07:49:16,0,0,0,책 제목 114,베르나르 베르베르,역사,10560
71,B6821,75,33,2025-08-07 19:09:31,0,0,0,책 제목 735,공지영,에세이,23108
66,B4724,107,86,2025-08-30 17:54:42,1,0,1,책 제목 311,조정래,에세이,11276
52,B2722,99,16,2025-08-21 07:44:24,0,0,0,책 제목 221,공지영,철학,11596
66,B4985,55,49,2025-08-28 19:35:24,0,0,0,책 제목 60,한강,자기계발,12179
29,B4106,242,75,2025-08-08 10:05:47,1,0,1,책 제목 462,베르나르 베르베르,자기계발,18266
83,B3907,170,81,2025-08-08 10:13:13,1,0,1,책 제목 632,조정래,추리,24113
72,B8188,80,27,2025-08-25 01:36:08,0,0,0,책 제목 993,조정래,에세이,13385
8,B2326,122,94,2025-08-30 01:42:00,1,1,1,책 제목 352,히가시노 게이고,추리,15917
49,B5116,87,30,2025-08-10 07:51:36,0,0,0,책 제목 402,베르나르 베르베르,로맨스,19268
59,B5090,250,80,2025-08-25 22:12:28,1,1,1,책 제목 33,히가시노 게이고,역사,10923
15,B1520,32,3,2025-08-02 16:36:32,0,0,0,책 제목 922,무라카미 하루키,에세이,16763
92,B7655,87,9,2025-08-04 07:49:34,0,0,0,책 제목 253,공지영,로맨스,20634
47,B5795,159,76,2025-08-28 17:22:17,1,1,1,책 제목 772,무라카미 하루키,역사,17000
69,B3475,88,15,2025-08-28 18:28:10,0,0,0,책 제목 931,히가시노 게이고,소설,15108
39,B3524,67,47,2025-08-02 09:18:14,0,0,0,책 제목 232,김훈,역사,10303
62,B7748,294,75,2025-08-10 05:50:58,1,0,1,책 제목 648,김훈,로맨스,21485
15,B9254,270,87,2025-08-01 21:59:01,1,1,1,책 제목 108,베르나르 베르베르,에세이,22115
41,B2312,90,38,2025-08-26 06:38:27,0,0,0,책 제목 368,무라카미 하루키,소설,21937
31,B1849,108,97,2025-08-15 11:41:01,1,1,1,책 제목 788,공지영,로맨스,17500
93,B7445,261,85,2025-08-21 00:03:55,1,0,1,책 제목 59,조정래,역사,11462
52,B4607,89,47,2025-08-29 16:42:20,0,0,0,책 제목 308,무라카미 하루키,에세이,16380
43,B4557,291,74,2025-08-20 12:24:53,1,1,1,책 제목 283,베르나르 베르베르,자기계발,17004
15,B5931,53,23,2025-08-25 20:05:43,0,0,0,책 제목 353,베르나르 베르베르,추리,13065
99,B2575,53,20,2025-08-04 03:44:14,0,0,0,책 제목 310,히가시노 게이고,에세이,21277
13,B4063,48,41,2025-08-07 22:56:28,0,0,0,책 제목 939,정세랑,자기계발,16110
82,B9327,88,26,2025-08-13 02:52:26,0,0,0,책 제목 839,김훈,에세이,16500
75,B5071,45,2,2025-08-10 14:19:14,0,0,0,책 제목 173,김훈,철학,16176
61,B9786,197,80,2025-08-14 19:22:11,1,0,1,책 제목 241,한강,철학,24770
14,B4640,54,44,2025-08-02 16:42:19,0,0,0,책 제목 72,김훈,철학,20419
40,B2808,243,92,2025-08-27 01:45:28,1,1,1,책 제목 631,무라카미 하루키,추리,17114
56,B6024,292,86,2025-08-28 19:24:17,1,0,1,책 제목 402,베르나르 베르베르,소설,11772
2,B7175,201,80,2025-08-05 21:01:20,1,0,1,책 제목 416,공지영,자기계발,18125
51,B4085,185,74,2025-08-15 08:53:17,1,0,1,책 제목 931,조정래,역사,23494
71,B4448,81,11,2025-08-18 20:31:03,0,0,0,책 제목 279,공지영,추리,20190
83,B1077,167,90,2025-08-03 23:48:37,1,1,1,책 제목 850,베르나르 베르베르,역사,14882
77,B5635,230,82,2025-08-11 00:44:11,1,1,1,책 제목 786,무라카미 하루키,역사,22477
32,B6340,254,73,2025-08-16 07:05:09,1,1,1,책 제목 66,공지영,역사,11120
83,B5218,60,6,2025-08-10 16:05:44,0,0,0,책 제목 592,히가시노 게이고,철학,20940
100,B2101,24,23,2025-08-24 01:18:38,0,0,0,책 제목 134,히가시노 게이고,로맨스,16724
48,B4591,56,44,2025-08-06 09:43:38,0,0,0,책 제목 465,조정래,에세이,21183
67,B2525,199,71,2025-08-04 23:26:07,1,1,1,책 제목 655,한강,에세이,22936
13,B3346,18,2,2025-08-29 17:18:05,0,0,0,책 제목 16,베르나르 베르베르,로맨스,20964
64,B5141,31,27,2025-08-12 10:20:01,0,0,0,책 제목 300,조정래,SF,10079
66,B2921,97,12,2025-08-09 05:50:22,0,0,0,책 제목 978,김훈,추리,16017
94,B7246,96,47,2025-08-17 20:11:37,0,0,0,책 제목 77,조정래,SF,14665
22,B4220,153,79,2025-08-01 17:21:47,1,1,1,책 제목 93,한강,에세이,17982
94,B4642,46,11,2025-08-28 05:02:39,0,0,0,책 제목 128,한강,추리,21501
16,B2149,20,37,2025-08-01 09:08:50,0,0,0,책 제목 806,베르나르 베르베르,SF,17777
87,B4759,267,76,2025-08-03 13:32:32,1,1,1,책 제목 238,정세랑,철학,20996
48,B1380,89,25,2025-08-15 08:20:58,0,0,0,책 제목 288,히가시노 게이고,로맨스,10815
38,B7396,274,72,2025-08-07 23:52:45,1,0,1,책 제목 991,무라카미 하루키,추리,13152
43,B8025,88,24,2025-08-27 21:52:29,0,0,0,책 제목 975,한강,로맨스,21729
26,B9054,31,12,2025-08-10 01:06:48,0,0,0,책 제목 332,조정래,자기계발,10895
16,B1623,177,71,2025-08-16 13:17:42,1,0,1,책 제목 135,정세랑,자기계발,20532
90,B2283,248,89,2025-08-27 18:49:41,1,1,1,책 제목 743,베르나르 베르베르,자기계발,16549
17,B5990,82,36,2025-08-12 07:48:56,0,0,0,책 제목 347,무라카미 하루키,역사,12179
10,B5210,48,5,2025-08-25 06:45:51,0,0,0,책 제목 322,무라카미 하루키,SF,16507
20,B5145,71,44,2025-08-12 06:07:05,0,0,0,책 제목 89,공지영,에세이,11777
69,B5342,239,92,2025-08-08 11:31:15,1,0,1,책 제목 108,공지영,자기계발,14182
6,B2299,225,80,2025-08-19 00:51:49,1,0,1,책 제목 350,한강,추리,18767
75,B3849,65,22,2025-08-08 06:43:41,0,0,0,책 제목 20,조정래,역사,18123
93,B9486,96,4,2025-08-05 15:24:32,0,0,0,책 제목 71,무라카미 하루키,역사,15401
80,B1051,156,89,2025-08-19 22:14:48,1,0,1,책 제목 394,조정래,철학,22835
26,B8598,93,21,2025-08-21 18:52:42,0,0,0,책 제목 155,공지영,로맨스,14200
62,B5409,178,97,2025-08-06 08:43:09,1,0,1,책 제목 284,김훈,에세이,14854
60,B3060,42,3,2025-08-29 11:00:04,0,0,0,책 제목 587,공지영,철학,10544
26,B5961,61,2,2025-08-07 07:46:03,0,0,0,책 제목 487,한강,자기계발,12593
57,B8669,233,96,2025-08-30 15:10:44,1,1,1,책 제목 951,한강,에세이,12156
99,B2183,37,39,2025-08-01 18:42:39,0,0,0,책 제목 48,김훈,소설,16852
48,B8334,21,6,2025-08-22 09:14:29,0,0,0,책 제목 229,베르나르 베르베르,자기계발,16182
61,B3138,81,39,2025-08-14 16:13:17,0,0,0,책 제목 720,무라카미 하루키,로맨스,10244
34,B9036,57,35,2025-08-26 21:59:15,0,0,0,책 제목 537,김훈,소설,22468
39,B4881,54,14,2025-08-24 22:23:11,0,0,0,책 제목 853,베르나르 베르베르,역사,16731
38,B8822,198,77,2025-08-07 02:02:34,1,1,1,책 제목 187,공지영,소설,24387
29,B1686,74,29,2025-08-04 16:16:38,0,0,0,책 제목 255,무라카미 하루키,철학,16038
53,B2359,182,86,2025-08-18 22:08:05,1,0,1,책 제목 24,김훈,SF,20863
11,B3758,30,39,2025-08-20 09:18:45,0,0,0,책 제목 837,공지영,역사,23819
67,B3794,173,78,2025-08-06 00:57:03,1,0,1,책 제목 606,무라카미 하루키,SF,23281
1,B8266,283,97,2025-08-12 13:37:10,1,0,1,책 제목 172,조정래,철학,13267
26,B8745,69,24,2025-08-08 20:48:26,0,0,0,책 제목 562,베르나르 베르베르,SF,15510
58,B2294,37,29,2025-08-29 18:19:38,0,0,0,책 제목 251,정세랑,에세이,21595
35,B4689,60,22,2025-08-14 13:01:25,0,0,0,책 제목 834,조정래,SF,13527
78,B3924,135,77,2025-08-03 08:47:31,1,0,1,책 제목 743,히가시노 게이고,철학,24210
73,B3642,97,18,2025-08-22 03:46:43,0,0,0,책 제목 2,히가시노 게이고,철학,19695
98,B7947,265,91,2025-08-20 05:58:49,1,0,1,책 제목 824,김훈,역사,24250
91,B1416,184,98,2025-08-25 17:15:30,1,0,1,책 제목 440,베르나르 베르베르,추리,18533
17,B7516,235,98,2025-08-05 04:21:49,1,0,1,책 제목 889,베르나르 베르베르,소설,16711
54,B5397,66,31,2025-08-23 21:37:29,0,0,0,책 제목 734,정세랑,철학,12369
7,B6011,221,99,2025-08-27 06:29:58,1,1,1,책 제목 52,정세랑,SF,13806
72,B5840,12,37,2025-08-05 00:11:40,0,0,0,책 제목 683,정세랑,역사,14176
60,B6533,147,86,2025-08-30 03:48:04,1,1,1,책 제목 738,김훈,에세이,14927
73,B6328,8,16,2025-08-04 18:17:43,0,0,0,책 제목 337,정세랑,추리,21565
69,B8770,78,49,2025-08-29 10:44:16,0,0,0,책 제목 180,무라카미 하루키,에세이,18768
5,B1748,274,83,2025-08-02 09:24:03,1,1,1,책 제목 784,히가시노 게이고,SF,17954
46,B4257,210,85,2025-08-11 02:35:32,1,1,1,책 제목 768,베르나르 베르베르,SF,21332
42,B3656,272,92,2025-08-30 19:30:57,1,1,1,책 제목 487,무라카미 하루키,철학,17707
43,B4946,146,89,2025-08-03 20:10:04,1,0,1,책 제목 576,히가시노 게이고,로맨스,13273
69,B6488,91,2,2025-08-27 16:44:08,0,0,0,책 제목 479,정세랑,로맨스,14570
7,B4656,84,6,2025-08-06 14:11:15,0,0,0,책 제목 379,베르나르 베르베르,자기계발,21226
42,B8678,48,3,2025-08-14 14:59:04,0,0,0,책 제목 665,한강,에세이,17189
97,B5577,137,83,2025-08-16 04:49:39,1,0,1,책 제목 109,정세랑,소설,14596
55,B8662,256,88,2025-08-04 20:50:48,1,0,1,책 제목 523,베르나르 베르베르,SF,12601
19,B4292,12,15,2025-08-11 10:50:57,0,0,0,책 제목 24,무라카미 하루키,철학,23948
47,B8250,188,93,2025-08-06 07:10:20,1,1,1,책 제목 700,베르나르 베르베르,소설,14435
78,B7095,41,48,2025-08-18 16:19:33,0,0,0,책 제목 615,김훈,추리,23937
27,B3875,227,87,2025-08-08 23:39:04,1,0,1,책 제목 191,한강,역사,15854
90,B5562,75,35,2025-08-11 07:24:08,0,0,0,책 제목 239,베르나르 베르베르,자기계발,10394
99,B8869,25,36,2025-08-10 19:36:22,0,0,0,책 제목 204,공지영,에세이,18728
50,B1283,30,39,2025-08-04 20:58:58,0,0,0,책 제목 525,공지영,에세이,10822
79,B3862,51,28,2025-08-05 12:47:17,0,0,0,책 제목 425,무라카미 하루키,역사,21052
72,B6645,127,79,2025-08-25 06:50:14,1,0,1,책 제목 190,김훈,소설,11976
96,B9363,260,78,2025-08-17 16:26:18,1,1,1,책 제목 704,김훈,역사,22533
11,B1482,249,98,2025-08-22 23:28:37,1,1,1,책 제목 472,정세랑,추리,16855
52,B4980,265,93,2025-08-14 02:02:28,1,1,1,책 제목 637,조정래,철학,19949
19,B2672,202,93,2025-08-23 07:34:44,1,0,1,책 제목 915,조정래,철학,13977
85,B4070,297,71,2025-08-29 03:43:13,1,1,1,책 제목 493,히가시노 게이고,역사,24732
50,B2731,282,87,2025-08-03 06:14:06,1,1,1,책 제목 170,무라카미 하루키,에세이,19776
28,B6835,252,81,2025-08-29 03:44:25,1,0,1,책 제목 699,베르나르 베르베르,소설,11893
33,B3499,76,23,2025-08-19 09:05:16,0,0,0,책 제목 600,베르나르 베르베르,소설,16044
21,B5174,57,19,2025-08-22 17:42:46,0,0,0,책 제목 39,베르나르 베르베르,역사,16811
5,B4526,83,48,2025-08-17 22:08:28,0,0,0,책 제목 713,공지영,추리,19799
73,B2555,250,95,2025-08-28 22:59:32,1,1,1,책 제목 121,공지영,추리,13157
65,B4671,280,93,2025-08-22 01:15:02,1,1,1,책 제목 328,정세랑,추리,21116
69,B5906,26,36,2025-08-08 21:33:07,0,0,0,책 제목 89,히가시노 게이고,에세이,14631
82,B8228,68,15,2025-08-18 13:16:48,0,0,0,책 제목 413,베르나르 베르베르,소설,14183
74,B9998,287,94,2025-08-18 23:31:33,1,0,1,책 제목 718,무라카미 하루키,SF,11499
79,B4985,90,4,2025-08-02 11:57:46,0,0,0,책 제목 588,베르나르 베르베르,자기계발,24147
91,B5844,10,1,2025-08-20 06:49:56,0,0,0,책 제목 935,히가시노 게이고,로맨스,18566
6,B9825,30,25,2025-08-24 08:39:51,0,0,0,책 제목 415,히가시노 게이고,SF,23515
20,B2848,49,35,2025-08-10 20:25:12,0,0,0,책 제목 646,공지영,에세이,13037
82,B9801,85,36,2025-08-11 07:35:07,0,0,0,책 제목 602,히가시노 게이고,SF,18584
16,B9988,30,36,2025-08-12 11:02:50,0,0,0,책 제목 49,공지영,에세이,23021
76,B2298,213,77,2025-08-05 15:52:12,1,1,1,책 제목 326,정세랑,소설,24559
35,B1461,56,36,2025-08-25 08:33:37,0,0,0,책 제목 183,조정래,로맨스,16379
23,B4727,229,99,2025-08-27 06:41:03,1,1,1,책 제목 125,베르나르 베르베르,에세이,24896
21,B2433,93,32,2025-08-15 20:12:02,0,0,0,책 제목 887,히가시노 게이고,SF,11773
95,B5887,84,0,2025-08-10 11:42:25,0,0,0,책 제목 504,히가시노 게이고,로맨스,24132
2,B5765,212,94,2025-08-28 02:55:35,1,0,1,책 제목 153,정세랑,로맨스,16999
23,B2785,91,26,2025-08-06 00:56:53,0,0,0,책 제목 899,김훈,철학,12406
80,B6173,76,33,2025-08-06 13:36:58,0,0,0,책 제목 171,베르나르 베르베르,소설,20750
93,B4897,148,95,2025-08-13 12:44:20,1,0,1,책 제목 541,공지영,자기계발,15699
92,B2255,90,15,2025-08-23 14:31:37,0,0,0,책 제목 345,베르나르 베르베르,소설,17447
24,B8230,48,30,2025-08-27 17:36:42,0,0,0,책 제목 156,히가시노 게이고,자기계발,14862
19,B1727,153,91,2025-08-23 10:53:03,1,0,1,책 제목 549,무라카미 하루키,SF,16683
76,B8062,286,93,2025-08-10 23:35:22,1,1,1,책 제목 310,히가시노 게이고,철학,10876
33,B4879,294,79,2025-08-25 10:46:08,1,1,1,책 제목 754,히가시노 게이고,에세이,12229
3,B6465,71,37,2025-08-23 01:56:38,0,0,0,책 제목 850,베르나르 베르베르,자기계발,22822
91,B4769,240,82,2025-08-14 13:38:24,1,1,1,책 제목 353,조정래,소설,12032
96,B6513,6,21,2025-08-24 17:24:35,0,0,0,책 제목 121,베르나르 베르베르,소설,17768
82,B2440,267,95,2025-08-18 15:44:10,1,0,1,책 제목 123,조정래,소설,11364
30,B1944,51,38,2025-08-23 15:31:18,0,0,0,책 제목 712,한강,추리,18613
29,B2448,247,74,2025-08-08 15:55:32,1,0,1,책 제목 420,공지영,철학,11627
64,B3745,172,77,2025-08-05 16:02:02,1,1,1,책 제목 509,한강,철학,15189
43,B1623,31,27,2025-08-15 02:37:14,0,0,0,책 제목 140,조정래,자기계발,14723
76,B4526,51,2,2025-08-12 13:34:51,0,0,0,책 제목 388,한강,역사,12868
65,B9697,44,48,2025-08-07 08:24:54,0,0,0,책 제목 258,히가시노 게이고,자기계발,11875
58,B1726,12,38,2025-08-07 04:28:55,0,0,0,책 제목 815,한강,소설,13515
47,B4529,285,71,2025-08-15 15:45:02,1,1,1,책 제목 586,정세랑,역사,16257
42,B3751,90,49,2025-08-02 22:30:03,0,0,0,책 제목 720,정세랑,추리,20632
2,B9637,191,98,2025-08-13 18:04:04,1,0,1,책 제목 991,김훈,자기계발,16446
47,B2509,225,84,2025-08-10 03:37:51,1,1,1,책 제목 35,정세랑,SF,14479
44,B5820,111,91,2025-08-29 22:05:14,1,1,1,책 제목 297,무라카미 하루키,추리,13494
1,B2227,45,34,2025-08-11 21:12:05,0,0,0,책 제목 44,히가시노 게이고,소설,14695
93,B4760,78,28,2025-08-08 08:01:12,0,0,0,책 제목 441,히가시노 게이고,역사,17011
78,B7847,180,95,2025-08-08 09:27:53,1,0,1,책 제목 962,정세랑,추리,19817
5,B6986,107,99,2025-08-03 12:12:30,1,1,1,책 제목 900,조정래,소설,15904
2,B1321,148,94,2025-08-26 07:21:45,1,1,1,책 제목 697,히가시노 게이고,자기계발,23429
63,B4109,199,92,2025-08-11 05:14:54,1,1,1,책 제목 871,히가시노 게이고,역사,13839
55,B2118,28,37,2025-08-26 19:18:57,0,0,0,책 제목 988,정세랑,로맨스,17847
74,B8414,66,16,2025-08-29 12:10:15,0,0,0,책 제목 95,조정래,소설,18115
81,B2667,44,0,2025-08-10 05:07:40,0,0,0,책 제목 472,베르나르 베르베르,로맨스,10329
21,B1590,87,23,2025-08-24 09:38:33,0,0,0,책 제목 628,공지영,추리,13756
95,B5978,299,76,2025-08-22 07:05:03,1,1,1,책 제목 800,김훈,철학,15280
36,B4440,245,92,2025-08-17 03:45:36,1,0,1,책 제목 701,베르나르 베르베르,로맨스,11940
53,B4387,56,19,2025-08-12 08:23:11,0,0,0,책 제목 682,무라카미 하루키,추리,22919
51,B8659,81,35,2025-08-01 12:41:52,0,0,0,책 제목 222,김훈,자기계발,16273
85,B5323,68,19,2025-08-06 19:53:43,0,0,0,책 제목 567,히가시노 게이고,자기계발,19032
52,B4025,263,72,2025-08-05 21:39:30,1,0,1,책 제목 533,베르나르 베르베르,로맨스,23843
17,B7623,140,85,2025-08-26 08:28:02,1,1,1,책 제목 276,정세랑,추리,22399
13,B3506,72,43,2025-08-02 17:09:42,0,0,0,책 제목 845,한강,소설,23018
53,B5681,216,89,2025-08-09 15:46:53,1,0,1,책 제목 918,히가시노 게이고,자기계발,13610
49,B1263,71,7,2025-08-22 16:58:50,0,0,0,책 제목 475,무라카미 하루키,자기계발,14934
37,B8738,13,30,2025-08-06 09:05:10,0,0,0,책 제목 529,무라카미 하루키,철학,19096
61,B7810,32,22,2025-08-01 10:26:10,0,0,0,책 제목 677,무라카미 하루키,로맨스,16057
97,B7114,199,79,2025-08-26 11:27:59,1,0,1,책 제목 421,무라카미 하루키,철학,24506
78,B8078,65,17,2025-08-11 20:51:17,0,0,0,책 제목 997,베르나르 베르베르,자기계발,11361
86,B6930,254,91,2025-08-05 10:38:54,1,0,1,책 제목 943,무라카미 하루키,로맨스,17312
38,B2098,58,22,2025-08-16 19:15:58,0,0,0,책 제목 468,무라카미 하루키,철학,13536
59,B8704,30,0,2025-08-13 03:07:05,0,0,0,책 제목 896,한강,철학,11184
95,B9834,64,40,2025-08-01 11:18:56,0,0,0,책 제목 664,한강,추리,18146
100,B3851,141,94,2025-08-19 03:18:41,1,1,1,책 제목 13,베르나르 베르베르,소설,20535
54,B9623,285,73,2025-08-19 07:34:20,1,1,1,책 제목 503,베르나르 베르베르,소설,15251
43,B1001,111,84,2025-08-19 01:27:53,1,1,1,책 제목 186,조정래,철학,18680
95,B4729,282,95,2025-08-03 02:51:02,1,1,1,책 제목 863,정세랑,철학,11150
37,B7322,45,27,2025-08-10 01:25:33,0,0,0,책 제목 450,정세랑,에세이,18774
69,B8205,155,99,2025-08-15 18:05:32,1,1,1,책 제목 887,공지영,SF,15124
5,B8965,54,15,2025-08-21 16:22:40,0,0,0,책 제목 603,정세랑,추리,18853
56,B9461,266,89,2025-08-27 02:16:54,1,0,1,책 제목 632,한강,자기계발,16744
45,B2346,46,28,2025-08-16 23:23:08,0,0,0,책 제목 525,김훈,자기계발,24595
42,B9945,233,88,2025-08-11 14:00:24,1,0,1,책 제목 553,김훈,추리,24523
64,B5069,200,99,2025-08-19 16:12:40,1,1,1,책 제목 669,한강,역사,12080
62,B5169,110,76,2025-08-18 23:01:16,1,1,1,책 제목 709,베르나르 베르베르,철학,21587
20,B9004,40,33,2025-08-10 18:46:17,0,0,0,책 제목 523,무라카미 하루키,로맨스,24956
59,B4816,177,72,2025-08-14 21:27:55,1,0,1,책 제목 230,베르나르 베르베르,추리,10272
80,B5596,18,26,2025-08-04 01:33:46,0,0,0,책 제목 738,무라카미 하루키,철학,22882
76,B9908,166,71,2025-08-21 00:49:52,1,0,1,책 제목 640,공지영,자기계발,16614
16,B5240,153,84,2025-08-19 14:10:41,1,0,1,책 제목 745,한강,로맨스,17940
15,B5357,83,35,2025-08-21 18:15:23,0,0,0,책 제목 521,히가시노 게이고,SF,15944
75,B7556,12,28,2025-08-08 10:11:02,0,0,0,책 제목 536,조정래,추리,10561
50,B5446,87,12,2025-08-06 21:13:30,0,0,0,책 제목 707,김훈,추리,14889
86,B7310,170,84,2025-08-24 05:44:38,1,0,1,책 제목 541,공지영,역사,19829
57,B7811,232,72,2025-08-30 09:29:44,1,1,1,책 제목 216,조정래,추리,19587
25,B5431,286,95,2025-08-24 05:07:27,1,0,1,책 제목 31,공지영,에세이,24597
31,B4266,45,41,2025-08-08 00:09:58,0,0,0,책 제목 688,조정래,SF,24650
6,B3297,268,76,2025-08-05 08:52:19,1,1,1,책 제목 389,히가시노 게이고,로맨스,11804
72,B4054,206,77,2025-08-02 06:37:48,1,0,1,책 제목 489,히가시노 게이고,역사,21284
74,B4073,99,11,2025-08-14 19:50:01,0,0,0,책 제목 95,한강,소설,16276
1,B7964,191,91,2025-08-20 08:38:37,1,1,1,책 제목 373,한강,추리,24790
12,B5653,36,43,2025-08-17 12:30:00,0,0,0,책 제목 643,히가시노 게이고,소설,17450
70,B7994,75,35,2025-08-01 02:03:19,0,0,0,책 제목 702,김훈,역사,16338
2,B4518,32,1,2025-08-30 13:13:08,0,0,0,책 제목 140,정세랑,추리,10824
52,B1862,183,75,2025-08-02 07:47:36,1,0,1,책 제목 409,한강,자기계발,23407
75,B6061,61,5,2025-08-03 06:46:10,0,0,0,책 제목 489,베르나르 베르베르,로맨스,20730
37,B2564,76,13,2025-08-24 14:30:36,0,0,0,책 제목 761,히가시노 게이고,로맨스,21901
33,B5477,36,43,2025-08-20 16:53:28,0,0,0,책 제목 376,베르나르 베르베르,자기계발,14798
36,B2658,29,41,2025-08-26 11:50:26,0,0,0,책 제목 454,정세랑,철학,14179
46,B1819,261,78,2025-08-17 10:40:27,1,0,1,책 제목 592,정세랑,철학,17178
2,B1421,29,2,2025-08-08 13:24:19,0,0,0,책 제목 253,베르나르 베르베르,SF,21113
60,B8867,71,45,2025-08-07 17:55:33,0,0,0,책 제목 670,조정래,로맨스,21914
91,B1924,286,82,2025-08-06 20:11:17,1,1,1,책 제목 130,정세랑,자기계발,13932
13,B5421,282,86,2025-08-21 11:08:29,1,0,1,책 제목 471,공지영,추리,20570
44,B4359,213,70,2025-08-10 06:44:09,1,0,1,책 제목 964,김훈,SF,18345
78,B8234,97,26,2025-08-22 21:43:28,0,0,0,책 제목 185,베르나르 베르베르,소설,11779
93,B4514,32,44,2025-08-06 10:48:17,0,0,0,책 제목 792,히가시노 게이고,철학,16118
69,B3846,123,73,2025-08-16 02:07:39,1,1,1,책 제목 928,공지영,소설,20770
65,B3524,41,22,2025-08-28 15:08:16,0,0,0,책 제목 602,김훈,소설,20315
58,B4060,50,40,2025-08-07 06:38:21,0,0,0,책 제목 415,정세랑,에세이,15062
37,B8499,186,84,2025-08-12 04:09:58,1,1,1,책 제목 962,무라카미 하루키,에세이,16447
51,B4007,101,96,2025-08-05 12:55:36,1,1,1,책 제목 663,공지영,추리,12496
55,B1472,195,97,2025-08-15 13:11:40,1,0,1,책 제목 559,공지영,역사,18734
59,B6051,127,70,2025-08-23 07:28:36,1,0,1,책 제목 473,한강,자기계발,14744
100,B8109,22,21,2025-08-15 10:38:00,0,0,0,책 제목 140,김훈,에세이,23200
49,B1151,49,43,2025-08-28 02:32:58,0,0,0,책 제목 639,김훈,에세이,18096
51,B8776,199,85,2025-08-18 23:35:31,1,0,1,책 제목 834,정세랑,추리,21127
52,B7742,197,92,2025-08-18 23:43:25,1,1,1,책 제목 322,정세랑,로맨스,14211
46,B2157,290,81,2025-08-26 15:15:49,1,1,1,책 제목 377,무라카미 하루키,철학,11234
49,B3988,291,88,2025-08-16 23:39:33,1,1,1,책 제목 972,무라카미 하루키,자기계발,15831
68,B8159,279,98,2025-08-23 23:39:17,1,0,1,책 제목 523,정세랑,소설,20793
25,B1741,97,23,2025-08-12 09:35:43,0,0,0,책 제목 483,공지영,로맨스,24551
94,B2493,156,91,2025-08-03 05:02:00,1,0,1,책 제목 375,조정래,소설,23596
97,B6259,127,87,2025-08-26 14:12:10,1,1,1,책 제목 302,히가시노 게이고,추리,21707
39,B7568,274,99,2025-08-02 22:34:07,1,0,1,책 제목 623,히가시노 게이고,역사,17151
37,B2075,21,48,2025-08-03 14:32:01,0,0,0,책 제목 215,김훈,소설,12956
36,B7977,99,16,2025-08-26 08:41:46,0,0,0,책 제목 188,공지영,에세이,13091
8,B7991,270,94,2025-08-20 15:06:34,1,1,1,책 제목 100,조정래,SF,11788
41,B1840,144,96,2025-08-18 11:03:10,1,0,1,책 제목 800,조정래,에세이,15047
1,B2525,246,83,2025-08-18 05:53:37,1,1,1,책 제목 674,히가시노 게이고,로맨스,16065
42,B5542,63,28,2025-08-18 07:50:53,0,0,0,책 제목 541,조정래,자기계발,23017
24,B2964,89,19,2025-08-18 11:20:39,0,0,0,책 제목 461,정세랑,역사,17225
9,B2771,82,11,2025-08-25 05:09:55,0,0,0,책 제목 493,정세랑,소설,12419
36,B9277,130,93,2025-08-16 01:25:33,1,0,1,책 제목 875,무라카미 하루키,역사,20988
94,B4536,62,4,2025-08-09 12:01:20,0,0,0,책 제목 76,조정래,철학,20399
50,B8073,61,39,2025-08-09 22:26:05,0,0,0,책 제목 717,공지영,역사,18534
3,B8054,151,94,2025-08-08 09:44:32,1,0,1,책 제목 844,무라카미 하루키,역사,15558
8,B8004,222,83,2025-08-03 17:05:18,1,1,1,책 제목 254,정세랑,철학,22330
36,B5223,195,72,2025-08-06 09:01:02,1,0,1,책 제목 595,히가시노 게이고,철학,19732
93,B7843,76,34,2025-08-03 19:25:26,0,0,0,책 제목 775,히가시노 게이고,SF,17899
85,B1680,74,31,2025-08-06 17:10:44,0,0,0,책 제목 969,정세랑,로맨스,19639
34,B4484,59,0,2025-08-06 19:42:19,0,0,0,책 제목 45,공지영,역사,19780
28,B3317,109,94,2025-08-11 21:01:35,1,0,1,책 제목 45,김훈,자기계발,14883
26,B7876,112,74,2025-08-12 07:02:56,1,0,1,책 제목 20,베르나르 베르베르,소설,13607
75,B5980,262,70,2025-08-01 19:08:40,1,0,1,책 제목 412,한강,에세이,20851
29,B1470,46,3,2025-08-19 19:15:08,0,0,0,책 제목 347,한강,에세이,20947
82,B9317,39,42,2025-08-28 08:28:39,0,0,0,책 제목 378,공지영,에세이,10716
99,B1241,142,86,2025-08-06 02:02:38,1,0,1,책 제목 809,베르나르 베르베르,소설,22540
21,B5397,92,24,2025-08-09 19:22:36,0,0,0,책 제목 652,조정래,자기계발,17001
85,B6976,28,29,2025-08-27 09:00:45,0,0,0,책 제목 818,무라카미 하루키,철학,20892
41,B2949,28,13,2025-08-14 02:57:39,0,0,0,책 제목 20,김훈,역사,21716
86,B5014,147,80,2025-08-21 15:34:54,1,1,1,책 제목 211,정세랑,에세이,11001
37,B3868,94,11,2025-08-09 22:17:49,0,0,0,책 제목 60,베르나르 베르베르,소설,17512
31,B6541,24,14,2025-08-25 09:28:36,0,0,0,책 제목 342,김훈,로맨스,22748
16,B1562,256,85,2025-08-04 21:27:10,1,1,1,책 제목 977,공지영,에세이,17354
43,B4162,211,84,2025-08-24 22:37:51,1,0,1,책 제목 291,김훈,소설,14160
51,B7068,79,23,2025-08-16 08:47:56,0,0,0,책 제목 935,김훈,철학,17705
60,B2348,112,87,2025-08-16 11:41:24,1,0,1,책 제목 382,히가시노 게이고,자기계발,18588
21,B8849,165,84,2025-08-16 11:18:57,1,1,1,책 제목 336,조정래,역사,21171
60,B9292,76,23,2025-08-03 04:27:54,0,0,0,책 제목 81,공지영,SF,24864
9,B7001,296,96,2025-08-21 22:42:51,1,0,1,책 제목 528,공지영,자기계발,17371
66,B2991,86,6,2025-08-23 18:54:41,0,0,0,책 제목 633,무라카미 하루키,소설,23895
60,B2085,91,14,2025-08-07 19:33:49,0,0,0,책 제목 302,히가시노 게이고,에세이,18664
22,B3646,84,28,2025-08-11 08:41:58,0,0,0,책 제목 129,베르나르 베르베르,로맨스,21543
35,B8632,22,14,2025-08-12 13:40:47,0,0,0,책 제목 31,한강,소설,14613
80,B1781,115,82,2025-08-22 22:33:38,1,1,1,책 제목 346,김훈,에세이,13567
44,B4932,209,93,2025-08-22 06:05:09,1,1,1,책 제목 201,정세랑,에세이,22226
89,B1650,145,90,2025-08-02 08:01:34,1,1,1,책 제목 906,무라카미 하루키,로맨스,13170
58,B7847,243,75,2025-08-21 22:39:55,1,0,1,책 제목 200,베르나르 베르베르,에세이,16465
24,B9349,136,89,2025-08-14 23:17:48,1,0,1,책 제목 58,정세랑,SF,16262
36,B5936,73,43,2025-08-13 09:23:59,0,0,0,책 제목 203,무라카미 하루키,에세이,12428
20,B7774,41,2,2025-08-13 09:26:44,0,0,0,책 제목 899,한강,역사,15939
13,B6890,122,85,2025-08-06 00:51:11,1,1,1,책 제목 182,베르나르 베르베르,역사,16416
15,B3724,7,26,2025-08-17 01:06:35,0,0,0,책 제목 884,히가시노 게이고,철학,10702
79,B9856,37,6,2025-08-09 00:06:12,0,0,0,책 제목 674,무라카미 하루키,자기계발,22915
89,B7939,246,93,2025-08-09 07:06:13,1,0,1,책 제목 661,히가시노 게이고,소설,11051
61,B2101,28,8,2025-08-19 11:27:16,0,0,0,책 제목 535,히가시노 게이고,소설,15778
67,B6947,95,35,2025-08-22 23:56:40,0,0,0,책 제목 569,한강,에세이,19396
52,B4759,298,98,2025-08-04 05:21:58,1,0,1,책 제목 89,정세랑,철학,13998
55,B5029,192,95,2025-08-10 16:36:33,1,1,1,책 제목 377,한강,철학,13167
97,B2076,185,96,2025-08-17 00:13:14,1,1,1,책 제목 267,한강,철학,14784
67,B7809,271,88,2025-08-19 10:37:25,1,1,1,책 제목 121,한강,철학,17009
9,B3839,79,5,2025-08-30 12:56:32,0,0,0,책 제목 107,정세랑,역사,14725
79,B5954,146,75,2025-08-02 07:19:42,1,1,1,책 제목 492,조정래,소설,17358
77,B4306,182,77,2025-08-14 19:05:02,1,1,1,책 제목 798,히가시노 게이고,SF,12708
14,B2353,65,28,2025-08-08 06:16:35,0,0,0,책 제목 543,무라카미 하루키,소설,12377
65,B9585,36,37,2025-08-30 12:14:58,0,0,0,책 제목 376,한강,에세이,21001
66,B4460,61,34,2025-08-30 19:41:11,0,0,0,책 제목 997,공지영,역사,13680
49,B7689,156,94,2025-08-18 01:02:22,1,1,1,책 제목 130,베르나르 베르베르,SF,20576
86,B1834,24,19,2025-08-27 09:58:41,0,0,0,책 제목 483,김훈,소설,24513
50,B2137,293,75,2025-08-01 21:41:56,1,0,1,책 제목 459,정세랑,에세이,17538
41,B6178,55,5,2025-08-03 08:49:40,0,0,0,책 제목 916,무라카미 하루키,자기계발,14264
27,B2267,83,38,2025-08-03 21:28:59,0,0,0,책 제목 474,히가시노 게이고,소설,18708
38,B4649,168,77,2025-08-17 16:45:21,1,0,1,책 제목 662,한강,SF,21951
59,B1253,142,86,2025-08-21 04:26:07,1,0,1,책 제목 939,공지영,로맨스,23699
49,B2223,97,23,2025-08-19 10:55:50,0,0,0,책 제목 155,무라카미 하루키,철학,21662
20,B9875,209,70,2025-08-20 16:53:37,1,0,1,책 제목 340,한강,로맨스,20566
83,B1012,70,16,2025-08-07 23:35:59,0,0,0,책 제목 783,한강,역사,18234
21,B8820,14,46,2025-08-15 19:30:02,0,0,0,책 제목 935,정세랑,추리,23407
58,B8446,283,80,2025-08-08 14:46:43,1,1,1,책 제목 28,정세랑,로맨스,18017
86,B5504,222,84,2025-08-20 00:38:26,1,1,1,책 제목 669,한강,추리,23650
90,B8324,27,47,2025-08-12 09:16:02,0,0,0,책 제목 514,베르나르 베르베르,로맨스,24761
97,B7640,75,22,2025-08-23 11:51:48,0,0,0,책 제목 677,한강,자기계발,20122
25,B8167,108,75,2025-08-20 01:40:08,1,0,1,책 제목 337,무라카미 하루키,SF,17099
4,B3457,55,3,2025-08-20 19:49:42,0,0,0,책 제목 594,히가시노 게이고,에세이,17416
87,B6663,75,35,2025-08-24 20:47:24,0,0,0,책 제목 72,공지영,추리,23847
20,B5737,86,49,2025-08-19 08:02:36,0,0,0,책 제목 993,베르나르 베르베르,철학,16182
24,B1375,193,92,2025-08-08 15:46:56,1,0,1,책 제목 596,김훈,자기계발,19398
33,B1500,106,96,2025-08-25 05:58:24,1,0,1,책 제목 315,한강,SF,11754
92,B5492,233,87,2025-08-07 15:21:35,1,1,1,책 제목 512,정세랑,SF,14804
2,B2833,94,21,2025-08-20 01:46:22,0,0,0,책 제목 473,김훈,추리,19322
69,B9561,59,18,2025-08-28 10:06:20,0,0,0,책 제목 67,무라카미 하루키,소설,11793
91,B2685,95,23,2025-08-15 21:14:10,0,0,0,책 제목 362,정세랑,철학,21949
43,B2676,41,1,2025-08-19 05:17:35,0,0,0,책 제목 413,베르나르 베르베르,소설,21084
25,B6693,86,49,2025-08-30 09:50:07,0,0,0,책 제목 978,공지영,소설,17848
13,B9353,9,23,2025-08-07 16:43:41,0,0,0,책 제목 177,공지영,추리,12538
72,B8741,271,87,2025-08-05 04:05:06,1,1,1,책 제목 135,정세랑,추리,23614
31,B1413,244,95,2025-08-05 04:57:56,1,1,1,책 제목 440,공지영,소설,17643
40,B3016,42,1,2025-08-02 19:57:33,0,0,0,책 제목 200,한강,철학,24385
6,B1132,222,76,2025-08-07 06:10:59,1,0,1,책 제목 620,정세랑,소설,22316
47,B1042,216,74,2025-08-22 04:35:57,1,1,1,책 제목 319,김훈,철학,13892
27,B3106,138,72,2025-08-30 05:13:08,1,0,1,책 제목 993,정세랑,에세이,14203
1,B4923,57,18,2025-08-17 13:45:07,0,0,0,책 제목 738,베르나르 베르베르,SF,11915
45,B9876,101,70,2025-08-25 04:21:59,1,1,1,책 제목 778,한강,SF,24011
78,B1306,157,87,2025-08-27 11:53:01,1,1,1,책 제목 748,무라카미 하루키,로맨스,12749
18,B8744,14,26,2025-08-20 08:12:59,0,0,0,책 제목 153,정세랑,자기계발,23574
33,B1266,254,78,2025-08-09 12:51:03,1,1,1,책 제목 887,무라카미 하루키,SF,17755
41,B2980,23,48,2025-08-18 17:05:32,0,0,0,책 제목 963,베르나르 베르베르,에세이,20058
86,B8200,43,19,2025-08-07 21:47:02,0,0,0,책 제목 258,공지영,에세이,22422
78,B8082,123,93,2025-08-18 14:06:33,1,0,1,책 제목 229,공지영,추리,13075
69,B1515,134,91,2025-08-28 06:03:10,1,0,1,책 제목 713,공지영,역사,20701
46,B1385,20,38,2025-08-13 14:31:40,0,0,0,책 제목 209,김훈,소설,16948
47,B3613,223,96,2025-08-25 20:53:35,1,1,1,책 제목 115,조정래,철학,19986
58,B8728,19,47,2025-08-28 20:56:03,0,0,0,책 제목 722,조정래,철학,11876
56,B3853,268,98,2025-08-29 06:42:16,1,1,1,책 제목 694,조정래,자기계발,15260
71,B5412,83,4,2025-08-04 10:33:00,0,0,0,책 제목 654,히가시노 게이고,소설,10994
30,B5733,114,71,2025-08-11 15:24:44,1,0,1,책 제목 642,무라카미 하루키,로맨스,20047
96,B6803,289,95,2025-08-09 00:09:17,1,0,1,책 제목 309,히가시노 게이고,자기계발,23887
50,B1601,76,7,2025-08-06 11:38:39,0,0,0,책 제목 676,무라카미 하루키,SF,18677
21,B4527,157,91,2025-08-15 09:18:05,1,1,1,책 제목 886,베르나르 베르베르,역사,11037
76,B1580,69,14,2025-08-13 01:28:57,0,0,0,책 제목 188,조정래,로맨스,22402
54,B3178,168,98,2025-08-28 13:35:32,1,1,1,책 제목 401,베르나르 베르베르,SF,20195
72,B8333,164,89,2025-08-28 12:48:27,1,1,1,책 제목 272,베르나르 베르베르,역사,21023
63,B2306,171,99,2025-08-26 17:40:50,1,1,1,책 제목 856,정세랑,에세이,23970
43,B6465,162,98,2025-08-13 00:34:56,1,1,1,책 제목 982,한강,역사,14422
4,B1459,25,13,2025-08-02 15:08:46,0,0,0,책 제목 805,김훈,철학,12924
82,B4743,29,7,2025-08-17 06:29:24,0,0,0,책 제목 30,공지영,소설,22676
87,B2665,70,31,2025-08-18 20:14:21,0,0,0,책 제목 968,김훈,로맨스,13667
5,B5770,52,6,2025-08-02 02:28:55,0,0,0,책 제목 293,조정래,철학,19137
87,B4508,30,5,2025-08-01 20:14:07,0,0,0,책 제목 598,히가시노 게이고,에세이,15179
32,B8361,171,72,2025-08-13 14:54:05,1,1,1,책 제목 820,베르나르 베르베르,SF,10187
12,B6509,131,92,2025-08-12 04:20:20,1,1,1,책 제목 578,김훈,소설,19763
12,B7843,9,34,2025-08-30 17:11:28,0,0,0,책 제목 306,한강,에세이,15965
50,B8116,93,22,2025-08-07 19:01:41,0,0,0,책 제목 48,공지영,추리,24787
64,B2417,139,96,2025-08-12 16:26:52,1,1,1,책 제목 360,한강,철학,24060
62,B7117,32,2,2025-08-24 17:03:33,0,0,0,책 제목 76,한강,철학,13331
94,B2306,216,73,2025-08-02 01:16:46,1,1,1,책 제목 560,공지영,로맨스,16633
96,B6511,47,48,2025-08-07 13:46:51,0,0,0,책 제목 832,베르나르 베르베르,에세이,12032
20,B5602,278,90,2025-08-14 10:49:49,1,0,1,책 제목 963,히가시노 게이고,소설,13802
87,B3299,175,86,2025-08-03 14:14:22,1,1,1,책 제목 747,베르나르 베르베르,에세이,18834
66,B1265,146,94,2025-08-14 15:14:09,1,1,1,책 제목 99,한강,에세이,10009
36,B9482,198,81,2025-08-27 19:42:16,1,0,1,책 제목 49,조정래,로맨스,21130
15,B6438,168,84,2025-08-28 20:13:51,1,0,1,책 제목 49,조정래,SF,24038
82,B9579,67,41,2025-08-01 09:28:32,0,0,0,책 제목 120,조정래,소설,18515
55,B3161,10,26,2025-08-07 00:09:53,0,0,0,책 제목 551,한강,추리,21095
68,B7665,219,76,2025-08-18 19:15:12,1,0,1,책 제목 15,김훈,에세이,21276
95,B9199,251,74,2025-08-27 19:10:58,1,1,1,책 제목 277,무라카미 하루키,추리,20169
63,B4516,69,2,2025-08-26 16:46:17,0,0,0,책 제목 197,조정래,자기계발,11886
33,B7767,82,21,2025-08-29 09:33:31,0,0,0,책 제목 30,김훈,에세이,23584
29,B8857,254,71,2025-08-05 12:30:42,1,1,1,책 제목 11,김훈,자기계발,12176
41,B4143,19,2,2025-08-21 19:42:34,0,0,0,책 제목 221,조정래,에세이,20654
35,B5558,12,11,2025-08-01 20:38:00,0,0,0,책 제목 575,조정래,자기계발,23285
1,B8820,293,95,2025-08-27 07:45:16,1,0,1,책 제목 928,정세랑,에세이,24519
90,B2926,56,21,2025-08-17 17:40:53,0,0,0,책 제목 765,김훈,철학,15145
49,B8052,8,19,2025-08-14 18:21:37,0,0,0,책 제목 934,한강,자기계발,24706
13,B4759,110,90,2025-08-01 11:09:09,1,1,1,책 제목 10,정세랑,소설,14780
45,B5625,173,88,2025-08-09 21:06:06,1,0,1,책 제목 232,베르나르 베르베르,로맨스,14078
30,B4140,99,5,2025-08-15 07:37:45,0,0,0,책 제목 96,조정래,자기계발,11359
67,B3929,57,1,2025-08-24 19:23:37,0,0,0,책 제목 408,김훈,SF,24841
17,B7038,203,91,2025-08-25 13:21:30,1,1,1,책 제목 716,히가시노 게이고,소설,19762
52,B6650,258,97,2025-08-11 09:06:56,1,1,1,책 제목 173,공지영,자기계발,13390
38,B5296,14,6,2025-08-01 03:25:36,0,0,0,책 제목 680,무라카미 하루키,자기계발,21939
26,B6437,24,8,2025-08-05 02:47:22,0,0,0,책 제목 660,공지영,소설,23380
17,B4208,185,87,2025-08-30 20:46:28,1,1,1,책 제목 446,정세랑,추리,18684
25,B2724,96,30,2025-08-11 12:05:55,0,0,0,책 제목 319,정세랑,로맨스,17978
53,B9644,217,89,2025-08-03 19:44:37,1,1,1,책 제목 120,히가시노 게이고,SF,12690
38,B6668,61,18,2025-08-01 16:08:43,0,0,0,책 제목 921,정세랑,추리,23521
83,B8094,194,84,2025-08-16 20:58:55,1,1,1,책 제목 395,베르나르 베르베르,에세이,16396
63,B5683,24,41,2025-08-18 20:51:52,0,0,0,책 제목 865,공지영,자기계발,16633
53,B3557,35,40,2025-08-30 02:13:15,0,0,0,책 제목 98,히가시노 게이고,로맨스,12433
95,B8357,51,7,2025-08-25 00:30:14,0,0,0,책 제목 977,한강,자기계발,11652
12,B6792,56,38,2025-08-14 00:44:07,0,0,0,책 제목 646,히가시노 게이고,철학,23793
98,B7597,55,49,2025-08-25 13:05:00,0,0,0,책 제목 504,무라카미 하루키,역사,24069
34,B3938,177,95,2025-08-15 14:24:26,1,0,1,책 제목 952,베르나르 베르베르,로맨스,17240
49,B2597,54,14,2025-08-02 10:57:31,0,0,0,책 제목 426,조정래,철학,22703
16,B1695,71,25,2025-08-30 03:42:09,0,0,0,책 제목 183,공지영,에세이,11416
82,B6206,114,80,2025-08-12 16:09:19,1,0,1,책 제목 288,공지영,자기계발,20582
75,B5759,57,38,2025-08-21 06:08:13,0,0,0,책 제목 796,한강,철학,17095
90,B6339,274,79,2025-08-27 22:47:56,1,1,1,책 제목 552,공지영,철학,19137
8,B4079,97,38,2025-08-30 22:09:07,0,0,0,책 제목 222,조정래,SF,17170
53,B3556,37,13,2025-08-15 03:55:59,0,0,0,책 제목 404,김훈,SF,17690
64,B4898,72,39,2025-08-25 22:07:48,0,0,0,책 제목 131,베르나르 베르베르,에세이,23161
26,B5192,157,72,2025-08-27 22:12:21,1,0,1,책 제목 134,한강,추리,15249
63,B8787,30,27,2025-08-06 01:54:26,0,0,0,책 제목 638,공지영,자기계발,20346
16,B1595,77,5,2025-08-12 16:34:25,0,0,0,책 제목 226,조정래,철학,21725
75,B4969,29,41,2025-08-24 02:07:17,0,0,0,책 제목 594,히가시노 게이고,추리,14858
67,B3590,285,90,2025-08-28 02:01:26,1,1,1,책 제목 180,조정래,철학,16686
50,B4531,41,1,2025-08-12 15:30:47,0,0,0,책 제목 329,베르나르 베르베르,에세이,11189
30,B5539,201,75,2025-08-28 11:09:08,1,1,1,책 제목 998,공지영,소설,15103
17,B2348,67,48,2025-08-27 05:13:22,0,0,0,책 제목 881,정세랑,로맨스,11178
82,B3953,127,79,2025-08-13 12:41:12,1,0,1,책 제목 352,정세랑,철학,13510
52,B9901,213,83,2025-08-23 04:22:25,1,1,1,책 제목 785,한강,SF,10968
30,B7468,17,17,2025-08-09 03:05:56,0,0,0,책 제목 902,공지영,추리,18559
49,B5197,53,42,2025-08-08 14:12:00,0,0,0,책 제목 524,조정래,자기계발,19522
36,B1054,94,15,2025-08-12 09:57:55,0,0,0,책 제목 923,한강,추리,14576
92,B3211,100,90,2025-08-17 09:37:57,1,0,1,책 제목 518,조정래,자기계발,13330
25,B1735,233,82,2025-08-17 09:58:34,1,0,1,책 제목 996,조정래,에세이,11677
99,B4591,222,92,2025-08-01 13:54:58,1,0,1,책 제목 78,공지영,로맨스,23865
83,B2103,58,13,2025-08-10 15:40:30,0,0,0,책 제목 790,베르나르 베르베르,에세이,21624
53,B7241,30,49,2025-08-17 08:54:07,0,0,0,책 제목 966,조정래,추리,11308
37,B6322,23,17,2025-08-29 09:44:04,0,0,0,책 제목 468,한강,추리,14957
27,B1808,31,6,2025-08-26 10:52:14,0,0,0,책 제목 516,조정래,추리,24102
88,B8023,11,41,2025-08-10 19:51:44,0,0,0,책 제목 197,베르나르 베르베르,SF,20844
37,B2535,156,99,2025-08-17 18:12:27,1,1,1,책 제목 414,조정래,소설,23839
34,B9747,217,70,2025-08-16 01:49:09,1,1,1,책 제목 154,공지영,역사,14569
55,B4402,64,18,2025-08-05 00:23:10,0,0,0,책 제목 31,무라카미 하루키,로맨스,11089
66,B2127,68,30,2025-08-10 01:45:30,0,0,0,책 제목 184,정세랑,소설,20731
29,B5676,185,91,2025-08-15 15:38:18,1,0,1,책 제목 359,공지영,자기계발,19560
44,B1416,81,3,2025-08-09 18:26:40,0,0,0,책 제목 490,공지영,소설,19307
88,B1360,289,73,2025-08-13 02:46:37,1,0,1,책 제목 702,공지영,로맨스,23103
45,B8407,90,43,2025-08-26 14:09:40,0,0,0,책 제목 992,김훈,철학,19164
18,B4328,269,73,2025-08-23 05:40:14,1,1,1,책 제목 164,무라카미 하루키,로맨스,13738
16,B9378,180,72,2025-08-04 21:42:49,1,0,1,책 제목 707,조정래,추리,22046
48,B4591,87,22,2025-08-10 01:34:18,0,0,0,책 제목 980,베르나르 베르베르,소설,22839
22,B2944,264,93,2025-08-10 08:22:24,1,1,1,책 제목 739,정세랑,자기계발,21456
43,B1742,268,86,2025-08-09 14:24:48,1,0,1,책 제목 68,무라카미 하루키,자기계발,21467
7,B9968,18,9,2025-08-05 13:13:06,0,0,0,책 제목 88,무라카미 하루키,소설,19096
21,B1123,69,24,2025-08-10 20:43:44,0,0,0,책 제목 168,베르나르 베르베르,SF,10671
80,B9212,26,42,2025-08-12 15:52:16,0,0,0,책 제목 487,한강,에세이,18771
20,B9065,203,92,2025-08-24 10:06:55,1,0,1,책 제목 181,공지영,로맨스,20178
52,B2391,91,49,2025-08-05 12:32:12,0,0,0,책 제목 875,한강,철학,20939
28,B6612,202,90,2025-08-23 07:20:05,1,0,1,책 제목 151,무라카미 하루키,자기계발,15891
3,B1735,44,32,2025-08-07 16:06:35,0,0,0,책 제목 148,조정래,로맨스,11018
85,B9634,189,85,2025-08-02 18:50:26,1,1,1,책 제목 397,베르나르 베르베르,자기계발,19241
10,B6987,168,84,2025-08-01 21:53:01,1,1,1,책 제목 585,베르나르 베르베르,자기계발,21251
17,B3297,68,36,2025-08-13 17:11:42,0,0,0,책 제목 471,베르나르 베르베르,추리,14161
64,B2341,84,30,2025-08-03 17:07:36,0,0,0,책 제목 355,히가시노 게이고,철학,24893
15,B6198,13,28,2025-08-19 10:56:15,0,0,0,책 제목 780,김훈,로맨스,15097
32,B4321,41,18,2025-08-27 15:16:14,0,0,0,책 제목 315,김훈,자기계발,19947
11,B2940,75,16,2025-08-19 11:36:03,0,0,0,책 제목 312,한강,철학,16567
92,B8635,162,77,2025-08-30 05:23:30,1,1,1,책 제목 443,무라카미 하루키,추리,19062
81,B2051,270,96,2025-08-15 11:15:55,1,1,1,책 제목 916,정세랑,에세이,23050
38,B4507,184,94,2025-08-22 05:41:47,1,1,1,책 제목 340,김훈,SF,22654
38,B8488,116,77,2025-08-02 21:17:18,1,0,1,책 제목 784,히가시노 게이고,자기계발,17009
47,B1683,55,2,2025-08-29 06:15:24,0,0,0,책 제목 411,한강,철학,12379
51,B2935,204,91,2025-08-06 03:31:58,1,1,1,책 제목 650,히가시노 게이고,자기계발,22708
37,B2535,44,32,2025-08-12 06:55:15,0,0,0,책 제목 333,조정래,소설,15261
95,B8425,73,23,2025-08-01 13:55:51,0,0,0,책 제목 147,히가시노 게이고,자기계발,11848
25,B4832,124,79,2025-08-09 14:52:28,1,0,1,책 제목 889,정세랑,소설,16410
37,B5447,259,94,2025-08-14 05:02:20,1,0,1,책 제목 289,한강,에세이,14422
31,B8159,251,77,2025-08-12 19:43:56,1,1,1,책 제목 626,한강,철학,18328
49,B5799,260,90,2025-08-10 18:51:14,1,1,1,책 제목 296,히가시노 게이고,자기계발,11715
73,B4864,72,37,2025-08-04 21:19:43,0,0,0,책 제목 55,조정래,SF,22998
38,B2789,60,46,2025-08-15 21:34:16,0,0,0,책 제목 706,무라카미 하루키,추리,20426
rose1223,1,100,33,2025-08-03T14:35:22,1,0,1,트렌드 코리아 2026,"김난도, 전미영, 최지혜, 권정윤, 한다혜, 이혜원, 이수진, 서유현, 전다현, 이준영, 이향은, 김나은 (지은이)",경제경영,18000.0
rose1223,2,60,53,2025-08-03T14:35:22,1,0,1,박곰희 연금 부자 수업,박곰희 (지은이),경제경영,18900.0
rose1223,4,80,129,2025-08-03T14:35:22,0,1,1,워런 버핏 바이블 완결판,"워런 버핏, 리처드 코너스 (지은이), 이건 (옮긴이)",경제경영,34200.0
rose1223,1,100,33,2025-08-03T14:35:22,1,0,1,트렌드 코리아 2026,"김난도, 전미영, 최지혜, 권정윤, 한다혜, 이혜원, 이수진, 서유현, 전다현, 이준영, 이향은, 김나은 (지은이)",경제경영,18000.0
rose1223,2,60,53,2025-08-03T14:35:22,1,0,1,박곰희 연금 부자 수업,박곰희 (지은이),경제경영,18900.0
rose1223,4,80,129,2025-08-03T14:35:22,0,1,1,워런 버핏 바이블 완결판,"워런 버핏, 리처드 코너스 (지은이), 이건 (옮긴이)",경제경영,34200.0
rose1223,1,100,33,2025-08-03T14:35:22,1,0,1,트렌드 코리아 2026,"김난도, 전미영, 최지혜, 권정윤, 한다혜, 이혜원, 이수진, 서유현, 전다현, 이준영, 이향은, 김나은 (지은이)",경제경영,18000.0
rose1223,2,60,53,2025-08-03T14:35:22,1,0,1,박곰희 연금 부자 수업,박곰희 (지은이),경제경영,18900.0
rose1223,4,80,129,2025-08-03T14:35:22,0,1,1,워런 버핏 바이블 완결판,"워런 버핏, 리처드 코너스 (지은이), 이건 (옮긴이)",경제경영,34200.0
